NAME_CONTRACT_TYPE,CODE_GENDER,FLAG_OWN_CAR,FLAG_OWN_REALTY,CNT_CHILDREN,AMT_INCOME_TOTAL,AMT_CREDIT,AMT_ANNUITY,AMT_GOODS_PRICE,NAME_TYPE_SUITE,NAME_INCOME_TYPE,NAME_EDUCATION_TYPE,NAME_FAMILY_STATUS,NAME_HOUSING_TYPE,REGION_POPULATION_RELATIVE,DAYS_REGISTRATION,DAYS_ID_PUBLISH,FLAG_MOBIL,FLAG_EMP_PHONE,FLAG_WORK_PHONE,FLAG_CONT_MOBILE,FLAG_PHONE,FLAG_EMAIL,OCCUPATION_TYPE,CNT_FAM_MEMBERS,REGION_RATING_CLIENT,REGION_RATING_CLIENT_W_CITY,WEEKDAY_APPR_PROCESS_START,HOUR_APPR_PROCESS_START,REG_REGION_NOT_LIVE_REGION,REG_REGION_NOT_WORK_REGION,LIVE_REGION_NOT_WORK_REGION,REG_CITY_NOT_LIVE_CITY,REG_CITY_NOT_WORK_CITY,LIVE_CITY_NOT_WORK_CITY,ORGANIZATION_TYPE,EXT_SOURCE_2,EXT_SOURCE_3,OBS_30_CNT_SOCIAL_CIRCLE,DEF_30_CNT_SOCIAL_CIRCLE,OBS_60_CNT_SOCIAL_CIRCLE,DEF_60_CNT_SOCIAL_CIRCLE,DAYS_LAST_PHONE_CHANGE,FLAG_DOCUMENT_2,FLAG_DOCUMENT_3,FLAG_DOCUMENT_4,FLAG_DOCUMENT_5,FLAG_DOCUMENT_6,FLAG_DOCUMENT_7,FLAG_DOCUMENT_8,FLAG_DOCUMENT_9,FLAG_DOCUMENT_10,FLAG_DOCUMENT_11,FLAG_DOCUMENT_12,FLAG_DOCUMENT_13,FLAG_DOCUMENT_14,FLAG_DOCUMENT_15,FLAG_DOCUMENT_16,FLAG_DOCUMENT_17,FLAG_DOCUMENT_18,FLAG_DOCUMENT_19,FLAG_DOCUMENT_20,FLAG_DOCUMENT_21,AMT_REQ_CREDIT_BUREAU_HOUR,AMT_REQ_CREDIT_BUREAU_DAY,AMT_REQ_CREDIT_BUREAU_WEEK,AMT_REQ_CREDIT_BUREAU_MON,AMT_REQ_CREDIT_BUREAU_QRT,AMT_REQ_CREDIT_BUREAU_YEAR,AGE_YEARS,EMPLOYED_YEARS,DEBT_TO_INCOME,ANNUITY_TO_INCOME,CREDIT_TO_INCOME
0,1,1,1,0,270000.0,1031053.5,34204.5,783000.0,6,1,1,1,1,0.006233,-2549.0,-331,1,1,0,1,0,0,8,2.0,2,2,4,10,0,0,0,0,0,0,5,0.5664555614792242,0.4776491548517548,5.0,2.0,5.0,2.0,-1457.0,0,1,0,0,0,0,0,0,0,0,0,0,0,0,0,0,0,0,0,0,0.0,0.0,0.0,2.0,0.0,3.0,46,1,3.818702523323988,0.1266828641375402,3.818702523323988
0,0,0,0,1,157500.0,450000.0,42075.0,450000.0,6,1,1,2,1,0.010147,-10275.0,-3625,1,1,1,1,1,0,0,2.0,2,2,0,16,0,0,0,0,0,0,5,0.6167044926577011,0.5352762504724826,2.0,0.0,1.0,0.0,-993.0,0,0,0,0,0,0,0,0,0,1,0,0,0,0,0,0,0,0,0,0,0.0,0.0,0.0,0.0,0.0,1.0,32,0,2.8571247166684657,0.2671411610085015,2.8571247166684657
0,0,0,0,0,112500.0,195543.0,13198.5,148500.0,6,7,4,3,1,0.025164,-2986.0,-5106,1,1,0,1,0,1,1,1.0,2,2,2,8,0,0,0,0,0,0,7,0.2537027169222681,0.5352762504724826,6.0,0.0,6.0,0.0,0.0,0,1,0,0,0,0,0,0,0,0,0,0,0,0,0,0,0,0,0,0,0.0,0.0,0.0,0.0,0.0,1.0,41,1,1.7381445498262238,0.1173189571648252,1.7381445498262238
0,0,0,1,0,99000.0,229500.0,14796.0,229500.0,6,3,4,1,1,0.028663,-1638.0,-4163,1,0,0,1,0,1,18,2.0,2,2,5,10,0,0,0,0,0,0,57,0.1076471223032718,0.1082263226697141,3.0,1.0,3.0,0.0,-1134.0,0,1,0,0,0,0,0,0,0,0,0,0,0,0,0,0,0,0,0,0,0.0,0.0,0.0,0.0,1.0,7.0,59,0,2.318158402440379,0.1494530358279209,2.318158402440379
0,1,1,1,0,405000.0,450000.0,30442.5,450000.0,6,7,4,1,1,0.028663,-4107.0,-2875,1,1,0,1,0,0,8,2.0,2,2,2,14,0,0,0,1,1,1,55,0.2637121590663828,0.1575949986663102,6.0,1.0,6.0,1.0,-298.0,0,0,0,0,0,0,1,0,0,0,0,0,0,0,0,0,0,0,0,0,0.0,0.0,0.0,1.0,0.0,3.0,29,2,1.1111083676336602,0.0751664810704171,1.1111083676336602
0,0,0,1,0,99000.0,684000.0,20128.5,684000.0,6,1,4,1,1,0.026392,-1842.0,-4277,1,1,0,1,0,0,3,2.0,2,2,4,16,0,0,0,0,0,0,28,0.6897054999193545,0.7001838506835805,0.0,0.0,0.0,0.0,-1589.0,0,1,0,0,0,0,0,0,0,0,0,0,0,0,0,0,0,0,0,0,0.0,0.0,0.0,5.0,0.0,1.0,42,5,6.909021120998778,0.2033161281199179,6.909021120998778
0,0,1,1,0,108000.0,288873.0,16258.5,238500.0,1,7,4,1,1,0.006207,-6581.0,-2831,1,1,0,1,0,0,3,2.0,2,2,3,11,0,0,0,0,0,0,20,0.3605827703387404,0.6642482627052363,0.0,0.0,0.0,0.0,-1176.0,0,1,0,0,0,0,0,0,0,0,0,0,0,0,0,0,0,0,0,0,0.0,0.0,0.0,0.0,0.0,3.0,53,0,2.674725234025611,0.1505402727752521,2.674725234025611
0,0,1,0,1,112500.0,727785.0,23476.5,607500.0,6,4,4,0,1,0.0228,-3703.0,-5222,1,1,0,1,0,0,2,3.0,2,2,6,13,0,0,0,0,1,1,28,0.1291535289656303,0.5352762504724826,4.0,0.0,4.0,0.0,-1152.0,0,1,0,0,0,0,0,0,0,0,0,0,0,0,0,0,0,0,0,0,0.0,0.0,0.0,0.0,0.0,1.0,34,4,6.469142496511142,0.2086781450831548,6.469142496511142
0,0,0,0,1,135000.0,256500.0,13027.5,256500.0,6,7,4,0,1,0.018209,-1752.0,-4154,1,1,1,1,0,0,8,3.0,3,3,6,14,0,0,0,0,1,1,5,0.3217258077364456,0.6178261467332483,0.0,0.0,0.0,0.0,-1622.0,0,1,0,0,0,0,0,0,0,0,0,0,0,0,0,0,0,0,0,0,0.0,0.0,0.0,0.0,0.0,1.0,38,5,1.8999859260301772,0.09649928519048,1.8999859260301772
0,1,1,0,0,607500.0,2466954.0,70830.0,2205000.0,1,1,4,1,1,0.0060079999999999,-2253.0,-3031,1,1,0,1,0,0,8,2.0,2,2,1,14,0,0,0,0,0,0,5,0.5952806612023652,0.1566398270314114,0.0,0.0,0.0,0.0,-3.0,0,1,0,0,0,0,0,0,0,0,0,0,0,0,0,0,0,0,0,0,0.0,0.0,0.0,0.0,0.0,0.0,61,12,4.060822945147415,0.1165924006709454,4.060822945147415
0,1,0,0,1,112500.0,269550.0,13095.0,225000.0,6,3,4,1,1,0.020246,-466.0,-5011,1,0,0,1,0,0,18,3.0,3,3,2,5,0,0,0,0,0,0,57,0.4910863212999736,0.4650692149562261,3.0,0.0,3.0,0.0,-1607.0,0,1,0,0,0,0,0,0,0,0,0,0,0,0,0,0,0,0,0,0,0.0,0.0,0.0,0.0,0.0,4.0,59,0,2.395978702411534,0.1163989653425302,2.395978702411534
1,1,1,0,0,157500.0,180000.0,9000.0,180000.0,6,7,1,1,1,0.020713,-1199.0,-3491,1,1,0,1,0,0,18,2.0,3,3,2,10,0,0,0,0,1,1,5,0.5799892627016899,0.5513812618027899,6.0,0.0,6.0,0.0,-486.0,0,0,0,0,0,0,0,0,0,0,0,0,0,0,0,0,0,0,0,0,0.0,0.0,0.0,0.0,0.0,8.0,29,1,1.1428498866673862,0.0571424943333693,1.1428498866673862
0,0,0,1,1,99000.0,814041.0,23800.5,679500.0,6,7,1,1,1,0.00712,-4421.0,-96,1,1,1,1,0,0,3,3.0,2,2,1,10,0,0,0,0,1,1,39,0.4711468983580816,0.5352762504724826,0.0,0.0,0.0,0.0,-822.0,0,1,0,0,0,0,0,0,0,0,0,0,0,0,0,0,0,0,0,0,0.0,0.0,0.0,0.0,0.0,1.0,45,4,8.222553307542348,0.240406662558964,8.222553307542348
0,0,0,1,0,135000.0,254700.0,14350.5,225000.0,6,3,1,3,1,0.01885,-12831.0,-4102,1,0,0,1,1,0,18,1.0,2,2,0,16,0,0,0,0,0,0,57,0.6967598992249242,0.6430255641096323,4.0,0.0,4.0,0.0,-674.0,0,1,0,0,0,0,0,0,0,0,0,0,0,0,0,0,0,0,0,0,0.0,0.0,0.0,0.0,0.0,2.0,67,0,1.886652691461545,0.1062992125984252,1.886652691461545
0,0,0,1,0,81000.0,189000.0,9220.5,189000.0,5,7,4,0,1,0.018209,-799.0,-931,1,1,0,1,0,0,14,2.0,3,3,2,8,0,0,0,0,1,1,42,0.5244685480374183,0.5352762504724826,1.0,0.0,1.0,0.0,-2667.0,0,1,0,0,0,0,0,0,0,0,0,0,0,0,0,0,0,0,0,0,0.0,0.0,0.0,0.0,0.0,1.0,47,3,2.333304527104604,0.1138319280008888,2.333304527104604
0,1,1,1,0,225000.0,894766.5,29700.0,679500.0,6,7,4,1,2,0.004849,-4559.0,-1477,1,1,0,1,0,0,8,2.0,2,2,1,12,0,1,1,0,0,0,55,0.6304697498939843,0.5370699579791587,1.0,0.0,1.0,0.0,-2341.0,0,1,0,0,0,0,0,0,0,0,0,0,0,0,0,0,0,0,0,0,0.0,0.0,0.0,0.0,0.0,0.0,49,13,3.9767223256785527,0.1319994133359407,3.9767223256785527
0,0,1,0,0,45000.0,490495.5,26131.5,454500.0,6,3,4,1,1,0.030755,-9270.0,-4395,1,0,0,1,1,0,18,2.0,2,2,2,16,0,0,0,0,0,0,57,0.3299540705288148,0.6879328378491735,2.0,0.0,2.0,0.0,-717.0,0,1,0,0,0,0,0,0,0,0,0,0,0,0,0,0,0,0,0,0,0.0,0.0,0.0,0.0,0.0,1.0,60,0,10.899657785382548,0.5806870958423146,10.899657785382548
0,0,0,1,2,157500.0,432567.0,22216.5,328500.0,6,7,4,2,1,0.010032,-7380.0,-4841,1,1,0,1,0,0,6,3.0,2,2,2,4,0,0,0,0,0,0,5,0.1125550022062699,0.6313545365850379,1.0,0.0,1.0,0.0,0.0,0,1,0,0,0,0,0,0,0,0,0,0,0,0,0,0,0,0,0,0,0.0,0.0,0.0,0.0,0.0,1.0,38,1,2.7464397051447293,0.1410562472619221,2.7464397051447293
0,0,0,1,0,360000.0,583834.5,24867.0,504000.0,1,7,4,3,2,0.04622,-11684.0,-1170,1,1,0,1,0,0,12,1.0,1,1,6,16,0,1,1,0,0,0,42,0.5901390260730781,0.722392890081304,1.0,0.0,1.0,0.0,-1858.0,0,1,0,0,0,0,0,0,0,0,0,0,0,0,0,0,0,0,0,0,0.0,0.0,0.0,1.0,0.0,4.0,48,9,1.6217579951166805,0.0690748081255329,1.6217579951166805
0,0,0,1,0,225000.0,1800000.0,47614.5,1800000.0,6,7,1,1,1,0.018634,-7529.0,-18,1,1,0,1,0,0,10,2.0,2,2,5,16,0,0,0,0,0,0,42,0.662512982842065,0.5352762504724826,2.0,0.0,2.0,0.0,-73.0,0,1,0,0,0,0,0,0,0,0,0,0,0,0,1,0,0,0,0,0,0.0,0.0,0.0,0.0,2.0,0.0,27,3,7.999964444602468,0.2116190594708468,7.999964444602468
0,0,0,1,0,99000.0,298512.0,16798.5,270000.0,6,7,4,2,1,0.020246,-2128.0,-4410,1,1,1,1,0,0,16,1.0,3,3,5,9,0,0,0,0,0,0,5,0.439330011315448,0.6594055320683344,1.0,0.0,1.0,0.0,-1535.0,0,1,0,0,0,0,0,0,0,0,0,0,0,0,0,0,0,0,0,0,0.0,0.0,0.0,0.0,0.0,1.0,62,10,3.015242270280098,0.1696801042413713,3.015242270280098
1,0,0,1,0,90000.0,247500.0,12375.0,247500.0,6,7,4,5,1,0.0196889999999999,-8798.0,-343,1,1,0,1,0,0,18,1.0,2,2,5,9,0,0,0,0,0,0,4,0.6334806598217968,0.6006575372857061,0.0,0.0,0.0,0.0,-525.0,0,0,0,0,0,0,0,0,0,0,0,0,0,0,0,0,0,0,0,0,0.0,0.0,0.0,0.0,0.0,9.0,46,6,2.7499694447839467,0.1374984722391973,2.7499694447839467
0,0,0,1,1,81450.0,654498.0,26086.5,585000.0,1,3,4,1,1,0.035792,-182.0,-994,1,0,0,1,1,0,18,3.0,2,2,5,17,0,0,0,0,0,0,57,0.5122780622412267,0.5082869913916046,0.0,0.0,0.0,0.0,-487.0,0,1,0,0,0,0,0,0,0,0,0,0,0,0,0,0,0,0,0,0,0.0,0.0,0.0,1.0,0.0,0.0,41,0,8.035481455107979,0.3202723109599636,8.035481455107979
0,1,1,1,2,450000.0,473760.0,53581.5,450000.0,6,1,1,1,1,0.010643,-1384.0,-107,1,1,0,1,0,0,10,4.0,2,2,0,13,1,1,0,1,1,0,53,0.7817051726829005,0.5316861425197883,0.0,0.0,0.0,0.0,-1691.0,0,1,0,0,0,0,0,0,0,0,0,0,0,0,0,0,0,0,0,0,0.0,0.0,0.0,0.0,0.0,0.0,45,12,1.0527976604496434,0.119069735400588,1.0527976604496434
0,0,0,1,1,112500.0,781920.0,61906.5,675000.0,6,7,4,1,1,0.018029,-5137.0,-4128,1,1,0,1,0,0,14,3.0,3,3,6,9,0,0,0,0,0,0,5,0.5673092443849764,0.6161216908872079,2.0,0.0,2.0,0.0,-618.0,0,1,0,0,0,0,0,0,0,0,0,0,0,0,0,0,0,0,0,0,0.0,0.0,0.0,0.0,0.0,2.0,34,12,6.950338219215829,0.5502751086657007,6.950338219215829
0,0,0,1,0,81000.0,508495.5,21672.0,454500.0,6,3,4,1,1,0.003813,-4674.0,-4679,1,0,0,1,1,0,18,2.0,2,2,1,7,0,0,0,0,0,0,57,0.4970607275632262,0.7194907850918436,0.0,0.0,0.0,0.0,-1789.0,0,0,0,0,1,0,0,0,0,0,0,0,0,0,0,0,0,0,0,0,0.0,0.0,0.0,0.0,1.0,2.0,62,0,6.27764472043555,0.2675522524413279,6.27764472043555
0,0,0,1,1,292500.0,532494.0,38880.0,454500.0,6,1,1,1,1,0.072508,-6869.0,-2002,1,1,0,1,1,0,3,3.0,1,1,4,18,0,0,0,0,0,0,11,0.7434493930663935,0.4740512892789932,3.0,0.0,3.0,0.0,-954.0,0,1,0,0,0,0,0,0,0,0,0,0,0,0,0,0,0,0,0,0,0.0,0.0,1.0,0.0,0.0,2.0,35,3,1.8204860838082604,0.1329226224867607,1.8204860838082604
0,0,1,1,0,112500.0,1086426.0,46161.0,931500.0,1,7,4,1,1,0.022625,-7899.0,-1427,1,1,0,1,0,1,8,2.0,2,2,0,12,0,0,0,0,1,1,3,0.59998692849535,0.8027454758994178,0.0,0.0,0.0,0.0,-1476.0,0,1,0,0,0,0,0,0,0,0,0,0,0,0,0,0,0,0,0,0,0.0,0.0,0.0,0.0,0.0,2.0,49,6,9.65703415969636,0.4103163527435312,9.65703415969636
0,1,1,0,0,112500.0,423000.0,12253.5,423000.0,3,7,4,3,5,0.026392,-5460.0,-4018,1,1,0,1,0,0,4,1.0,2,2,5,11,0,0,0,0,0,0,42,0.7239605229385303,0.5352762504724826,2.0,0.0,2.0,0.0,-574.0,0,1,0,0,0,0,0,0,0,0,0,1,0,0,0,0,0,0,0,0,0.0,0.0,0.0,0.0,0.0,0.0,32,4,3.7599665780748617,0.1089190318308281,3.7599665780748617
0,1,0,1,0,180000.0,629325.0,26793.0,562500.0,6,7,4,1,1,0.035792,-7215.0,-4030,1,1,0,1,0,0,8,2.0,2,2,3,12,0,0,0,0,0,0,11,0.2629952143123565,0.0902209392907684,1.0,0.0,1.0,0.0,-543.0,0,1,0,0,0,0,0,0,0,0,0,0,0,0,0,0,0,0,0,0,0.0,0.0,0.0,0.0,0.0,0.0,42,2,3.496230576496797,0.1488491730601496,3.496230576496797
0,0,0,1,0,112500.0,752742.0,40234.5,697500.0,1,1,1,0,1,0.031329,-11377.0,-4580,1,1,0,1,0,0,11,2.0,2,2,4,15,0,0,0,0,0,0,5,0.7374101689092759,0.7338145369642702,4.0,2.0,4.0,1.0,-1160.0,0,1,0,0,0,0,0,0,0,0,0,0,0,0,0,0,0,0,0,0,0.0,0.0,0.0,0.0,1.0,1.0,63,15,6.690980524617559,0.3576368210060355,6.690980524617559
0,1,0,1,0,103500.0,286704.0,20992.5,247500.0,6,3,4,1,1,0.019101,-12356.0,-4468,1,0,0,1,0,0,18,2.0,2,2,2,9,0,0,0,0,0,0,57,0.2467856705956364,0.6313545365850379,7.0,0.0,7.0,0.0,0.0,0,1,0,0,0,0,0,0,0,0,0,0,0,0,0,0,0,0,0,0,0.0,0.0,0.0,1.0,0.0,4.0,60,0,2.770060192655144,0.2028241273031178,2.770060192655144
0,0,0,1,1,81000.0,73944.0,3726.0,58500.0,6,1,1,1,5,0.025164,-7335.0,-1160,1,1,0,1,0,0,3,3.0,2,2,5,16,0,0,0,1,1,0,11,0.5317382171189948,0.4170996682522097,0.0,0.0,0.0,0.0,-1737.0,0,1,0,0,0,0,0,0,0,0,0,0,0,0,0,0,0,0,0,0,0.0,0.0,0.0,0.0,0.0,2.0,25,0,0.9128776187948296,0.0459994321057764,0.9128776187948296
1,1,1,1,1,135000.0,270000.0,13500.0,270000.0,6,1,1,2,1,0.025164,-8007.0,-4709,1,1,0,1,0,0,10,2.0,2,2,1,13,0,0,0,0,0,0,5,0.4187417914125539,0.1862929496555374,0.0,0.0,0.0,0.0,0.0,0,0,0,0,0,0,0,0,0,0,0,0,0,0,0,0,0,0,0,0,0.0,0.0,0.0,0.0,0.0,4.0,38,5,1.999985185294924,0.0999992592647461,1.999985185294924
0,0,1,1,1,180000.0,733315.5,40945.5,679500.0,1,7,1,2,1,0.008575,-1436.0,-364,1,1,1,1,1,0,3,2.0,2,2,4,18,0,0,0,0,0,0,33,0.7559384805235027,0.4740512892789932,2.0,0.0,2.0,0.0,-727.0,0,1,0,0,0,0,0,0,0,0,0,0,0,0,0,0,0,0,0,0,0.0,0.0,0.0,0.0,0.0,0.0,31,9,4.073952366931295,0.2274737362570208,4.073952366931295
0,1,1,0,0,157500.0,816660.0,21672.0,585000.0,6,1,1,1,1,0.01885,-9346.0,-3971,1,1,0,1,0,0,4,2.0,2,2,2,15,0,0,0,0,0,0,42,0.5793072569290726,0.6178261467332483,0.0,0.0,0.0,0.0,-4.0,0,1,0,0,0,0,0,0,0,0,0,0,0,0,1,0,0,0,0,0,0.0,0.0,0.0,0.0,0.0,0.0,44,0,5.185109935809932,0.1375991263547533,5.185109935809932
0,0,1,0,0,112500.0,1035832.5,33412.5,904500.0,6,7,4,1,1,0.035792,-2671.0,-3665,1,1,1,1,0,0,6,2.0,2,2,5,12,0,0,0,0,0,0,42,0.3544848894942008,0.7910749129911773,0.0,0.0,0.0,0.0,0.0,0,1,0,0,0,0,0,0,0,0,0,0,0,0,0,0,0,0,0,0,0.0,0.0,0.0,0.0,0.0,2.0,30,5,9.207318157171937,0.2969973600234664,9.207318157171937
0,1,0,1,2,135000.0,1072809.0,31495.5,895500.0,6,7,4,1,1,0.004849,-9606.0,-3467,1,1,0,1,0,0,8,4.0,2,2,2,10,0,0,0,0,0,0,5,0.0695332457571154,0.816092360478441,0.0,0.0,0.0,0.0,-1316.0,0,1,0,0,0,0,0,0,0,0,0,0,0,0,0,0,0,0,0,0,0.0,0.0,0.0,0.0,1.0,0.0,54,16,7.9466744690780065,0.2332982718646528,7.9466744690780065
0,0,0,1,1,270000.0,539100.0,29245.5,450000.0,6,7,1,1,1,0.018801,-579.0,-2898,1,1,0,1,0,0,0,3.0,2,2,6,7,0,0,0,0,0,0,5,0.5581998594178403,0.2707073872651806,0.0,0.0,0.0,0.0,-596.0,0,1,0,0,0,0,0,0,0,0,0,0,0,0,0,0,0,0,0,0,0.0,0.0,0.0,1.0,0.0,2.0,33,4,1.9966592716323277,0.1083162654953129,1.9966592716323277
0,1,1,1,0,144000.0,437076.0,34452.0,405000.0,6,1,2,1,1,0.035792,-6003.0,-3968,1,1,0,1,0,0,4,2.0,2,2,5,17,0,0,0,0,0,0,5,0.5914818123478429,0.5352762504724826,0.0,0.0,0.0,0.0,-1503.0,0,1,0,0,0,0,0,0,0,0,0,0,0,0,0,0,0,0,0,0,0.0,0.0,0.0,0.0,0.0,1.0,32,1,3.035228922021375,0.2392483385532045,3.035228922021375
0,0,0,0,2,225000.0,1006920.0,39933.0,900000.0,6,4,4,1,1,0.020713,-1295.0,-1316,1,1,0,1,0,0,3,4.0,3,3,0,15,0,0,0,0,0,0,39,0.5945376029240257,0.5531646987710016,0.0,0.0,0.0,0.0,-1275.0,0,1,0,0,0,0,0,0,0,0,0,0,0,0,0,0,0,0,0,0,0.0,0.0,0.0,0.0,0.0,0.0,33,5,4.475180110310621,0.1774792112035057,4.475180110310621
0,0,0,1,0,270000.0,284400.0,16011.0,225000.0,6,7,1,1,1,0.072508,-613.0,-4176,1,1,0,1,0,0,18,2.0,1,1,1,12,0,0,0,0,0,0,33,0.7508069976457085,0.4884551844437485,0.0,0.0,0.0,0.0,-811.0,0,1,0,0,0,0,0,0,0,0,0,0,0,0,0,0,0,0,0,0,0.0,0.0,0.0,0.0,1.0,3.0,67,11,1.0533294321132145,0.0592997803711838,1.0533294321132145
0,0,0,1,2,202500.0,755190.0,36328.5,675000.0,6,1,4,3,1,0.04622,-1810.0,-2039,1,1,1,1,0,0,10,3.0,1,1,1,13,0,1,1,0,1,1,5,0.7274775181561209,0.5814837058057234,0.0,0.0,0.0,0.0,-853.0,0,1,0,0,0,0,0,0,0,0,0,0,0,0,0,0,0,0,0,0,0.0,0.0,0.0,0.0,0.0,0.0,50,1,3.729314916963373,0.179399114078449,3.729314916963373
1,1,1,1,0,225000.0,630000.0,31500.0,630000.0,6,3,1,1,1,0.007114,-3573.0,-4833,1,0,0,1,1,0,18,2.0,2,2,1,17,0,0,0,0,0,0,57,0.6588509891421774,0.5352762504724826,0.0,0.0,0.0,0.0,-524.0,0,0,0,0,0,0,0,0,0,0,0,0,0,0,0,0,0,0,0,0,0.0,0.0,0.0,0.0,0.0,1.0,61,0,2.799987555610864,0.1399993777805432,2.799987555610864
0,1,0,1,1,202500.0,329904.0,22176.0,261000.0,6,7,4,1,1,0.00963,-4420.0,-2595,1,1,0,1,0,0,4,3.0,2,2,1,12,0,0,0,0,1,1,5,0.3234843828815721,0.3376727217405312,1.0,0.0,0.0,0.0,-266.0,0,1,0,0,0,0,0,0,0,0,0,0,0,0,0,0,0,0,0,0,0.0,0.0,0.0,0.0,1.0,1.0,27,1,1.6291475103826647,0.1095105703181712,1.6291475103826647
0,0,1,0,0,81000.0,157500.0,9765.0,157500.0,6,3,4,5,1,0.028663,-8881.0,-4486,1,0,0,1,0,0,18,1.0,2,2,1,11,0,0,0,0,0,0,57,0.7631864670374119,0.5280927512030451,8.0,2.0,8.0,1.0,-1856.0,0,0,0,0,1,0,0,0,0,0,0,0,0,0,0,0,0,0,0,0,0.0,0.0,0.0,0.0,0.0,4.0,60,0,1.9444204392538365,0.1205540672337378,1.9444204392538365
0,0,0,1,0,337500.0,1004791.5,56236.5,904500.0,1,7,4,1,1,0.020713,-5244.0,-5005,1,1,0,1,0,0,18,2.0,3,1,6,11,0,0,0,0,0,0,16,0.1741078314277469,0.2366108235287817,4.0,0.0,4.0,0.0,-357.0,0,1,0,0,0,0,0,0,0,0,0,0,0,0,0,0,0,0,0,0,0.0,0.0,0.0,0.0,0.0,2.0,43,15,2.977151178811322,0.1666261729594875,2.977151178811322
0,1,0,0,0,126000.0,675000.0,21906.0,675000.0,6,7,4,1,1,0.015221,-12828.0,-4568,1,1,0,1,0,0,16,2.0,2,2,0,10,0,0,0,1,1,1,33,0.4637000723080874,0.3523399726917038,0.0,0.0,0.0,0.0,-459.0,0,1,0,0,0,0,0,0,0,0,0,0,0,0,0,0,0,0,0,0,0.0,0.0,0.0,0.0,3.0,6.0,58,5,5.3571003404734885,0.1738557630494996,5.3571003404734885
0,0,0,0,0,171000.0,521280.0,20524.5,450000.0,6,7,1,1,1,0.00702,-1761.0,-662,1,1,0,1,1,0,0,2.0,2,2,6,18,0,0,0,0,0,0,5,0.6391534436592254,0.4241303111942548,0.0,0.0,0.0,0.0,-2301.0,0,1,0,0,0,0,0,0,0,0,0,0,0,0,1,0,0,0,0,0,0.0,0.0,0.0,0.0,0.0,0.0,47,4,3.0484032257121303,0.1200256138852989,3.0484032257121303
0,0,0,1,0,81000.0,761949.0,42673.5,697500.0,5,3,2,1,2,0.010006,-8954.0,-142,1,0,0,1,0,0,18,2.0,2,1,4,14,0,0,0,0,0,0,57,0.6032468730119583,0.3893387918468769,2.0,0.0,2.0,0.0,-2583.0,0,1,0,0,0,0,0,0,0,0,0,0,0,0,0,0,0,0,0,0,0.0,0.0,0.0,1.0,0.0,3.0,60,0,9.406661646152516,0.5268268292984037,9.406661646152516
0,1,1,1,3,112500.0,573628.5,27724.5,463500.0,6,7,4,1,1,0.035792,-2890.0,-4177,1,1,0,1,0,0,8,5.0,2,2,1,9,0,0,0,0,1,1,5,0.4011193337465812,0.7850520263728172,1.0,1.0,1.0,1.0,0.0,0,0,0,0,0,0,1,0,0,0,0,0,0,0,0,0,0,0,0,0,0.0,0.0,0.0,0.0,0.0,1.0,43,2,5.09887467666954,0.2464378094416938,5.09887467666954
0,1,1,0,0,270000.0,450000.0,21109.5,450000.0,6,7,1,1,1,0.028663,-3772.0,-3795,1,1,0,1,0,0,10,2.0,2,2,4,9,0,0,0,0,0,0,5,0.6408714724123011,0.7407990879702335,0.0,0.0,0.0,0.0,-2636.0,0,0,0,0,0,0,1,0,0,0,0,0,0,0,0,0,0,0,0,0,0.0,0.0,0.0,0.0,0.0,3.0,30,8,1.666660493850023,0.0781830437665045,1.666660493850023
0,0,0,0,0,135000.0,942300.0,30528.0,675000.0,6,1,4,5,1,0.035792,-2939.0,-3367,1,1,0,1,0,0,18,1.0,2,2,5,12,0,0,0,0,0,0,5,0.4162795178178845,0.5352762504724826,0.0,0.0,0.0,0.0,-1756.0,0,1,0,0,0,0,0,0,0,0,0,0,0,0,0,0,0,0,0,0,0.0,0.0,0.0,1.0,1.0,1.0,54,0,6.979948296679284,0.2261316582840127,6.979948296679284
0,1,1,1,0,112500.0,225000.0,11619.0,225000.0,6,7,4,3,1,0.0105,-5806.0,-3957,1,1,1,1,0,0,8,1.0,3,3,1,10,0,0,0,0,0,0,53,0.7093404672870021,0.5495965024956946,1.0,0.0,1.0,0.0,-1002.0,0,1,0,0,0,0,0,0,0,0,0,0,0,0,0,0,0,0,0,0,0.0,0.0,0.0,0.0,0.0,0.0,33,4,1.9999822223802453,0.1032790819637158,1.9999822223802453
0,1,1,0,2,180000.0,254700.0,27558.0,225000.0,6,1,1,1,1,0.022625,-426.0,-4220,1,1,0,1,0,0,6,4.0,2,2,1,9,0,0,0,0,0,0,5,0.7498689059346317,0.5567274263630174,0.0,0.0,0.0,0.0,-2190.0,0,0,0,0,0,0,1,0,0,0,0,0,0,0,0,0,0,0,0,0,0.0,0.0,0.0,2.0,0.0,2.0,39,6,1.4149921389325617,0.1530991494491697,1.4149921389325617
0,1,0,0,0,207000.0,1515415.5,41800.5,1354500.0,6,4,1,1,1,0.0105,-3895.0,-2411,1,1,0,1,1,0,18,2.0,3,3,2,13,0,0,0,0,0,0,41,0.6759539657003344,0.5046813193144684,1.0,0.0,1.0,0.0,-1963.0,0,1,0,0,0,0,0,0,0,0,0,0,0,0,0,0,0,0,0,0,0.0,0.0,0.0,1.0,0.0,1.0,51,29,7.320812459843189,0.2019338070830575,7.320812459843189
0,0,0,0,0,180000.0,450000.0,14755.5,450000.0,6,1,1,3,1,0.035792,-100.0,-3689,1,1,0,1,0,0,18,1.0,2,2,5,15,0,0,0,0,0,0,5,0.177274707469694,0.1538025863067176,0.0,0.0,0.0,0.0,-1.0,0,0,0,0,0,0,1,0,0,0,0,0,0,0,1,0,0,0,0,0,0.0,0.0,0.0,1.0,0.0,0.0,30,8,2.4999861111882717,0.0819745445858634,2.4999861111882717
1,0,1,0,0,270000.0,540000.0,27000.0,540000.0,6,7,1,3,1,0.04622,-2286.0,-1033,1,1,0,1,1,0,10,1.0,1,1,1,19,0,1,1,0,0,0,5,0.6814662547895417,0.5744466170995097,0.0,0.0,0.0,0.0,-630.0,0,0,0,0,0,0,0,0,0,0,0,0,0,0,0,0,0,0,0,0,0.0,0.0,0.0,0.0,0.0,2.0,37,0,1.9999925926200277,0.0999996296310013,1.9999925926200277
0,0,0,0,0,180000.0,904500.0,35869.5,904500.0,6,7,4,5,1,0.0066709999999999,-5676.0,-859,1,1,1,1,1,0,12,1.0,2,2,5,15,0,0,0,0,0,0,42,0.6787449460185663,0.5620604831738043,0.0,0.0,0.0,0.0,-719.0,0,1,0,0,0,0,0,0,0,0,0,0,0,0,0,0,0,0,0,0,0.0,0.0,0.0,2.0,0.0,0.0,47,14,5.024972083488425,0.1992738929228171,5.024972083488425
1,0,1,0,3,270000.0,675000.0,33750.0,675000.0,6,4,1,1,1,0.04622,-2760.0,-339,1,1,0,1,0,0,10,5.0,1,1,1,14,0,0,0,0,0,0,11,0.720389155464506,0.5352762504724826,1.0,0.0,1.0,0.0,-2122.0,0,0,0,0,0,0,0,0,0,0,0,0,0,0,0,0,0,0,0,0,0.0,0.0,0.0,0.0,0.0,1.0,46,7,2.499990740775034,0.1249995370387517,2.499990740775034
0,0,0,0,0,81000.0,144000.0,11304.0,144000.0,6,3,1,1,1,0.018801,-2896.0,-4071,1,0,0,1,1,0,18,2.0,2,2,5,14,0,0,0,0,0,0,57,0.1701442964107143,0.5352762504724826,0.0,0.0,0.0,0.0,-1906.0,0,1,0,0,0,0,0,0,0,0,0,0,0,0,0,0,0,0,0,0,0.0,0.0,0.0,0.0,0.0,1.0,67,0,1.777755830174936,0.1395538326687324,1.777755830174936
0,0,0,1,2,67500.0,117162.0,12132.0,103500.0,1,7,4,0,1,0.008019,-4753.0,-4327,1,1,0,1,0,0,18,4.0,2,2,6,12,0,0,0,0,0,0,5,0.5064469961220694,0.6894791426446275,2.0,1.0,2.0,1.0,0.0,0,1,0,0,0,0,0,0,0,0,0,0,0,0,0,0,0,0,0,0,0.0,0.0,0.0,0.0,0.0,1.0,44,25,1.735707619146383,0.179730670656731,1.735707619146383
0,0,0,1,2,225000.0,450000.0,35685.0,450000.0,6,7,4,1,1,0.030755,-884.0,-2066,1,1,0,1,0,1,14,4.0,2,2,4,14,0,0,0,0,0,0,5,0.5451011223076085,0.104119916429159,1.0,0.0,1.0,0.0,-840.0,0,1,0,0,0,0,0,0,0,0,0,0,0,0,0,0,0,0,0,0,0.0,0.0,0.0,0.0,0.0,1.0,30,1,1.999991111150617,0.1585992951142439,1.999991111150617
0,1,1,1,0,108000.0,348264.0,20124.0,315000.0,6,7,4,1,1,0.014464,-1848.0,-3897,1,1,0,1,0,0,8,2.0,2,2,1,4,0,0,0,0,0,0,13,0.6490283340779857,0.5656079814115492,0.0,0.0,0.0,0.0,-1724.0,0,1,0,0,0,0,0,0,0,0,0,0,0,0,0,0,0,0,0,0,0.0,0.0,0.0,0.0,1.0,1.0,55,7,3.224636808918436,0.1863316080406662,3.224636808918436
0,0,0,1,0,157500.0,1006920.0,42790.5,900000.0,1,7,4,1,1,0.00702,-2303.0,-3734,1,1,1,1,1,0,3,2.0,2,2,5,18,0,0,0,0,0,0,11,0.2631435910213423,0.6658549219640212,2.0,0.0,2.0,0.0,-1722.0,0,1,0,0,0,0,0,0,0,0,0,0,0,0,0,0,0,0,0,0,0.0,0.0,0.0,1.0,0.0,1.0,30,11,6.393102266017358,0.2716839893080044,6.393102266017358
0,0,0,1,0,67500.0,360000.0,22023.0,360000.0,6,7,4,1,1,0.019101,-4522.0,-4531,1,1,0,1,0,0,1,2.0,2,2,6,13,0,0,0,0,1,1,33,0.5874176381810312,0.6279908192952864,0.0,0.0,0.0,0.0,-933.0,0,0,0,0,0,0,1,0,0,0,0,0,0,0,0,0,0,0,0,0,0.0,0.0,0.0,2.0,0.0,1.0,42,1,5.33325432215819,0.3262618331580273,5.33325432215819
0,0,0,0,0,36000.0,167076.0,12622.5,135000.0,6,3,4,1,1,0.030755,-9266.0,-2617,1,0,0,1,1,0,18,2.0,2,2,4,15,0,0,0,0,0,0,57,0.6509337552870466,0.6023863442690867,1.0,0.0,1.0,0.0,-1619.0,0,1,0,0,0,0,0,0,0,0,0,0,0,0,0,0,0,0,0,0,0.0,0.0,0.0,0.0,1.0,0.0,57,0,4.640871086914252,0.3506152606872031,4.640871086914252
0,0,0,1,2,225000.0,239850.0,27189.0,225000.0,6,7,1,1,1,0.02461,-6607.0,-4241,1,1,0,1,0,0,0,4.0,2,2,1,17,0,0,0,0,0,0,42,0.7008928306180424,0.3876253444214701,2.0,0.0,2.0,0.0,-917.0,0,1,0,0,0,0,0,0,0,0,0,0,0,0,0,0,0,0,0,0,0.0,0.0,0.0,0.0,1.0,4.0,41,5,1.065995262243279,0.1208394629357202,1.065995262243279
0,0,0,0,0,121500.0,157500.0,9040.5,157500.0,2,7,4,0,5,0.018634,-8717.0,-1401,1,1,1,1,1,0,3,2.0,2,2,4,14,0,0,0,0,1,1,2,0.5579733486675996,0.5352762504724826,0.0,0.0,0.0,0.0,-555.0,0,1,0,0,0,0,0,0,0,0,0,0,0,0,0,0,0,0,0,0,0.0,0.0,0.0,0.0,0.0,1.0,23,0,1.296285627278788,0.0744067950058024,1.296285627278788
0,0,0,1,1,270000.0,787131.0,42066.0,679500.0,6,7,4,3,1,0.022625,-6149.0,-5912,1,1,0,1,1,0,3,2.0,2,2,2,13,0,0,0,0,0,0,30,0.6158977988473823,0.8245949709919925,0.0,0.0,0.0,0.0,-1532.0,0,0,0,0,0,0,1,0,0,0,0,0,0,0,0,0,0,0,0,0,0.0,0.0,0.0,0.0,0.0,3.0,40,20,2.9152892026325827,0.1557994229651001,2.9152892026325827
0,0,0,1,0,180000.0,808650.0,23773.5,675000.0,6,4,1,3,1,0.0196889999999999,-14090.0,-4756,1,1,0,1,1,0,6,1.0,2,2,4,15,0,0,0,0,0,0,11,0.2746462552988685,0.6075573001388961,3.0,0.0,3.0,0.0,-1707.0,0,1,0,0,0,0,0,0,0,0,0,0,0,0,0,0,0,0,0,0,0.0,0.0,0.0,0.0,0.0,6.0,63,44,4.492475041805323,0.1320742662540763,4.492475041805323
0,0,0,1,0,112500.0,828000.0,24210.0,828000.0,6,7,4,1,1,0.026392,-8284.0,-300,1,1,1,1,1,0,18,2.0,2,2,1,13,0,0,0,0,0,0,55,0.6655376768300381,0.5352762504724826,0.0,0.0,0.0,0.0,-986.0,0,1,0,0,0,0,0,0,0,0,0,0,0,0,0,0,0,0,0,0,0.0,0.0,0.0,0.0,0.0,1.0,45,3,7.359934578359303,0.2151980871281144,7.359934578359303
0,0,0,1,0,459000.0,840951.0,35761.5,679500.0,6,3,4,5,2,0.014464,-5948.0,-4195,1,0,0,1,0,0,18,1.0,2,2,6,8,0,0,0,0,0,0,57,0.5616484023461432,0.41534714488434,1.0,1.0,1.0,0.0,-1508.0,0,1,0,0,0,0,0,0,0,0,0,0,0,0,0,0,0,0,0,0,0.0,0.0,0.0,2.0,0.0,5.0,61,0,1.832133263326224,0.0779115949638454,1.832133263326224
0,0,0,0,0,270000.0,1800000.0,62698.5,1800000.0,6,7,1,1,1,0.025164,-892.0,-1839,1,1,1,1,0,0,18,2.0,2,2,4,9,0,0,0,0,0,0,33,0.5653758133289002,0.1694287272664794,0.0,0.0,0.0,0.0,-938.0,0,1,0,0,0,0,0,0,0,0,0,0,0,0,0,0,0,0,0,0,0.0,0.0,0.0,0.0,1.0,0.0,44,3,6.666641975400091,0.2322158066081237,6.666641975400091
0,1,1,1,0,225000.0,1706728.5,49900.5,1525500.0,5,7,4,0,1,0.020246,-3274.0,-3476,1,1,0,1,0,0,10,2.0,3,3,6,10,0,1,1,0,1,1,38,0.3838419676805389,0.5602843280409464,5.0,0.0,5.0,0.0,-1770.0,0,1,0,0,0,0,0,0,0,0,0,0,0,0,0,0,0,0,0,0,0.0,0.0,0.0,0.0,0.0,1.0,58,3,7.58542628699428,0.2217790143154919,7.58542628699428
1,1,0,1,0,121500.0,180000.0,9000.0,180000.0,6,7,4,0,1,0.01885,-5498.0,-1616,1,1,1,1,0,0,8,2.0,2,2,4,12,0,0,0,0,0,0,7,0.4300768560241481,0.5352762504724826,4.0,0.0,4.0,0.0,-299.0,0,0,0,0,0,0,0,0,0,0,0,0,0,0,0,0,0,0,0,0,0.0,0.0,0.0,0.0,0.0,1.0,35,13,1.481469288318615,0.0740734644159307,1.481469288318615
0,1,0,0,0,90000.0,521280.0,28408.5,450000.0,1,1,4,3,1,0.010276,-3264.0,-1089,1,1,0,1,0,0,14,1.0,2,2,2,11,0,0,0,1,1,0,4,0.2987299625086485,0.3490552510751822,4.0,1.0,4.0,0.0,0.0,0,1,0,0,0,0,0,0,0,0,0,0,0,0,0,0,0,0,0,0,0.0,0.0,0.0,0.0,0.0,0.0,23,1,5.791935645159498,0.3156464928167465,5.791935645159498
0,0,1,1,0,112500.0,1125000.0,60070.5,1125000.0,6,7,1,1,1,0.002042,-10039.0,-1093,1,1,1,1,0,0,5,2.0,3,3,6,9,0,0,0,0,0,0,7,0.5890807664631291,0.3457848024695955,1.0,0.0,1.0,0.0,-352.0,0,1,0,0,0,0,0,0,0,0,0,0,0,0,0,0,0,0,0,0,0.0,0.0,0.0,0.0,0.0,0.0,48,2,9.999911111901229,0.533955253731078,9.999911111901229
0,0,0,1,0,225000.0,547272.0,31545.0,495000.0,0,3,1,3,1,0.005002,-5776.0,-4581,1,0,0,1,0,1,18,1.0,3,3,2,14,0,0,0,0,0,0,57,0.4883977472687857,0.2512394458905693,1.0,0.0,1.0,0.0,0.0,0,0,0,0,1,0,0,0,0,0,0,0,0,0,0,0,0,0,0,0,0.0,0.0,0.0,0.0,0.0,0.0,57,0,2.4323091897369347,0.1401993768916582,2.4323091897369347
0,1,0,0,1,90000.0,145557.0,11799.0,121500.0,6,7,1,1,1,0.004849,-7721.0,-4676,1,1,0,1,0,0,10,3.0,2,2,4,16,0,0,0,0,0,0,42,0.4155304909058132,0.6446794549585961,4.0,0.0,4.0,0.0,-1594.0,0,1,0,0,0,0,0,0,0,0,0,0,0,0,0,0,0,0,0,0,0.0,0.0,1.0,0.0,0.0,3.0,37,2,1.6172820301996644,0.1310985433495183,1.6172820301996644
0,0,0,1,0,202500.0,728460.0,69295.5,675000.0,6,1,4,2,1,0.0196889999999999,-3305.0,-87,1,1,1,1,0,0,8,1.0,2,2,0,13,0,0,0,0,0,0,5,0.6517283317066658,0.6801388218428291,2.0,0.0,2.0,0.0,-1622.0,0,1,0,0,0,0,0,0,0,0,0,0,0,0,0,0,0,0,0,0,0.0,0.0,0.0,1.0,0.0,1.0,45,0,3.597315568812006,0.3421983101318018,3.597315568812006
0,0,1,1,0,90000.0,215865.0,20416.5,202500.0,6,3,4,1,1,0.02461,-8896.0,-1146,1,0,0,1,0,0,18,2.0,2,2,5,12,0,0,0,0,0,0,57,0.669923550212048,0.7886807751817684,2.0,0.0,2.0,0.0,-1113.0,0,0,0,0,1,0,0,0,0,0,0,0,0,0,0,0,0,0,0,0,0.0,0.0,0.0,0.0,0.0,1.0,59,0,2.398473350296108,0.2268474794724503,2.398473350296108
0,0,0,1,0,135000.0,1046142.0,30712.5,913500.0,6,1,4,1,1,0.0196889999999999,-9052.0,-748,1,1,0,1,0,0,16,2.0,2,2,4,9,0,0,0,0,1,1,33,0.3869030796867815,0.7421816117614419,0.0,0.0,0.0,0.0,-2089.0,0,1,0,0,0,0,0,0,0,0,0,0,0,0,0,0,0,0,0,0,0.0,0.0,0.0,1.0,0.0,1.0,47,4,7.749142598943711,0.2274983148272975,7.749142598943711
0,0,0,0,0,211500.0,545040.0,16654.5,450000.0,0,3,1,3,1,0.018801,-11257.0,-4058,1,0,0,1,1,0,18,1.0,2,2,2,8,0,0,0,0,0,0,57,0.5786995904807875,0.5531646987710016,1.0,0.0,1.0,0.0,-3.0,0,0,0,0,1,0,0,0,0,0,0,0,0,0,0,0,0,0,0,0,0.0,0.0,0.0,0.0,0.0,2.0,65,0,2.577009092155593,0.0787443085375482,2.577009092155593
0,1,1,0,0,180000.0,808650.0,29709.0,675000.0,1,7,4,3,1,0.010032,-658.0,-4582,1,1,1,1,0,0,10,1.0,2,2,4,5,0,0,0,0,0,0,42,0.3932137017089164,0.2636468134452008,0.0,0.0,0.0,0.0,-978.0,0,0,0,0,0,0,1,0,0,0,0,0,0,0,0,0,0,0,0,0,0.0,0.0,0.0,0.0,0.0,0.0,57,8,4.492475041805323,0.1650490830606496,4.492475041805323
0,0,1,1,1,292500.0,129384.0,11997.0,108000.0,6,7,4,1,1,0.003813,-2061.0,-1322,1,1,0,1,0,0,11,3.0,2,2,4,6,0,0,0,0,0,0,30,0.6833572204158878,0.0890438827498688,1.0,0.0,1.0,0.0,-1436.0,0,1,0,0,0,0,0,0,0,0,0,0,0,0,0,0,0,0,0,0,0.0,0.0,0.0,0.0,0.0,0.0,29,4,0.4423369492753871,0.0410152443923268,0.4423369492753871
0,1,0,1,0,112500.0,531706.5,21478.5,459000.0,6,7,1,1,1,0.003069,-113.0,-525,1,1,1,1,1,0,8,2.0,3,3,6,13,0,0,0,0,0,0,33,0.7808980893032638,0.6706517530862718,4.0,0.0,4.0,0.0,-760.0,0,1,0,0,0,0,0,0,0,0,0,0,0,0,0,0,0,0,0,0,0.0,0.0,0.0,0.0,0.0,1.0,44,20,4.726237988995654,0.1909183029484182,4.726237988995654
0,0,1,1,0,112500.0,216144.0,13941.0,171000.0,6,1,4,1,1,0.006629,-2845.0,-240,1,1,0,1,0,0,14,2.0,2,2,0,5,0,0,0,0,0,0,51,0.7711695064992451,0.7544061731797895,1.0,0.0,1.0,0.0,-1284.0,0,1,0,0,0,0,0,0,0,0,0,0,0,0,0,0,0,0,0,0,0.0,0.0,0.0,0.0,0.0,6.0,45,0,1.921262922107359,0.12391889849868,1.921262922107359
0,0,0,1,0,157500.0,219042.0,26122.5,193500.0,6,3,4,1,1,0.00712,-8079.0,-2861,1,0,0,1,0,0,18,2.0,2,2,5,12,0,0,0,0,0,0,57,0.4159235487971998,0.7032033049040319,6.0,0.0,6.0,0.0,-251.0,0,1,0,0,0,0,0,0,0,0,0,0,0,0,0,0,0,0,0,0,0.0,0.0,0.0,0.0,0.0,3.0,56,0,1.3907340270855424,0.1658560898026044,1.3907340270855424
0,0,0,1,0,157500.0,284427.0,15556.5,216000.0,1,7,4,1,1,0.020713,-9106.0,-2478,1,1,0,1,0,0,18,2.0,3,3,5,8,0,0,0,0,0,0,11,0.3343731976138448,0.4276573700350293,2.0,1.0,2.0,1.0,-531.0,0,1,0,0,0,0,0,0,0,0,0,0,0,0,0,0,0,0,0,0,0.0,0.0,0.0,0.0,0.0,3.0,51,3,1.8058742484174704,0.0987708014552288,1.8058742484174704
0,1,0,0,0,225000.0,755190.0,36328.5,675000.0,6,7,4,1,1,0.008068,-1245.0,-3283,1,1,0,1,0,0,18,2.0,3,3,2,12,0,0,0,0,1,1,53,0.0028210244110393,0.5352762504724826,2.0,0.0,2.0,0.0,-570.0,0,1,0,0,0,0,0,0,0,0,0,0,0,0,0,0,0,0,0,0,0.0,0.0,0.0,0.0,0.0,1.0,31,4,3.3563850827329658,0.1614592824031893,3.3563850827329658
0,0,1,0,0,180000.0,675000.0,18693.0,675000.0,6,7,3,1,1,0.028663,-7892.0,-28,1,1,0,1,0,0,14,2.0,2,2,6,17,0,0,0,0,0,0,5,0.6135153861679604,0.5352762504724826,0.0,0.0,0.0,0.0,-1317.0,0,0,0,0,0,0,1,0,0,0,0,0,0,0,0,0,0,0,0,0,0.0,0.0,0.0,0.0,0.0,1.0,27,4,3.749979166782407,0.1038494230587607,3.749979166782407
0,0,0,1,0,117450.0,473760.0,44424.0,450000.0,6,1,4,1,1,0.072508,-5068.0,-2950,1,1,1,1,0,0,18,2.0,1,1,5,9,0,0,0,0,0,0,5,0.645453505951853,0.6722428897082422,0.0,0.0,0.0,0.0,0.0,0,0,0,0,0,0,0,0,0,1,0,0,0,0,0,0,0,0,0,0,0.0,0.0,0.0,0.0,0.0,0.0,28,7,4.033682131271765,0.3782343275067901,4.033682131271765
0,0,0,1,0,90000.0,1483650.0,61357.5,1350000.0,6,3,4,1,1,0.035792,-3295.0,-3736,1,0,0,1,0,0,18,2.0,2,2,6,16,0,0,0,0,0,0,57,0.3338963991821947,0.7751552674785404,0.0,0.0,0.0,0.0,-3755.0,0,1,0,0,0,0,0,0,0,0,0,0,0,0,0,0,0,0,0,0,0.0,0.0,0.0,0.0,0.0,1.0,58,0,16.484816835368495,0.6817424250841657,16.484816835368495
0,0,0,1,0,135000.0,553806.0,26770.5,495000.0,6,3,4,1,1,0.0196889999999999,-3543.0,-4436,1,0,0,1,0,0,18,2.0,2,2,5,9,0,0,0,0,0,0,57,0.5265678174398003,0.3425288720742255,0.0,0.0,0.0,0.0,-529.0,0,0,0,0,1,0,0,0,0,0,0,0,0,0,0,0,0,0,0,0,0.0,0.0,0.0,0.0,0.0,8.0,60,0,4.102236279731261,0.1982985311219917,4.102236279731261
0,1,1,1,0,225000.0,323460.0,25933.5,270000.0,6,7,4,1,1,0.0096569999999999,-2310.0,-3390,1,1,0,1,0,0,4,2.0,2,2,2,12,0,1,1,0,1,1,5,0.2955376931544976,0.2091546988410069,0.0,0.0,0.0,0.0,-1569.0,0,0,0,0,0,0,1,0,0,0,0,0,0,0,0,0,0,0,0,0,0.0,0.0,0.0,1.0,0.0,6.0,54,0,1.4375936106950635,0.11525948773561,1.4375936106950635
0,0,0,1,2,157500.0,327024.0,21852.0,270000.0,6,7,4,0,1,0.006305,-751.0,-833,1,1,0,1,0,0,3,4.0,3,3,0,4,0,0,0,0,0,0,42,0.5705431250244671,0.6626377922738201,4.0,3.0,4.0,1.0,-604.0,0,1,0,0,0,0,0,0,0,0,0,0,0,0,0,0,0,0,0,0,0.0,0.0,0.0,0.0,0.0,1.0,34,5,2.076329674097307,0.1387419762414206,2.076329674097307
0,1,0,1,2,175500.0,604152.0,30978.0,540000.0,6,5,4,1,1,0.030755,-901.0,-818,1,1,0,1,0,0,8,4.0,2,2,6,14,0,0,0,0,0,0,5,0.6221943728236515,0.7557400501752248,0.0,0.0,0.0,0.0,0.0,0,1,0,0,0,0,0,0,0,0,0,0,0,0,0,0,0,0,0,0,0.0,0.0,0.0,0.0,0.0,1.0,47,1,3.442441923407844,0.1765118147474943,3.442441923407844
0,0,0,0,0,67500.0,227520.0,12834.0,180000.0,1,7,4,1,1,0.018634,-2652.0,-3531,1,1,1,1,1,0,14,2.0,2,2,1,10,0,0,0,0,0,0,42,0.7417649349843696,0.3474182272002641,2.0,1.0,2.0,1.0,-1517.0,0,1,0,0,0,0,0,0,0,0,0,0,0,0,0,0,0,0,0,0,0.0,0.0,0.0,1.0,0.0,1.0,55,19,3.370616731603976,0.1901305165849394,3.370616731603976
0,0,0,1,0,157500.0,450000.0,16294.5,450000.0,6,3,4,5,1,0.018209,-6778.0,-3250,1,0,0,1,1,0,18,1.0,3,3,3,7,0,0,0,0,0,0,57,0.563730829164885,0.5352762504724826,0.0,0.0,0.0,0.0,-2175.0,0,1,0,0,0,0,0,0,0,0,0,0,0,0,0,0,0,0,0,0,0.0,0.0,0.0,0.0,2.0,4.0,56,0,2.8571247166684657,0.1034564859905651,2.8571247166684657
0,0,0,1,0,90000.0,808650.0,23773.5,675000.0,0,7,4,5,1,0.010643,-3660.0,-3657,1,1,0,1,0,0,18,1.0,2,2,4,13,0,0,0,0,0,0,16,0.7331667157269632,0.7826078370261895,0.0,0.0,0.0,0.0,-1883.0,0,1,0,0,0,0,0,0,0,0,0,0,0,0,0,0,0,0,0,0,0.0,0.0,0.0,0.0,0.0,2.0,55,0,8.984900167775914,0.2641470650326107,8.984900167775914
0,1,1,1,1,157500.0,997335.0,29290.5,832500.0,6,7,4,1,1,0.014464,-791.0,-146,1,1,0,1,0,0,4,3.0,2,2,1,2,0,0,0,0,1,1,14,0.5582106450407892,0.4543210601605785,0.0,0.0,0.0,0.0,-929.0,0,1,0,0,0,0,0,0,0,0,0,0,0,0,0,0,0,0,0,0,0.0,0.0,0.0,0.0,1.0,1.0,45,2,6.332245509552321,0.1859702478079504,6.332245509552321
0,0,1,1,0,211500.0,1350000.0,53541.0,1350000.0,6,1,4,1,1,0.032561,-5195.0,-76,1,1,0,1,1,0,10,2.0,1,1,5,11,0,0,0,0,0,0,5,0.2418000383009613,0.3910549766342248,0.0,0.0,0.0,0.0,-732.0,0,1,0,0,0,0,0,0,0,0,0,0,0,0,0,0,0,0,0,0,0.0,0.0,0.0,0.0,0.0,0.0,28,7,6.382948543978515,0.2531477392541879,6.382948543978515
0,0,0,0,0,450000.0,358443.0,17563.5,252000.0,6,7,4,3,5,0.010032,-6410.0,-4494,1,1,0,1,0,0,14,1.0,2,2,5,10,0,0,0,0,0,0,5,0.6180010930244874,0.5352762504724826,3.0,0.0,3.0,0.0,-875.0,0,1,0,0,0,0,0,0,0,0,0,0,0,0,0,0,0,0,0,0,0.0,0.0,0.0,0.0,0.0,1.0,33,2,0.7965382299150446,0.0390299132668594,0.7965382299150446
0,0,0,1,0,139500.0,398016.0,31576.5,360000.0,6,7,4,0,1,0.008068,-2923.0,-2135,1,1,0,1,0,0,18,2.0,3,3,6,5,0,0,0,1,1,0,40,0.0591029054457008,0.4118485559242397,0.0,0.0,0.0,0.0,-689.0,0,1,0,0,0,0,0,0,0,0,0,0,0,0,0,0,0,0,0,0,0.0,0.0,0.0,0.0,0.0,2.0,26,1,2.853140837700088,0.2263532161059777,2.853140837700088
0,1,0,0,0,180000.0,533304.0,27922.5,405000.0,6,7,4,0,1,0.020246,-1418.0,-2311,1,1,0,1,0,0,10,2.0,3,3,5,14,0,0,0,0,0,0,7,0.5563978978356431,0.5352762504724826,0.0,0.0,0.0,0.0,-1324.0,0,1,0,0,0,0,0,0,0,0,0,0,0,0,0,0,0,0,0,0,0.0,0.0,0.0,0.0,0.0,1.0,53,4,2.962783540091444,0.1551241381992322,2.962783540091444
0,0,0,1,0,225000.0,625536.0,38398.5,540000.0,6,1,1,3,1,0.04622,-522.0,-835,1,1,0,1,0,0,8,1.0,1,1,2,15,0,1,1,0,0,0,44,0.6207179561982228,0.5352762504724826,1.0,0.0,1.0,0.0,-426.0,0,1,0,0,0,0,0,0,0,0,0,0,0,0,0,0,0,0,0,0,0.0,0.0,0.0,0.0,0.0,1.0,22,1,2.7801476437882497,0.1706592415144821,2.7801476437882497
0,0,0,0,0,135000.0,319981.5,13684.5,243000.0,6,3,4,1,2,0.018029,-12839.0,-4178,1,0,0,1,0,0,18,2.0,3,3,4,6,0,0,0,0,0,0,57,0.58574189990971,0.3280631605201915,0.0,0.0,0.0,0.0,0.0,0,1,0,0,0,0,0,0,0,0,0,0,0,0,0,0,0,0,0,0,0.0,0.0,0.0,0.0,0.0,1.0,59,0,2.370215776179436,0.101365915808031,2.370215776179436
1,0,0,1,0,90000.0,270000.0,13500.0,270000.0,6,7,4,1,1,0.020246,-8034.0,-519,1,1,0,1,1,0,8,2.0,3,3,5,7,0,0,0,0,1,1,5,0.523824958975238,0.5352762504724826,0.0,0.0,0.0,0.0,-224.0,0,0,0,0,0,0,0,0,0,0,0,0,0,0,0,0,0,0,0,0,0.0,0.0,0.0,0.0,0.0,1.0,46,17,2.999966667037033,0.1499983333518516,2.999966667037033
0,0,1,0,1,45000.0,168102.0,17649.0,148500.0,4,7,4,0,1,0.035792,-2890.0,-3612,1,1,0,1,0,0,8,3.0,2,2,0,11,0,0,0,0,0,0,42,0.3551256437854799,0.7610263695502636,0.0,0.0,0.0,0.0,-641.0,0,1,0,0,0,0,0,0,0,0,0,0,0,0,0,0,0,0,0,0,0.0,0.0,0.0,0.0,0.0,1.0,38,0,3.735516988511367,0.3921912846381191,3.735516988511367
1,0,1,1,1,90000.0,135000.0,6750.0,135000.0,6,1,4,1,1,0.016612,-4938.0,-1869,1,1,1,1,1,0,8,3.0,2,2,0,14,0,0,0,0,0,0,42,0.5125184577404159,0.511891801533151,6.0,0.0,6.0,0.0,-473.0,0,0,0,0,0,0,0,0,0,0,0,0,0,0,0,0,0,0,0,0,0.0,0.0,0.0,0.0,0.0,2.0,25,0,1.4999833335185164,0.0749991666759258,1.4999833335185164
0,1,0,1,0,85500.0,604152.0,28125.0,540000.0,6,1,4,1,1,0.003069,-3643.0,-3045,1,1,1,1,1,0,8,2.0,3,3,2,15,0,0,0,0,0,0,7,0.5691816439567673,0.5352762504724826,0.0,0.0,0.0,0.0,-2065.0,0,0,0,0,0,0,1,0,0,0,0,0,0,0,0,0,0,0,0,0,0.0,0.0,0.0,0.0,0.0,1.0,53,13,7.066022619618484,0.3289435211284078,7.066022619618484
0,1,0,0,3,112500.0,263686.5,25816.5,238500.0,6,1,4,1,2,0.04622,-8599.0,-4051,1,1,0,1,0,0,8,5.0,1,1,1,13,0,1,1,0,1,1,5,0.7033533753527849,0.6446794549585961,0.0,0.0,0.0,0.0,-573.0,0,1,0,0,0,0,0,0,0,0,0,0,0,0,0,0,0,0,0,0,0.0,0.0,0.0,0.0,0.0,1.0,44,2,2.343859165696305,0.2294779601959093,2.343859165696305
0,0,0,1,2,112500.0,175500.0,13252.5,175500.0,6,1,4,1,1,0.031329,-1121.0,-3201,1,1,0,1,0,0,14,4.0,2,2,6,8,0,0,0,0,0,0,42,0.2858978721410488,0.4578995512067301,2.0,0.0,2.0,0.0,-1609.0,0,1,0,0,0,0,0,0,0,0,0,0,0,0,0,0,0,0,0,0,0.0,0.0,0.0,0.0,0.0,2.0,31,8,1.5599861334565914,0.1177989528981964,1.5599861334565914
0,1,1,0,1,157500.0,435253.5,13194.0,306000.0,6,7,4,1,1,0.025164,-4924.0,-2916,1,1,0,1,0,0,8,3.0,2,2,0,11,0,0,0,1,1,0,4,0.3204863715565285,0.5370699579791587,1.0,0.0,1.0,0.0,-3.0,0,1,0,0,0,0,0,0,0,0,0,0,0,0,0,0,0,0,0,0,0.0,0.0,0.0,0.0,0.0,1.0,30,7,2.76349673970324,0.0837708966927194,2.76349673970324
0,0,0,1,0,90000.0,552555.0,29569.5,477000.0,1,7,4,1,1,0.020246,-11593.0,-2253,1,1,0,1,1,0,18,2.0,3,3,6,10,0,0,0,0,0,0,33,0.5457192077473305,0.5352762504724826,4.0,0.0,4.0,0.0,-1226.0,0,1,0,0,0,0,0,0,0,0,0,0,0,0,0,0,0,0,0,0,0.0,0.0,0.0,0.0,0.0,1.0,51,6,6.139431784091288,0.3285463494850057,6.139431784091288
0,1,1,1,1,360000.0,691020.0,22419.0,495000.0,6,7,4,1,1,0.0116569999999999,-7153.0,-4014,1,1,0,1,0,0,10,3.0,1,1,1,14,0,0,0,0,0,0,5,0.6691397297017495,0.2445163919946749,0.0,0.0,0.0,0.0,-2822.0,0,1,0,0,0,0,0,0,0,0,0,0,0,0,0,0,0,0,0,0,0.0,0.0,0.0,1.0,0.0,0.0,35,2,1.9194946680703664,0.0622748270143694,1.9194946680703664
0,0,0,1,1,112500.0,609183.0,19782.0,508500.0,6,3,4,2,1,0.028663,-3151.0,-1886,1,0,0,1,1,0,18,2.0,2,2,4,14,0,0,0,0,0,0,57,0.4737030683450176,0.5352762504724826,6.0,0.0,6.0,0.0,-1822.0,0,0,0,0,1,0,0,0,0,0,0,0,0,0,0,0,0,0,0,0,0.0,0.0,0.0,0.0,0.0,3.0,56,0,5.414911867450067,0.1758384369916711,5.414911867450067
0,0,0,1,0,126000.0,1046142.0,30717.0,913500.0,0,7,4,3,1,0.031329,-6425.0,-12,1,1,0,1,1,0,8,1.0,2,2,5,17,0,0,0,0,0,0,42,0.7038960389856092,0.722392890081304,0.0,0.0,0.0,0.0,-934.0,0,1,0,0,0,0,0,0,0,0,0,0,0,0,0,0,0,0,0,0,0.0,0.0,0.0,1.0,0.0,4.0,45,3,8.302648391679432,0.2437837794938135,8.302648391679432
0,1,1,0,2,270000.0,327024.0,20898.0,270000.0,4,7,4,1,3,0.020246,-2173.0,-2173,1,1,0,1,0,0,10,4.0,3,3,1,9,0,0,0,1,1,0,42,0.4046755544731183,0.5352762504724826,0.0,0.0,0.0,0.0,-1239.0,0,1,0,0,0,0,0,0,0,0,0,0,0,0,0,0,0,0,0,0,0.0,0.0,0.0,0.0,0.0,0.0,35,4,1.2111955140906885,0.077399713334395,1.2111955140906885
0,0,0,1,0,125730.0,808650.0,23175.0,675000.0,6,3,4,1,1,0.00712,-2284.0,-4525,1,0,0,1,1,0,18,2.0,2,2,4,8,0,0,0,0,0,0,57,0.2939875845022613,0.746300213050371,4.0,0.0,4.0,0.0,-906.0,0,0,0,0,1,0,0,0,0,0,0,0,0,0,0,0,0,0,0,0,0.0,0.0,0.0,0.0,1.0,1.0,59,0,6.431588072949392,0.1843220844501356,6.431588072949392
0,0,0,1,1,157500.0,647046.0,23899.5,463500.0,6,1,4,1,1,0.00702,-8116.0,-836,1,1,0,1,0,0,12,3.0,2,2,1,19,0,0,0,0,0,0,42,0.4023649510961885,0.5352762504724826,1.0,0.0,1.0,0.0,-1839.0,0,1,0,0,0,0,0,0,0,0,0,0,0,0,0,0,0,0,0,0,0.0,0.0,0.0,0.0,0.0,1.0,29,6,4.108202487603253,0.1517418937022622,4.108202487603253
0,0,0,0,0,67500.0,239850.0,22324.5,225000.0,6,3,3,2,1,0.010966,-861.0,-4165,1,0,0,1,0,0,18,1.0,2,2,1,12,0,0,0,0,0,0,57,0.610228095192033,0.8224987619370829,0.0,0.0,0.0,0.0,-458.0,0,0,0,0,1,0,0,0,0,0,0,0,0,0,0,0,0,0,0,0,0.0,0.0,0.0,0.0,1.0,0.0,68,0,3.553280692137894,0.3307284336528348,3.553280692137894
0,0,0,1,0,110250.0,314100.0,13437.0,225000.0,6,4,4,1,1,0.006629,-1318.0,-4544,1,1,1,1,1,0,11,2.0,2,2,0,7,0,0,0,0,0,0,30,0.6749088973145051,0.3893387918468769,0.0,0.0,0.0,0.0,-875.0,0,1,0,0,0,0,0,0,0,0,0,0,0,0,0,0,0,0,0,0,0.0,0.0,0.0,0.0,0.0,1.0,39,10,2.848953750986386,0.1218764455651195,2.848953750986386
1,0,0,1,0,67500.0,202500.0,10125.0,202500.0,6,3,1,1,2,0.0145199999999999,-4934.0,-4935,1,0,0,1,0,0,18,2.0,2,2,5,9,0,0,0,0,0,0,57,0.6875016594323756,0.5352762504724826,0.0,0.0,0.0,0.0,-1482.0,0,0,0,0,0,0,0,0,0,0,0,0,0,0,0,0,0,0,0,0,0.0,0.0,0.0,0.0,0.0,1.0,64,0,2.999955556213982,0.1499977778106991,2.999955556213982
0,0,0,0,0,134248.5,270000.0,8185.5,270000.0,6,4,4,1,1,0.032561,-6555.0,-652,1,1,1,1,1,0,10,2.0,1,1,4,11,0,0,0,0,0,0,35,0.6318391579183333,0.172495466777331,1.0,1.0,1.0,1.0,-2.0,0,0,0,0,0,0,0,0,0,1,0,0,0,0,0,0,0,0,0,0,0.0,0.0,0.0,0.0,0.0,0.0,47,6,2.0111806747883603,0.0609722941240004,2.0111806747883603
0,0,1,1,1,225000.0,728460.0,57685.5,675000.0,1,1,1,1,1,0.010147,-1922.0,-3268,1,1,0,1,1,0,14,3.0,2,2,5,12,0,0,0,0,0,0,5,0.59879498048002,0.6041125998015721,0.0,0.0,0.0,0.0,-810.0,0,1,0,0,0,0,0,0,0,0,0,0,0,0,0,0,0,0,0,0,0.0,0.0,0.0,0.0,0.0,2.0,31,2,3.237585610730619,0.2563788605383976,3.237585610730619
0,0,1,1,0,234000.0,1154362.5,33880.5,1008000.0,6,1,4,1,1,0.002042,-3298.0,-212,1,1,1,1,0,0,14,2.0,3,3,4,13,0,0,0,0,0,0,42,0.6075513905727201,0.7992967832109371,0.0,0.0,0.0,0.0,-1280.0,0,1,0,0,0,0,0,0,0,0,0,0,0,0,0,0,0,0,0,0,0.0,0.0,0.0,1.0,0.0,1.0,45,3,4.933151995076944,0.1447878427869966,4.933151995076944
0,0,1,1,0,112500.0,405000.0,27526.5,405000.0,6,7,4,1,1,0.0145199999999999,-1.0,-1878,1,1,0,1,0,0,8,2.0,2,2,2,8,0,0,0,1,1,0,16,0.5392498094388993,0.5352762504724826,0.0,0.0,0.0,0.0,-2619.0,0,1,0,0,0,0,0,0,0,0,0,0,0,0,0,0,0,0,0,0,0.0,0.0,0.0,0.0,0.0,1.0,50,4,3.599968000284442,0.2446778250859992,3.599968000284442
0,0,0,1,0,76500.0,305221.5,17172.0,252000.0,6,1,4,1,1,0.022625,-12586.0,-4590,1,1,0,1,0,0,18,2.0,2,2,5,12,0,0,0,0,0,0,24,0.5324786487410609,0.5352762504724826,1.0,0.0,1.0,0.0,-3043.0,0,1,0,0,0,0,0,0,0,0,0,0,0,0,0,0,0,0,0,0,0.0,0.0,0.0,0.0,0.0,1.0,58,13,3.989771375537575,0.2244676540175945,3.989771375537575
0,0,1,1,2,135000.0,157500.0,16137.0,157500.0,6,7,4,1,1,0.0060079999999999,-999.0,-2054,1,1,0,1,0,1,8,4.0,2,2,1,14,0,0,0,0,1,1,4,0.5614491922907601,0.3622772470384314,5.0,0.0,5.0,0.0,-1777.0,0,1,0,0,0,0,0,0,0,0,0,0,0,0,0,0,0,0,0,0,0.0,0.0,0.0,0.0,0.0,0.0,36,8,1.1666580247553722,0.1195324479077932,1.1666580247553722
0,0,0,0,0,117000.0,224149.5,22297.5,193500.0,0,3,4,1,1,0.00496,-5168.0,-324,1,0,0,1,0,0,18,2.0,2,2,2,13,0,0,0,0,0,0,57,0.5976859972439678,0.3490552510751822,0.0,0.0,0.0,0.0,-1016.0,0,1,0,0,0,0,0,0,0,0,0,0,0,0,0,0,0,0,0,0,0.0,0.0,0.0,1.0,0.0,0.0,46,0,1.915791318022923,0.1905752942282544,1.915791318022923
0,0,0,0,0,36000.0,113760.0,7398.0,90000.0,6,7,3,3,5,0.035792,-8288.0,-4471,1,1,1,1,0,0,14,1.0,2,2,5,13,0,0,0,0,0,0,42,0.7031023702059879,0.5352762504724826,0.0,0.0,0.0,0.0,-896.0,0,1,0,0,0,0,0,0,0,0,0,0,0,0,0,0,0,0,0,0,0.0,0.0,0.0,0.0,0.0,1.0,39,3,3.159912224660426,0.205494291825227,3.159912224660426
0,0,0,0,0,126000.0,448056.0,16222.5,315000.0,6,1,4,2,1,0.01885,-9457.0,-5020,1,1,0,1,0,0,8,1.0,2,2,0,18,0,0,0,0,0,0,4,0.6846475610722559,0.2793353208976285,0.0,0.0,0.0,0.0,-2715.0,0,1,0,0,0,0,0,0,0,0,0,0,0,0,0,0,0,0,0,0,0.0,0.0,0.0,0.0,0.0,0.0,42,1,3.5559717780017617,0.1287489781827128,3.5559717780017617
0,0,0,0,1,72000.0,454500.0,16452.0,454500.0,6,1,1,1,1,0.0145199999999999,-834.0,-2378,1,1,0,1,0,0,3,3.0,2,2,6,15,0,0,0,0,0,0,8,0.6605691757371664,0.520897599048938,2.0,0.0,2.0,0.0,-1602.0,0,1,0,0,0,0,0,0,0,0,0,0,0,0,0,0,0,0,0,0,0.0,0.0,0.0,0.0,1.0,0.0,39,7,6.312412327606561,0.2284968264329662,6.312412327606561
0,1,1,1,0,157500.0,450000.0,35685.0,450000.0,6,7,4,1,1,0.015221,-5154.0,-3711,1,1,0,1,0,1,10,2.0,2,2,0,9,0,0,0,0,0,0,5,0.5577414198142691,0.5352762504724826,0.0,0.0,0.0,0.0,-1349.0,0,1,0,0,0,0,0,0,0,0,0,0,0,0,0,0,0,0,0,0,0.0,0.0,0.0,1.0,1.0,1.0,30,0,2.8571247166684657,0.2265699900318093,2.8571247166684657
0,0,0,1,0,67500.0,288873.0,10503.0,238500.0,1,3,4,3,1,0.020713,-2853.0,-3994,1,0,0,1,0,0,18,1.0,3,3,1,7,0,0,0,0,0,0,57,0.6968107201633134,0.5352762504724826,2.0,0.0,2.0,0.0,-1874.0,0,1,0,0,0,0,0,0,0,0,0,0,0,0,0,0,0,0,0,0,0.0,0.0,0.0,0.0,0.0,2.0,62,0,4.279536599457786,0.1555976948489652,4.279536599457786
0,0,0,1,2,247500.0,215640.0,17419.5,180000.0,6,4,1,1,1,0.04622,-4688.0,-824,1,1,1,1,1,0,18,4.0,1,1,3,14,0,0,0,0,0,0,33,0.6943380567781194,0.5352762504724826,1.0,0.0,1.0,0.0,-640.0,0,1,0,0,0,0,0,0,0,0,0,0,0,0,0,0,0,0,0,0,0.0,0.0,0.0,0.0,0.0,1.0,28,7,0.8712692069931031,0.0703815338119846,0.8712692069931031
0,0,0,0,0,202500.0,1436850.0,42012.0,1125000.0,6,7,4,1,1,0.008068,-58.0,-58,1,1,1,1,0,0,0,2.0,3,3,1,7,0,0,0,0,0,0,1,0.3908682955241185,0.6109913280868294,1.0,0.0,1.0,0.0,-793.0,0,1,0,0,0,0,0,0,0,0,0,0,0,0,0,0,0,0,0,0,0.0,0.0,0.0,0.0,0.0,1.0,45,10,7.09552051594807,0.207465642144977,7.09552051594807
0,0,0,1,1,118350.0,339241.5,16627.5,238500.0,1,7,4,1,1,0.016612,-5738.0,-1921,1,1,0,1,0,0,14,3.0,2,2,5,13,0,0,0,0,0,0,5,0.3786577083614361,0.4561097392782771,2.0,0.0,2.0,0.0,-540.0,0,1,0,0,0,0,0,0,0,0,0,0,0,0,0,0,0,0,0,0,0.0,0.0,0.0,0.0,0.0,2.0,39,2,2.8664016358121183,0.1404931094794298,2.8664016358121183
0,0,1,1,2,180000.0,254700.0,14751.0,225000.0,6,1,4,1,1,0.035792,-9015.0,-386,1,1,0,1,0,0,14,4.0,2,2,5,9,0,0,0,0,0,0,5,0.7030795454726692,0.7764098512142026,0.0,0.0,0.0,0.0,-12.0,0,1,0,0,0,0,0,0,0,0,0,0,0,0,0,0,0,0,0,0,0.0,0.0,0.0,0.0,0.0,0.0,46,8,1.4149921389325617,0.0819495447247515,1.4149921389325617
0,1,1,1,0,225000.0,1506816.0,49927.5,1350000.0,6,1,4,3,1,0.025164,-4590.0,-2752,1,1,0,1,0,0,6,1.0,2,2,6,10,0,0,0,0,0,0,7,0.5895835431949412,0.633031641417419,0.0,0.0,0.0,0.0,0.0,0,0,0,0,0,0,1,0,0,0,0,0,0,0,0,0,0,0,0,0,0.0,0.0,0.0,3.0,0.0,0.0,27,1,6.696930235865619,0.2218990137821609,6.696930235865619
0,1,1,0,0,78750.0,343800.0,16852.5,225000.0,6,7,4,3,1,0.00712,-2657.0,-1061,1,1,0,1,0,0,3,1.0,2,2,0,11,0,0,0,0,0,0,42,0.5965286465124833,0.5352762504724826,0.0,0.0,0.0,0.0,-268.0,0,1,0,0,0,0,0,0,0,0,0,0,0,0,0,0,0,0,0,0,0.0,0.0,0.0,0.0,0.0,1.0,23,1,4.365658848776524,0.2139972825741895,4.365658848776524
0,1,0,0,0,112500.0,429763.5,28849.5,351000.0,6,7,4,3,1,0.008625,-3070.0,-1988,1,1,0,1,0,1,8,1.0,2,2,2,14,0,0,0,0,0,0,33,0.3937929977088161,0.5352762504724826,0.0,0.0,0.0,0.0,-1743.0,0,1,0,0,0,0,0,0,0,0,0,0,0,0,0,0,0,0,0,0,0.0,0.0,0.0,0.0,0.0,1.0,27,3,3.820086043679612,0.2564377205535951,3.820086043679612
1,0,1,1,1,360000.0,450000.0,22500.0,450000.0,6,7,4,1,1,0.031329,-304.0,-1979,1,1,0,1,0,0,8,3.0,2,2,5,11,0,0,0,0,0,0,4,0.6038538332458693,0.4101025731788671,1.0,0.0,1.0,0.0,-1528.0,0,0,0,0,0,0,0,0,0,0,0,0,0,0,0,0,0,0,0,0,0.0,0.0,0.0,0.0,0.0,4.0,35,5,1.2499965277874228,0.0624998263893711,1.2499965277874228
0,0,0,1,0,112500.0,254700.0,14751.0,225000.0,6,3,1,5,1,0.006296,-5160.0,-4282,1,0,0,1,0,0,18,1.0,3,3,2,17,0,0,0,0,0,0,57,0.6768059796695338,0.5902333386185574,5.0,0.0,4.0,0.0,-299.0,0,0,0,0,1,0,0,0,0,0,0,0,0,0,0,0,0,0,0,0,0.0,0.0,0.0,0.0,0.0,0.0,65,0,2.263979875734438,0.1311188344992488,2.263979875734438
0,0,0,1,1,90000.0,562491.0,23962.5,454500.0,6,7,4,2,1,0.030755,-394.0,-4297,1,1,0,1,0,0,8,2.0,2,2,6,9,0,0,0,0,0,0,11,0.2679328432420985,0.0005272652387098,0.0,0.0,0.0,0.0,-21.0,0,1,0,0,0,0,0,0,0,0,0,0,0,0,0,0,0,0,0,0,0.0,0.0,0.0,0.0,0.0,0.0,40,5,6.24983055743825,0.2662470416995366,6.24983055743825
0,0,0,0,0,90000.0,414229.5,23130.0,342000.0,6,4,4,1,1,0.018801,-10028.0,-4225,1,1,0,1,1,0,18,2.0,2,2,5,7,0,0,0,0,0,0,33,0.5841172973971105,0.2721336844147212,0.0,0.0,0.0,0.0,-671.0,0,1,0,0,0,0,0,0,0,0,0,0,0,0,0,0,0,0,0,0,0.0,0.0,0.0,0.0,2.0,5.0,57,2,4.602498861123765,0.2569971444761725,4.602498861123765
0,1,1,1,1,270000.0,830038.5,42511.5,729000.0,6,7,4,1,1,0.004849,-6903.0,-4918,1,1,0,1,0,0,8,3.0,2,2,5,15,0,0,0,0,1,1,42,0.0170630453846583,0.5919766183185521,5.0,0.0,5.0,0.0,0.0,0,1,0,0,0,0,0,0,0,0,0,0,0,0,0,0,0,0,0,0,0.0,0.0,0.0,0.0,0.0,3.0,44,1,3.0742052807211824,0.1574494168540116,3.0742052807211824
0,1,1,1,0,180000.0,1515415.5,41800.5,1354500.0,5,7,1,1,1,0.0196889999999999,-955.0,-4277,1,1,0,1,0,0,6,2.0,2,2,5,15,0,0,0,0,0,0,13,0.6317018035543432,0.5352762504724826,0.0,0.0,0.0,0.0,0.0,0,1,0,0,0,0,0,0,0,0,0,0,0,0,0,0,0,0,0,0,0.0,0.0,0.0,0.0,0.0,1.0,32,2,8.41892822817651,0.2322237098682785,8.41892822817651
1,0,0,1,0,81000.0,202500.0,10125.0,202500.0,6,7,4,5,1,0.015221,-1014.0,-2737,1,1,1,1,1,0,8,1.0,2,2,6,11,0,0,0,0,0,0,20,0.1210401594721799,0.7649392739475195,0.0,0.0,0.0,0.0,0.0,0,0,0,0,0,0,0,0,0,0,0,0,0,0,0,0,0,0,0,0,0.0,0.0,0.0,0.0,0.0,2.0,52,2,2.499969136183504,0.1249984568091751,2.499969136183504
1,0,0,0,2,90000.0,135000.0,6750.0,135000.0,1,7,4,1,1,0.008068,-8226.0,-3427,1,1,0,1,1,0,11,4.0,3,3,0,9,0,0,0,0,0,0,30,0.2614341773840503,0.1884895337951677,0.0,0.0,0.0,0.0,-2081.0,0,0,0,0,0,0,0,0,0,0,0,0,0,0,0,0,0,0,0,0,0.0,0.0,0.0,0.0,0.0,1.0,39,14,1.4999833335185164,0.0749991666759258,1.4999833335185164
0,0,0,1,0,162000.0,1467612.0,56029.5,1350000.0,0,7,1,1,1,0.04622,-9320.0,-415,1,1,0,1,1,0,6,2.0,1,1,3,11,0,0,0,0,0,0,17,0.4269815646117617,0.8106180215523969,0.0,0.0,0.0,0.0,0.0,0,1,0,0,0,0,0,0,0,0,0,0,0,0,0,0,0,0,0,0,0.0,0.0,0.0,0.0,0.0,0.0,46,0,9.059277411867829,0.3458589761791594,9.059277411867829
0,0,1,1,0,225000.0,1258650.0,56277.0,1125000.0,6,3,4,1,2,0.006207,-36.0,-4438,1,0,0,1,0,1,18,2.0,2,2,4,15,0,0,0,0,0,0,57,0.6958396722560182,0.2778856891082046,0.0,0.0,0.0,0.0,-1363.0,0,1,0,0,0,0,0,0,0,0,0,0,0,0,0,0,0,0,0,0,0.0,0.0,0.0,0.0,0.0,1.0,60,0,5.593975137888276,0.2501188883604961,5.593975137888276
0,0,0,1,0,180000.0,834277.5,54072.0,787500.0,6,7,4,3,1,0.020713,-48.0,-2362,1,1,1,1,1,0,18,1.0,3,2,0,6,0,0,0,0,0,0,4,0.5094366246494892,0.5567274263630174,1.0,0.0,1.0,0.0,-535.0,0,1,0,0,0,0,0,0,0,0,0,0,0,0,0,0,0,0,0,0,0.0,0.0,0.0,0.0,0.0,2.0,51,5,4.634849250837496,0.3003983311203826,4.634849250837496
1,0,0,1,0,63000.0,180000.0,9000.0,180000.0,6,3,1,1,1,0.01885,-11485.0,-4781,1,0,0,1,0,0,18,2.0,2,2,5,14,0,0,0,0,0,0,57,0.6664424519552968,0.6279908192952864,2.0,0.0,2.0,0.0,-512.0,0,0,0,0,0,0,0,0,0,0,0,0,0,0,0,0,0,0,0,0,0.0,0.0,0.0,0.0,1.0,0.0,58,0,2.857097506388788,0.1428548753194393,2.857097506388788
0,1,1,1,2,180000.0,485640.0,37710.0,450000.0,6,7,4,1,1,0.02461,-630.0,-3659,1,1,1,1,1,0,8,4.0,2,2,1,11,0,0,0,0,1,1,42,0.6685924340698731,0.5352762504724826,0.0,0.0,0.0,0.0,-3142.0,0,1,0,0,0,0,0,0,0,0,0,0,0,0,0,0,0,0,0,0,0.0,0.0,0.0,0.0,0.0,1.0,31,2,2.6979850111943824,0.2094988361175771,2.6979850111943824
0,0,1,1,0,189000.0,1042560.0,55674.0,900000.0,6,1,4,1,1,0.035792,-7995.0,-4879,1,1,0,1,0,0,3,2.0,2,2,4,17,0,0,0,0,0,0,42,0.5275871283711909,0.6496203111237195,2.0,2.0,2.0,2.0,-1397.0,0,1,0,0,0,0,0,0,0,0,0,0,0,0,0,0,0,0,0,0,0.0,0.0,0.0,0.0,1.0,1.0,39,5,5.516161290151904,0.2945698700006878,5.516161290151904
1,1,1,0,0,135000.0,270000.0,13500.0,270000.0,6,1,4,3,1,0.026392,-5338.0,-306,1,1,0,1,0,0,18,1.0,2,2,5,15,0,0,0,1,1,0,3,0.5035935720622414,0.5442347412142162,3.0,0.0,3.0,0.0,-206.0,0,0,0,0,0,0,0,0,0,0,0,0,0,0,0,0,0,0,0,0,0.0,0.0,0.0,0.0,0.0,1.0,30,1,1.999985185294924,0.0999992592647461,1.999985185294924
1,0,0,1,0,94500.0,157500.0,7875.0,157500.0,6,7,4,1,1,0.020246,-13.0,-3263,1,1,0,1,0,0,14,2.0,3,3,6,13,0,0,0,0,0,0,42,0.0935398456608282,0.5352762504724826,3.0,0.0,3.0,0.0,-1383.0,0,0,0,0,0,0,0,0,0,0,0,0,0,0,0,0,0,0,0,0,0.0,0.0,1.0,0.0,1.0,1.0,44,7,1.666649030168993,0.0833324515084496,1.666649030168993
0,0,0,1,0,270000.0,755190.0,36459.0,675000.0,1,3,4,1,1,0.010006,-10373.0,-2515,1,0,0,1,0,0,18,2.0,2,2,0,15,0,0,0,0,0,0,57,0.7593114834197461,0.3791004853998145,4.0,2.0,4.0,1.0,-1563.0,0,1,0,0,0,0,0,0,0,0,0,0,0,0,0,0,0,0,0,0,0.0,0.0,0.0,0.0,0.0,8.0,55,0,2.7969896407791084,0.1350328332117288,2.7969896407791084
0,0,0,1,0,58500.0,343800.0,13090.5,225000.0,6,7,4,3,1,0.015221,-9262.0,-2696,1,1,1,1,0,0,18,1.0,2,2,0,10,0,0,0,0,0,0,33,0.4272062924509176,0.2608559142068693,2.0,0.0,1.0,0.0,-969.0,0,1,0,0,0,0,0,0,0,0,0,0,0,0,0,0,0,0,0,0,0.0,0.0,0.0,0.0,1.0,0.0,52,3,5.876822618416779,0.2237654057195603,5.876822618416779
0,0,0,1,0,90000.0,135000.0,15228.0,135000.0,6,7,4,1,1,0.008625,-5098.0,-3446,1,1,0,1,0,0,13,2.0,2,2,4,10,0,0,0,1,1,0,42,0.1725661903182616,0.2793353208976285,0.0,0.0,0.0,0.0,-2318.0,0,1,0,0,0,0,0,0,0,0,0,0,0,0,0,0,0,0,0,0,0.0,0.0,0.0,0.0,0.0,8.0,29,7,1.4999833335185164,0.1691981200208886,1.4999833335185164
0,0,0,1,1,157500.0,450000.0,17095.5,450000.0,6,1,4,0,1,0.0196889999999999,-3884.0,-1406,1,1,0,1,0,0,14,3.0,2,2,3,13,0,0,0,1,1,0,42,0.4939667236425896,0.41534714488434,1.0,0.0,1.0,0.0,-2.0,0,1,0,0,0,0,0,0,0,0,0,0,0,0,0,0,0,0,0,0,0.0,0.0,0.0,0.0,0.0,4.0,23,4,2.8571247166684657,0.108542167986235,2.8571247166684657
0,0,1,1,0,103500.0,225000.0,11619.0,225000.0,1,1,1,1,1,0.025164,-8149.0,-4214,1,1,0,1,1,0,18,2.0,2,2,6,10,0,0,0,0,0,0,5,0.3272379220601041,0.2955826421513093,0.0,0.0,0.0,0.0,-1071.0,0,1,0,0,0,0,0,0,0,0,0,0,0,0,0,0,0,0,0,0,0.0,0.0,0.0,0.0,0.0,6.0,38,9,2.173892039690438,0.1122597849296142,2.173892039690438
0,0,1,1,2,225000.0,1174005.0,81837.0,1125000.0,6,7,4,1,1,0.04622,-6811.0,-2904,1,1,1,1,1,0,0,4.0,1,1,4,14,0,0,0,0,0,0,42,0.7466932657247316,0.5352762504724826,7.0,0.0,7.0,0.0,-3106.0,0,1,0,0,0,0,0,0,0,0,0,0,0,0,0,0,0,0,0,0,0.0,0.0,0.0,0.0,0.0,3.0,36,12,5.217776809880845,0.3637183834738512,5.217776809880845
1,0,0,0,1,45000.0,225000.0,11250.0,225000.0,1,1,1,1,5,0.00963,-3235.0,-1089,1,1,0,1,0,0,12,3.0,2,2,0,14,0,0,0,0,0,0,43,0.6363496232970315,0.6577838002083306,0.0,0.0,0.0,0.0,-726.0,0,0,0,0,0,0,0,0,0,0,0,0,0,0,0,0,0,0,0,0,0.0,0.0,0.0,0.0,1.0,0.0,23,4,4.99988889135797,0.2499944445678985,4.99988889135797
0,1,1,1,0,157500.0,729792.0,35239.5,630000.0,1,7,1,1,1,0.00963,-3034.0,-4449,1,1,0,1,0,0,18,2.0,2,2,2,11,0,0,0,1,1,0,40,0.4084003044667711,0.2750003523983893,0.0,0.0,0.0,0.0,-862.0,0,1,0,0,0,0,0,0,0,0,0,0,0,0,0,0,0,0,0,0,0.0,0.0,0.0,1.0,0.0,0.0,36,2,4.633570580504251,0.2237414365623075,4.633570580504251
0,0,0,0,0,36000.0,225000.0,10822.5,225000.0,6,7,4,1,1,0.019101,-6489.0,-2617,1,1,0,1,1,0,11,2.0,2,2,6,16,0,0,0,0,0,0,12,0.6354737318890222,0.2225807646753351,0.0,0.0,0.0,0.0,-2109.0,0,1,0,0,0,0,0,0,0,0,0,0,0,0,0,0,0,0,0,0,0.0,0.0,0.0,0.0,0.0,0.0,34,6,6.2498263937112855,0.3006166495375128,6.2498263937112855
0,0,0,1,0,90000.0,173092.5,13720.5,157500.0,6,7,4,1,2,0.008019,-7737.0,-2297,1,1,0,1,0,0,8,2.0,2,2,2,9,0,1,1,0,1,1,5,0.2847117978073097,0.0705805188315975,1.0,1.0,1.0,1.0,0.0,0,0,0,0,1,0,0,0,0,0,0,0,0,0,0,0,0,0,0,0,0.0,0.0,0.0,0.0,0.0,1.0,51,0,1.9232286307929911,0.1524483061299318,1.9232286307929911
0,1,0,0,0,180000.0,337500.0,13873.5,337500.0,6,7,4,1,1,0.009334,-9034.0,-1662,1,1,0,1,0,1,14,2.0,2,2,0,12,0,0,0,0,0,0,46,0.4664201653103462,0.5352762504724826,3.0,0.0,3.0,0.0,-766.0,0,0,0,0,0,0,0,0,0,0,0,0,0,0,0,0,0,0,0,0,0.0,0.0,0.0,0.0,0.0,1.0,24,4,1.8749895833912036,0.0770745718079344,1.8749895833912036
0,0,1,1,1,112500.0,193500.0,21883.5,193500.0,6,4,1,1,1,0.008068,-197.0,-2200,1,1,1,1,0,0,3,3.0,3,3,4,11,0,0,0,0,0,0,33,0.1362210671821071,0.2366108235287817,0.0,0.0,0.0,0.0,0.0,0,1,0,0,0,0,0,0,0,0,0,0,0,0,0,0,0,0,0,0,0.0,0.0,0.0,0.0,0.0,0.0,26,2,1.7199847112470112,0.1945182709487026,1.7199847112470112
0,1,1,0,1,112500.0,755190.0,36328.5,675000.0,6,1,4,1,1,0.0228,-9709.0,-5021,1,1,1,1,0,0,8,3.0,2,2,1,10,0,0,0,0,0,0,42,0.5897581482194955,0.5352762504724826,0.0,0.0,0.0,0.0,-1200.0,0,1,0,0,0,0,0,0,0,0,0,0,0,0,0,0,0,0,0,0,0.0,0.0,0.0,0.0,0.0,0.0,43,11,6.712740331197056,0.3229171296255144,6.712740331197056
0,0,0,1,0,202500.0,900000.0,26316.0,900000.0,1,7,1,0,1,0.015221,-5171.0,-3422,1,1,1,1,1,0,10,2.0,2,2,4,15,0,0,0,0,0,0,46,0.2858978721410488,0.7958031328748403,0.0,0.0,0.0,0.0,0.0,0,1,0,0,0,0,0,0,0,0,0,0,0,0,0,0,0,0,0,0,0.0,0.0,0.0,0.0,0.0,0.0,31,8,4.444422496679029,0.1299549138028948,4.444422496679029
0,1,0,1,1,157500.0,436032.0,25159.5,360000.0,5,7,4,1,4,0.02461,-349.0,-4602,1,1,0,1,0,0,8,3.0,2,2,5,17,0,0,0,0,0,0,42,0.7005810006866652,0.7091891096653581,3.0,0.0,3.0,0.0,-1089.0,0,1,0,0,0,0,0,0,0,0,0,0,0,0,0,0,0,0,0,0,0.0,0.0,0.0,0.0,0.0,1.0,38,4,2.768439565463076,0.1597418429089339,2.768439565463076
0,0,0,0,0,90000.0,454500.0,14661.0,454500.0,6,3,4,0,1,0.010966,-9628.0,-2739,1,0,0,1,0,0,18,2.0,2,2,3,11,0,0,0,0,0,0,57,0.3424757978914082,0.5316861425197883,5.0,0.0,5.0,0.0,-2101.0,0,0,0,0,1,0,0,0,0,0,0,0,0,0,0,0,0,0,0,0,0.0,0.0,0.0,0.0,0.0,0.0,52,0,5.049943889512339,0.1628981900201108,5.049943889512339
0,1,1,1,0,180000.0,1288350.0,37669.5,1125000.0,6,1,4,1,1,0.031329,-6817.0,-564,1,1,0,1,0,0,10,2.0,2,2,1,9,0,0,0,0,0,0,5,0.6285521122079504,0.6626377922738201,0.0,0.0,0.0,0.0,-1581.0,0,0,0,0,0,0,1,0,0,0,0,0,0,0,0,0,0,0,0,0,0.0,0.0,0.0,1.0,0.0,1.0,46,11,7.15746023633202,0.2092738373675702,7.15746023633202
0,1,1,1,1,157500.0,550980.0,36949.5,450000.0,6,7,4,1,1,0.04622,-8858.0,-4503,1,1,0,1,0,0,4,3.0,1,1,0,11,0,0,0,0,0,0,42,0.6222200743830334,0.5919766183185521,0.0,0.0,0.0,0.0,-251.0,0,1,0,0,0,0,0,0,0,0,0,0,0,0,0,0,0,0,0,0,0.0,0.0,1.0,0.0,0.0,2.0,44,0,3.4982635030888694,0.2345985104856477,3.4982635030888694
0,0,1,1,1,90000.0,254700.0,27153.0,225000.0,6,7,4,1,1,0.020713,-1407.0,-1660,1,1,0,1,0,0,2,3.0,3,3,6,6,0,0,0,0,0,0,28,0.5385597173016565,0.5656079814115492,0.0,0.0,0.0,0.0,-17.0,0,1,0,0,0,0,0,0,0,0,0,0,0,0,0,0,0,0,0,0,0.0,0.0,0.0,0.0,0.0,0.0,27,1,2.8299685559049346,0.3016966478150242,2.8299685559049346
0,1,1,1,1,202500.0,450000.0,32742.0,450000.0,6,7,4,1,1,0.026392,-432.0,-3136,1,1,0,1,1,0,4,3.0,2,2,6,13,0,0,0,0,0,0,38,0.6193321040627854,0.5954562029091491,0.0,0.0,0.0,0.0,0.0,0,1,0,0,0,0,0,0,0,0,0,0,0,0,0,0,0,0,0,0,0.0,0.0,0.0,0.0,0.0,1.0,28,3,2.2222112483395144,0.161688090429183,2.2222112483395144
0,0,0,1,1,112500.0,62361.0,6714.0,58500.0,6,4,4,2,1,0.00702,-2947.0,-1645,1,1,0,1,0,0,0,2.0,2,2,5,11,0,0,0,0,1,1,5,0.2007789125939638,0.5352762504724826,0.0,0.0,0.0,0.0,-532.0,0,1,0,0,0,0,0,0,0,0,0,0,0,0,0,0,0,0,0,0,0.0,0.0,0.0,0.0,0.0,1.0,34,15,0.5543150727549089,0.0596794695158265,0.5543150727549089
0,0,0,0,0,81000.0,508495.5,21672.0,454500.0,6,1,4,2,1,0.0116569999999999,-8631.0,-4787,1,1,1,1,1,0,14,1.0,1,1,6,13,0,0,0,0,1,1,5,0.3915192966431568,0.5352762504724826,0.0,0.0,0.0,0.0,-206.0,0,1,0,0,0,0,0,0,0,0,0,0,0,0,0,0,0,0,0,0,0.0,0.0,0.0,0.0,0.0,1.0,40,7,6.27764472043555,0.2675522524413279,6.27764472043555
0,1,1,0,0,112500.0,417024.0,25200.0,360000.0,6,7,4,3,1,0.006207,-3548.0,-1355,1,1,1,1,0,0,8,1.0,2,2,5,11,0,0,0,1,1,0,5,0.0865549978895753,0.3589512285783967,1.0,0.0,1.0,0.0,0.0,0,1,0,0,0,0,0,0,0,0,0,0,0,0,0,0,0,0,0,0,0.0,0.0,0.0,0.0,0.0,0.0,23,0,3.706847050248442,0.2239980089065875,3.706847050248442
0,0,0,0,0,135000.0,512338.5,25047.0,423000.0,6,3,4,2,1,0.04622,-2159.0,-560,1,0,0,1,0,0,18,1.0,1,1,0,13,0,0,0,0,0,0,57,0.4572949240356909,0.2940831009471255,0.0,0.0,0.0,0.0,-1214.0,0,0,0,0,1,0,0,0,0,0,0,0,0,0,0,0,0,0,0,0,0.0,0.0,0.0,0.0,0.0,3.0,57,0,3.795071888356383,0.1855319590225257,3.795071888356383
1,0,1,1,0,135000.0,630000.0,31500.0,630000.0,6,7,4,1,1,0.020246,-9543.0,-2460,1,1,0,1,0,0,0,2.0,3,3,3,11,0,0,0,0,0,0,0,0.5286280053007592,0.375711009574066,0.0,0.0,0.0,0.0,-1866.0,0,0,0,0,0,0,0,0,0,0,0,0,0,0,0,0,0,0,0,0,0.0,0.0,0.0,1.0,0.0,2.0,51,2,4.666632099021489,0.2333316049510744,4.666632099021489
0,0,0,0,0,99000.0,450000.0,25258.5,450000.0,6,7,4,2,1,0.020246,-7594.0,-2309,1,1,1,1,1,0,8,1.0,3,3,1,12,0,0,0,0,0,0,5,0.2967775385014228,0.5136937663039473,0.0,0.0,0.0,0.0,-2640.0,0,1,0,0,0,0,0,0,0,0,0,0,0,0,0,0,0,0,0,0,0.0,0.0,0.0,1.0,0.0,4.0,51,2,4.545408632236038,0.2551337865274088,4.545408632236038
0,0,1,1,0,180000.0,2156400.0,59431.5,1800000.0,6,4,4,1,1,0.035792,-5638.0,-2688,1,1,1,1,1,0,11,2.0,2,2,5,13,0,0,0,0,0,0,30,0.6238430141034935,0.3927738606031339,6.0,0.0,5.0,0.0,-2539.0,0,1,0,0,0,0,0,0,0,0,0,0,0,0,0,0,0,0,0,0,0.0,0.0,0.0,5.0,0.0,0.0,52,21,11.979933444814195,0.3301731657046349,11.979933444814195
0,1,0,0,1,180000.0,490495.5,31477.5,454500.0,6,4,4,1,1,0.018634,-8391.0,-4486,1,1,0,1,0,0,6,3.0,2,2,1,11,0,0,0,0,1,1,20,0.5649190160946986,0.6848276586890367,1.0,0.0,1.0,0.0,0.0,0,1,0,0,0,0,0,0,0,0,0,0,0,0,0,0,0,0,0,0,0.0,0.0,0.0,0.0,0.0,0.0,39,7,2.724959861334104,0.1748740284776195,2.724959861334104
1,0,0,1,1,103500.0,135000.0,6750.0,135000.0,1,7,4,0,1,0.00733,-4411.0,-43,1,1,0,1,0,0,3,3.0,2,2,6,11,0,0,0,0,0,0,28,0.5472312924471578,0.5460231970049609,3.0,0.0,3.0,0.0,-1565.0,0,0,0,0,0,0,0,0,0,0,0,0,0,0,0,0,0,0,0,0,0.0,0.0,0.0,0.0,0.0,8.0,45,0,1.3043352238142627,0.0652167611907131,1.3043352238142627
0,0,0,1,0,148500.0,523278.0,26847.0,391500.0,1,3,4,1,1,0.020713,-4868.0,-5716,1,0,0,1,0,0,18,2.0,3,1,1,7,0,0,0,0,0,0,57,0.6281793328517676,0.5352762504724826,4.0,0.0,4.0,0.0,-595.0,0,0,0,0,1,0,0,0,0,0,0,0,0,0,0,0,0,0,0,0,0.0,0.0,0.0,0.0,0.0,1.0,60,0,3.523733846910122,0.1807866613692837,3.523733846910122
0,0,0,1,0,135000.0,1078200.0,31653.0,900000.0,6,7,4,1,1,0.019101,-12336.0,-4518,1,1,0,1,0,0,6,2.0,2,2,0,9,0,0,0,0,1,1,26,0.6393854102705127,0.6075573001388961,0.0,0.0,0.0,0.0,-1833.0,0,1,0,0,0,0,0,0,0,0,0,0,0,0,0,0,0,0,0,0,0.0,0.0,0.0,0.0,0.0,2.0,62,11,7.986607506611062,0.2344649298894082,7.986607506611062
0,0,0,1,0,135000.0,229230.0,12928.5,202500.0,1,3,4,1,2,0.005084,-11529.0,-4343,1,0,0,1,0,0,18,2.0,2,2,0,13,0,0,0,0,0,0,57,0.5988685266696441,0.2764406945454034,1.0,0.0,1.0,0.0,-64.0,0,0,0,0,1,0,0,0,0,0,0,0,0,0,0,0,0,0,0,0,0.0,0.0,0.0,0.0,3.0,0.0,62,0,1.6979874223153903,0.0957659572892052,1.6979874223153903
0,0,0,1,0,162000.0,239850.0,23494.5,225000.0,6,3,4,1,1,0.035792,-9940.0,-3389,1,0,0,1,0,0,18,2.0,2,2,5,15,0,0,0,0,0,0,57,0.7049387041816354,0.5919766183185521,0.0,0.0,0.0,0.0,-902.0,0,1,0,0,0,0,0,0,0,0,0,0,0,0,0,0,0,0,0,0,0.0,0.0,0.0,0.0,0.0,2.0,54,0,1.4805464163801458,0.1450268825501077,1.4805464163801458
0,0,0,1,1,180000.0,579942.0,37192.5,495000.0,6,4,4,0,1,0.006629,-7012.0,-1799,1,1,0,1,0,0,18,3.0,2,2,6,5,0,0,0,0,0,0,5,0.6079632157406731,0.5352762504724826,4.0,2.0,4.0,2.0,-863.0,0,1,0,0,0,0,0,0,0,0,0,0,0,0,0,0,0,0,0,0,0.0,0.0,0.0,0.0,0.0,1.0,36,6,3.2218821006549963,0.2066238520897106,3.2218821006549963
0,0,0,0,0,112500.0,900000.0,32458.5,900000.0,6,1,4,5,1,0.0145199999999999,-1041.0,-1970,1,1,0,1,0,0,8,1.0,2,2,4,9,0,0,0,0,0,0,24,0.5014342062464512,0.3441550073724169,0.0,0.0,0.0,0.0,-1734.0,0,1,0,0,0,0,0,0,0,0,0,0,0,0,0,0,0,0,0,0,0.0,0.0,0.0,1.0,0.0,2.0,50,14,7.999928889520982,0.2885174354005742,7.999928889520982
0,1,0,0,1,112500.0,288873.0,19435.5,238500.0,6,7,4,0,1,0.00823,-6314.0,-1332,1,1,0,1,0,0,8,3.0,2,2,4,15,0,0,0,0,0,0,33,0.3032756277868527,0.3296550543128238,0.0,0.0,0.0,0.0,-327.0,0,1,0,0,0,0,0,0,0,0,0,0,0,0,0,0,0,0,0,0,0.0,0.0,0.0,0.0,1.0,0.0,48,1,2.5677371756695497,0.1727584643692056,2.5677371756695497
0,0,0,1,0,202500.0,540000.0,17374.5,540000.0,6,3,4,3,1,0.018209,-8536.0,-4782,1,0,0,1,0,0,18,1.0,3,3,6,8,0,0,0,0,0,0,57,0.5099011369725795,0.0988592803548219,0.0,0.0,0.0,0.0,-1216.0,0,0,0,0,1,0,0,0,0,0,0,0,0,0,0,0,0,0,0,0,0.0,0.0,0.0,0.0,2.0,0.0,60,0,2.666653498007417,0.0857995762983886,2.666653498007417
0,0,0,0,0,135000.0,579942.0,34663.5,495000.0,6,3,4,1,1,0.02461,-8190.0,-4680,1,0,0,1,1,0,18,2.0,2,2,5,9,0,0,0,0,0,0,57,0.5998452166563009,0.6212263380626669,2.0,0.0,2.0,0.0,0.0,0,0,0,0,1,0,0,0,0,0,0,0,0,0,0,0,0,0,0,0,0.0,0.0,1.0,0.0,0.0,1.0,59,0,4.29583484566781,0.2567647647054466,4.29583484566781
0,1,1,0,2,157500.0,545040.0,36553.5,450000.0,1,7,2,1,5,0.020246,-187.0,-3152,1,1,0,1,1,0,4,4.0,3,3,4,7,0,0,0,0,0,0,5,0.3588049187967844,0.4794489811780563,0.0,0.0,0.0,0.0,-1631.0,0,1,0,0,0,0,0,0,0,0,0,0,0,0,0,0,0,0,0,0,0.0,0.0,0.0,0.0,0.0,5.0,28,0,3.4605494568288457,0.2320842407349794,3.4605494568288457
0,0,0,0,0,135000.0,227520.0,12834.0,180000.0,6,3,4,2,1,0.007114,-4071.0,-4071,1,0,0,1,0,0,18,1.0,2,2,6,15,0,0,0,0,0,0,57,0.6590524794077108,0.6195277080511546,0.0,0.0,0.0,0.0,-1896.0,0,1,0,0,0,0,0,0,0,0,0,0,0,0,0,0,0,0,0,0,0.0,0.0,0.0,0.0,0.0,2.0,62,0,1.685320849475189,0.095065962474352,1.685320849475189
0,0,0,1,0,112500.0,755190.0,29947.5,675000.0,6,3,4,1,1,0.035792,-2330.0,-2464,1,0,0,1,1,0,18,2.0,2,2,4,13,0,0,0,0,0,0,57,0.2614721801528627,0.0920128093981064,1.0,1.0,1.0,1.0,-350.0,0,1,0,0,0,0,0,0,0,0,0,0,0,0,0,0,0,0,0,0,0.0,0.0,0.0,0.0,1.0,0.0,56,0,6.712740331197056,0.2661976337988107,6.712740331197056
0,0,1,1,0,270000.0,1234863.0,115587.0,1170000.0,6,7,1,5,1,0.032561,-6045.0,-4601,1,1,0,1,1,0,3,1.0,1,1,2,13,0,0,0,0,0,0,5,0.6918215104473951,0.8235493123400324,0.0,0.0,0.0,0.0,-1796.0,0,1,0,0,0,0,0,0,0,0,0,0,0,0,0,0,0,0,0,0,0.0,0.0,0.0,0.0,0.0,1.0,57,11,4.573549727593601,0.4280984144503169,4.573549727593601
0,1,1,0,0,135000.0,1024780.5,52452.0,841500.0,6,7,1,0,1,0.006852,-16.0,-1765,1,1,0,1,0,0,4,2.0,3,3,6,8,0,0,0,0,0,0,55,0.5060370428771869,0.5352762504724826,0.0,0.0,0.0,0.0,-1482.0,0,1,0,0,0,0,0,0,0,0,0,0,0,0,0,0,0,0,0,0,0.0,0.0,0.0,0.0,0.0,1.0,49,1,7.590910437700462,0.3885304553299605,7.590910437700462
0,1,1,1,0,67500.0,263686.5,14854.5,238500.0,6,7,4,1,1,0.018801,-699.0,-43,1,1,0,1,0,0,8,2.0,2,2,4,6,0,0,0,0,1,1,5,0.3645297586366833,0.3280631605201915,0.0,0.0,0.0,0.0,0.0,0,1,0,0,0,0,0,0,0,0,0,0,0,0,0,0,0,0,0,0,0.0,0.0,0.0,1.0,2.0,3.0,45,3,3.906408793943793,0.2200634064680523,3.906408793943793
0,0,0,1,2,292500.0,1288350.0,37800.0,1125000.0,6,3,4,1,1,0.016612,-3378.0,-3557,1,0,0,1,0,0,18,4.0,2,2,2,10,0,0,0,0,0,0,57,0.7057386012247338,0.4206109640437848,0.0,0.0,0.0,0.0,-476.0,0,1,0,0,0,0,0,0,0,0,0,0,0,0,0,0,0,0,0,0,0.0,0.0,0.0,0.0,0.0,6.0,33,0,4.404600326152731,0.129230327417684,4.404600326152731
0,0,0,1,0,157500.0,285723.0,21492.0,238500.0,6,7,4,1,1,0.025164,-16033.0,-501,1,1,0,1,1,0,1,2.0,2,2,1,13,0,0,0,0,0,0,6,0.4500160947010737,0.5226973172821112,3.0,0.0,3.0,0.0,-2525.0,0,1,0,0,0,0,0,0,0,0,0,0,0,0,0,0,0,0,0,0,0.0,0.0,0.0,0.0,0.0,4.0,46,7,1.814102767601476,0.1364562764680859,1.814102767601476
1,0,0,1,0,112500.0,270000.0,13500.0,270000.0,3,7,1,3,1,0.006207,-8273.0,-935,1,1,0,1,0,0,3,1.0,2,2,1,15,0,0,0,0,1,1,39,0.0611742453829291,0.5352762504724826,2.0,0.0,2.0,0.0,-149.0,0,0,0,0,0,0,0,0,0,0,0,0,0,0,0,0,0,0,0,0,0.0,0.0,0.0,0.0,0.0,1.0,22,1,2.3999786668562946,0.1199989333428147,2.3999786668562946
0,0,0,1,0,238500.0,1064776.5,54220.5,958500.0,6,1,1,1,1,0.0060079999999999,-429.0,-1023,1,1,0,1,0,0,14,2.0,2,2,6,13,0,0,0,0,0,0,42,0.6507896483217585,0.5352762504724826,1.0,0.0,1.0,0.0,-486.0,0,1,0,0,0,0,0,0,0,0,0,0,0,0,0,0,0,0,0,0,0.0,0.0,0.0,0.0,0.0,1.0,27,4,4.464452979232791,0.2273386694395411,4.464452979232791
0,1,1,0,1,135000.0,225000.0,12204.0,225000.0,6,7,4,1,1,0.026392,-748.0,-4128,1,1,1,1,1,0,8,3.0,2,2,5,12,0,0,0,0,0,0,5,0.7055387455144709,0.4400578303966329,1.0,0.0,1.0,0.0,-3435.0,0,1,0,0,0,0,0,0,0,0,0,0,0,0,0,0,0,0,0,0,0.0,0.0,0.0,0.0,0.0,0.0,42,1,1.6666543210791032,0.0903993303753305,1.6666543210791032
0,1,0,0,1,112500.0,576072.0,26986.5,405000.0,6,3,4,1,1,0.018029,-1297.0,-4160,1,0,0,1,0,0,18,3.0,3,3,6,7,0,0,0,0,0,0,57,0.3277002546538008,0.5352762504724826,0.0,0.0,0.0,0.0,-57.0,0,1,0,0,0,0,0,0,0,0,0,0,0,0,0,0,0,0,0,0,0.0,0.0,0.0,0.0,0.0,1.0,39,0,5.12059448360459,0.2398778677522866,5.12059448360459
0,0,0,1,1,184500.0,1129500.0,33156.0,1129500.0,6,1,1,1,1,0.015221,-5790.0,-1976,1,1,0,1,0,0,3,3.0,2,2,6,13,0,0,0,0,0,0,3,0.4819798700691899,0.4276573700350293,5.0,2.0,5.0,2.0,-572.0,0,1,0,0,0,0,0,0,0,0,0,0,0,0,0,0,0,0,0,0,0.0,0.0,0.0,0.0,0.0,2.0,30,3,6.121918038384616,0.1797063430550512,6.121918038384616
0,1,1,1,1,135000.0,573943.5,24448.5,513000.0,6,7,4,1,1,0.019101,-1571.0,-4081,1,1,0,1,0,0,4,3.0,2,2,1,14,0,0,0,0,0,0,42,0.5872003298987594,0.8214433128935934,8.0,0.0,8.0,0.0,-987.0,0,1,0,0,0,0,0,0,0,0,0,0,0,0,0,0,0,0,0,0,0.0,0.0,0.0,0.0,0.0,0.0,43,4,4.251401841467841,0.1810986585284553,4.251401841467841
0,0,1,1,0,198000.0,521280.0,23089.5,450000.0,6,7,4,1,1,0.0196889999999999,-3111.0,-4277,1,1,1,1,1,0,0,2.0,2,2,5,16,0,0,0,0,0,0,4,0.5671213608835035,0.4188542886233217,0.0,0.0,0.0,0.0,-2288.0,0,0,0,0,1,0,0,0,0,0,0,0,0,0,0,0,0,0,0,0,0.0,0.0,0.0,0.0,2.0,0.0,56,35,2.6327139761920395,0.1166130474088514,2.6327139761920395
0,1,1,1,0,405000.0,545040.0,26640.0,450000.0,6,7,4,3,1,0.016612,-2686.0,-3071,1,1,0,1,0,0,4,1.0,2,2,5,13,0,0,0,0,0,0,33,0.0992936555814689,0.5280927512030451,11.0,0.0,10.0,0.0,-81.0,0,1,0,0,0,0,0,0,0,0,0,0,0,0,0,0,0,0,0,0,0.0,0.0,0.0,0.0,2.0,0.0,32,0,1.3457744548778892,0.0657776153639126,1.3457744548778892
0,1,1,1,2,315000.0,457312.5,33408.0,373500.0,6,7,1,1,1,0.019101,-2776.0,-4557,1,1,0,1,0,0,3,4.0,2,2,0,17,0,0,0,0,1,1,34,0.495765140717496,0.5280927512030451,9.0,0.0,8.0,0.0,-2487.0,0,1,0,0,0,0,0,0,0,0,0,0,0,0,0,0,0,0,0,0,0.0,0.0,0.0,0.0,2.0,3.0,34,9,1.4517811054568082,0.1060568061688693,1.4517811054568082
0,1,0,0,0,245046.6,1575000.0,41679.0,1575000.0,6,1,1,1,1,0.019101,-10229.0,-1823,1,1,1,1,1,0,10,2.0,2,2,4,17,0,0,0,0,0,0,4,0.5786356116881611,0.2866524828090694,3.0,0.0,3.0,0.0,-4.0,0,0,0,0,0,0,0,0,0,0,0,0,0,0,0,0,0,0,0,0,0.0,0.0,0.0,0.0,0.0,0.0,50,12,6.427322691591348,0.1700853221986259,6.427322691591348
0,0,0,1,2,81000.0,675000.0,26284.5,675000.0,6,1,4,1,1,0.035792,-5613.0,-4327,1,1,1,1,1,0,1,4.0,2,2,5,9,0,0,0,0,1,1,5,0.5199672954415664,0.4740512892789932,2.0,0.0,2.0,0.0,-1922.0,0,1,0,0,0,0,0,0,0,0,0,0,0,0,0,0,0,0,0,0,0.0,0.0,0.0,0.0,0.0,3.0,38,2,8.333230453945013,0.3244959938766188,8.333230453945013
0,1,0,0,0,202500.0,450000.0,22018.5,450000.0,6,7,4,2,1,0.0145199999999999,-2758.0,-3017,1,1,0,1,0,0,8,1.0,2,2,6,11,0,0,0,0,1,1,1,0.2319427311585574,0.6397075677637197,1.0,0.0,1.0,0.0,0.0,0,1,0,0,0,0,0,0,0,0,0,0,0,0,0,0,0,0,0,0,0.0,0.0,0.0,0.0,0.0,2.0,28,4,2.2222112483395144,0.1087327963812524,2.2222112483395144
1,1,1,0,0,112500.0,360000.0,18000.0,360000.0,6,7,4,1,1,0.007305,-2253.0,-3860,1,1,0,1,0,0,4,2.0,3,3,1,14,0,0,0,0,1,1,33,0.6060017714318168,0.5352762504724826,0.0,0.0,0.0,0.0,-1173.0,0,0,0,0,0,0,0,0,0,0,0,0,0,0,0,0,0,0,0,0,0.0,0.0,0.0,0.0,0.0,1.0,55,2,3.1999715558083928,0.1599985777904196,3.1999715558083928
1,1,0,1,0,301500.0,225000.0,11250.0,225000.0,6,7,1,3,1,0.04622,-1361.0,-2782,1,1,0,1,0,1,18,1.0,1,1,0,12,0,1,1,0,0,0,34,0.607494035675777,0.746300213050371,0.0,0.0,0.0,0.0,-569.0,0,0,0,0,0,0,0,0,0,0,0,0,0,0,0,0,0,0,0,0,0.0,0.0,0.0,0.0,0.0,2.0,40,2,0.7462661815383697,0.0373133090769184,0.7462661815383697
0,1,1,1,0,180000.0,916470.0,32598.0,765000.0,6,1,4,1,1,0.025164,-3319.0,-4094,1,1,0,1,0,0,8,2.0,2,2,6,15,0,0,0,0,0,0,5,0.7371517911515596,0.7180328113294772,3.0,0.0,3.0,0.0,-355.0,0,1,0,0,0,0,0,0,0,0,0,0,0,0,0,0,0,0,0,0,0.0,0.0,0.0,0.0,1.0,2.0,37,4,5.091471714046033,0.1810989938944783,5.091471714046033
0,1,1,0,0,202500.0,390960.0,15223.5,337500.0,6,3,4,1,1,0.04622,-7517.0,-4983,1,0,0,1,0,0,18,2.0,1,1,4,11,0,0,0,0,0,0,57,0.5243431090214252,0.8406665596573005,9.0,0.0,9.0,0.0,-1.0,0,0,0,0,1,0,0,0,0,0,0,0,0,0,0,0,0,0,0,0,0.0,0.0,0.0,0.0,0.0,2.0,60,0,1.93065713255737,0.0751774065313257,1.93065713255737
1,0,0,1,0,76500.0,180000.0,9000.0,180000.0,6,4,4,3,1,0.006629,-1858.0,-1676,1,1,0,1,0,0,17,1.0,2,2,1,4,0,0,0,1,1,1,30,0.5276143795553556,0.6610235391308081,0.0,0.0,0.0,0.0,-360.0,0,0,0,0,0,0,0,0,0,0,0,0,0,0,0,0,0,0,0,0,0.0,0.0,0.0,0.0,0.0,0.0,50,2,2.352910419471641,0.117645520973582,2.352910419471641
0,1,0,1,0,76500.0,808650.0,23175.0,675000.0,6,3,1,1,1,0.01885,-230.0,-4830,1,0,0,1,0,0,18,2.0,2,2,1,16,0,0,0,0,0,0,57,0.7962029816575779,0.6706517530862718,2.0,1.0,2.0,0.0,-1516.0,0,0,0,0,1,0,0,0,0,0,0,0,0,0,0,0,0,0,0,0,0.0,0.0,0.0,0.0,0.0,2.0,60,0,10.570450059476348,0.3029372165069737,10.570450059476348
0,0,1,1,3,202500.0,1078200.0,31522.5,900000.0,6,4,1,1,1,0.010966,-4696.0,-4197,1,1,0,1,0,0,4,5.0,2,2,5,19,0,0,0,0,0,0,31,0.696866155699312,0.4578995512067301,0.0,0.0,0.0,0.0,-950.0,0,1,0,0,0,0,0,0,0,0,0,0,0,0,0,0,0,0,0,0,0.0,0.0,0.0,0.0,0.0,1.0,36,8,5.324418151021477,0.155665897946183,5.324418151021477
0,1,1,1,1,225000.0,159264.0,11668.5,126000.0,6,7,4,1,1,0.008019,-4529.0,-2554,1,1,0,1,1,0,2,3.0,2,2,5,14,0,0,0,0,1,1,5,0.7401321712775113,0.3774042489507649,2.0,0.0,2.0,0.0,-1511.0,0,1,0,0,0,0,0,0,0,0,0,0,0,0,0,0,0,0,0,0,0.0,0.0,0.0,0.0,2.0,2.0,27,2,0.7078368540584264,0.0518597695121355,0.7078368540584264
0,0,0,1,0,45000.0,495000.0,21933.0,495000.0,4,3,4,1,1,0.031329,-11115.0,-4469,1,0,0,1,1,0,18,2.0,2,2,1,13,0,0,0,0,0,0,57,0.3105551807245557,0.7338145369642702,3.0,0.0,3.0,0.0,-1983.0,0,1,0,0,0,0,0,0,0,0,0,0,0,0,0,0,0,0,0,0,0.0,0.0,0.0,0.0,0.0,5.0,58,0,10.999755560987534,0.4873891691295749,10.999755560987534
0,1,0,1,0,247500.0,1394230.5,56916.0,1282500.0,6,7,4,3,1,0.00702,-2814.0,-1924,1,1,0,1,0,0,14,1.0,2,2,0,13,0,0,0,0,0,0,46,0.5083162647320221,0.4543210601605785,1.0,0.0,1.0,0.0,-829.0,0,0,0,0,0,0,0,0,0,0,0,0,0,0,0,0,0,0,0,0,0.0,0.0,0.0,0.0,2.0,1.0,25,1,5.633231784922081,0.2299627072213849,5.633231784922081
0,0,0,1,0,157500.0,974794.5,32215.5,841500.0,1,3,4,1,1,0.005084,-9163.0,-4139,1,0,0,1,1,0,18,2.0,2,2,0,13,0,0,0,0,0,0,57,0.4924581396639912,0.4830501881366946,0.0,0.0,0.0,0.0,-164.0,0,1,0,0,0,0,0,0,0,0,0,0,0,0,0,0,0,0,0,0,0.0,0.0,0.0,0.0,0.0,0.0,65,0,6.189132132494397,0.2045415584662954,6.189132132494397
0,0,1,1,1,202500.0,1288350.0,37800.0,1125000.0,6,1,1,0,1,0.04622,-6555.0,-3790,1,1,0,1,0,0,18,3.0,1,1,3,10,0,0,0,0,1,1,7,0.7564948073385768,0.1735274304649146,3.0,0.0,3.0,0.0,-1980.0,0,0,0,0,0,0,1,0,0,0,0,0,0,0,0,0,0,0,0,0,0.0,0.0,0.0,0.0,2.0,2.0,34,1,6.36219080399603,0.1866657448605192,6.36219080399603
0,1,1,0,0,202500.0,360000.0,26194.5,360000.0,6,1,4,1,2,0.018029,-7630.0,-5711,1,1,1,1,0,1,4,2.0,3,3,3,10,0,0,0,0,0,0,54,0.3251567848806854,0.0739651461172267,1.0,0.0,1.0,0.0,-861.0,0,0,0,0,0,0,1,0,0,0,0,0,0,0,0,0,0,0,0,0,0.0,0.0,0.0,1.0,1.0,2.0,41,7,1.7777689986716114,0.1293549167658431,1.7777689986716114
0,1,0,1,0,135000.0,378706.5,19467.0,306000.0,1,1,4,1,2,0.04622,-4517.0,-2639,1,1,0,1,0,1,14,2.0,1,1,4,15,0,0,0,0,1,1,47,0.6887077969330843,0.5352762504724826,2.0,1.0,2.0,1.0,-38.0,0,1,0,0,0,0,0,0,0,0,0,0,0,0,0,0,0,0,0,0,0.0,0.0,0.0,0.0,0.0,1.0,27,0,2.805212553981081,0.144198931859764,2.805212553981081
0,0,0,1,0,171000.0,545040.0,19705.5,450000.0,6,7,1,0,1,0.018634,-9470.0,-752,1,1,0,1,0,0,14,2.0,2,2,1,10,0,0,0,0,1,1,42,0.1308601079667185,0.3077366963789207,3.0,0.0,3.0,0.0,-4.0,0,1,0,0,0,0,0,0,0,0,0,0,0,0,0,0,0,0,0,0,0.0,0.0,0.0,0.0,0.0,0.0,30,0,3.1873497815802248,0.1152361682095426,3.1873497815802248
0,0,0,0,0,112500.0,225000.0,12564.0,225000.0,6,3,4,1,1,0.028663,-9348.0,-4265,1,0,0,1,0,0,18,2.0,2,2,1,12,0,0,0,0,0,0,57,0.6745873558085035,0.7490217048463391,1.0,0.0,1.0,0.0,-1172.0,0,0,0,0,1,0,0,0,0,0,0,0,0,0,0,0,0,0,0,0,0.0,0.0,0.0,0.0,1.0,8.0,61,0,1.9999822223802453,0.1116790072977129,1.9999822223802453
0,0,1,1,0,234000.0,528633.0,25560.0,472500.0,6,1,4,1,5,0.018634,-978.0,-1523,1,1,0,1,0,0,14,2.0,2,2,3,15,0,0,0,0,0,0,42,0.6410627016757583,0.5478104658520093,2.0,0.0,2.0,0.0,-697.0,0,1,0,0,0,0,0,0,0,0,0,0,0,0,0,0,0,0,0,0,0.0,0.0,0.0,0.0,0.0,5.0,28,5,2.259105730317392,0.1092303024346049,2.259105730317392
0,0,0,0,1,135000.0,1061599.5,28134.0,927000.0,6,7,4,1,1,0.018634,-8174.0,-713,1,1,1,1,1,0,14,3.0,2,2,2,16,0,0,0,0,0,0,42,0.7965079669290076,0.6212263380626669,0.0,0.0,0.0,0.0,-1193.0,0,1,0,0,0,0,0,0,0,0,0,0,0,0,1,0,0,0,0,0,0.0,0.0,0.0,0.0,1.0,1.0,47,11,7.863641750801846,0.208398456307731,7.863641750801846
0,0,0,1,0,67500.0,143910.0,14148.0,135000.0,3,7,4,2,1,0.028663,-7660.0,-1869,1,1,1,1,0,0,14,1.0,2,2,0,13,0,0,0,0,1,1,47,0.4109122943147671,0.5531646987710016,0.0,0.0,0.0,0.0,-1571.0,0,1,0,0,0,0,0,0,0,0,0,0,0,0,0,0,0,0,0,0,0.0,0.0,0.0,0.0,0.0,2.0,50,0,2.1319684152827367,0.2095968948608168,2.1319684152827367
0,1,1,1,1,225000.0,675000.0,32602.5,675000.0,6,7,4,1,1,0.016612,-9860.0,-1321,1,1,0,1,0,0,8,3.0,2,2,3,11,0,0,0,0,0,0,5,0.6558958141460849,0.5495965024956946,0.0,0.0,0.0,0.0,-644.0,0,1,0,0,0,0,0,0,0,0,0,0,0,0,0,0,0,0,0,0,0.0,0.0,0.0,0.0,0.0,4.0,27,2,2.999986666725926,0.1448993560028622,2.999986666725926
0,0,0,1,0,171000.0,781920.0,31522.5,675000.0,4,7,4,3,1,0.020246,-2144.0,-3392,1,1,1,1,0,0,3,1.0,3,3,6,10,0,0,0,0,0,0,11,0.2244941789741081,0.3979463219016906,3.0,0.0,3.0,0.0,-343.0,0,1,0,0,0,0,0,0,0,0,0,0,0,0,0,0,0,0,0,0,0.0,0.0,0.0,1.0,0.0,0.0,54,3,4.572604838568195,0.1843410272454547,4.572604838568195
0,0,0,1,0,112500.0,819432.0,24088.5,684000.0,6,3,3,5,1,0.003813,-12068.0,-3943,1,0,0,1,0,0,18,1.0,2,2,6,14,0,0,0,0,0,0,57,0.6888999796680457,0.7544061731797895,1.0,1.0,1.0,0.0,-207.0,0,0,0,0,1,0,0,0,0,0,0,0,0,0,0,0,0,0,0,0,0.0,0.0,0.0,0.0,0.0,2.0,64,0,7.283775255331063,0.2141180967280291,7.283775255331063
0,1,0,1,0,112500.0,521280.0,28408.5,450000.0,6,7,4,1,1,0.018801,-4005.0,-4045,1,1,1,1,0,0,18,2.0,2,2,5,11,0,0,0,0,0,0,11,0.7128087540130101,0.5352762504724826,0.0,0.0,0.0,0.0,-545.0,0,1,0,0,0,0,0,0,0,0,0,0,0,0,0,0,0,0,0,0,0.0,0.0,0.0,0.0,0.0,1.0,43,2,4.633558812810553,0.2525177553977298,4.633558812810553
0,0,1,1,0,198000.0,545040.0,20547.0,450000.0,6,1,4,1,5,0.010643,-6559.0,-2530,1,1,0,1,0,0,8,2.0,2,2,0,17,1,1,0,1,1,0,20,0.6807110384726744,0.4884551844437485,0.0,0.0,0.0,0.0,-152.0,0,1,0,0,0,0,0,0,0,0,0,0,0,0,0,0,0,0,0,0,0.0,0.0,0.0,1.0,1.0,1.0,30,2,2.752713370134494,0.103772203170691,2.752713370134494
0,0,0,0,0,135000.0,251280.0,11196.0,180000.0,6,1,4,1,1,0.008625,-1709.0,-511,1,1,0,1,0,0,14,2.0,2,2,2,16,0,0,0,0,0,0,5,0.5773981718225867,0.5352762504724826,2.0,0.0,2.0,0.0,-3260.0,0,1,0,0,0,0,0,0,0,0,0,0,0,0,0,0,0,0,0,0,0.0,0.0,0.0,0.0,0.0,1.0,46,3,1.8613195457811424,0.0829327190168961,1.8613195457811424
0,0,0,0,1,94500.0,495000.0,18342.0,495000.0,7,7,4,1,1,0.028663,-2469.0,-291,1,1,1,1,1,0,11,3.0,2,2,0,8,0,0,0,0,0,0,30,0.7068137349557766,0.6075573001388961,0.0,0.0,0.0,0.0,-3.0,0,1,0,0,0,0,0,0,0,0,0,0,0,0,0,0,1,0,0,0,0.0,0.0,0.0,0.0,1.0,0.0,45,12,5.238039809102549,0.194093184199109,5.238039809102549
0,0,1,1,0,99000.0,808650.0,26217.0,675000.0,6,7,4,1,1,0.018209,-4769.0,-1061,1,1,0,1,1,0,18,2.0,3,3,5,11,0,1,1,0,1,1,33,0.5452854782101516,0.3139166772114369,0.0,0.0,0.0,0.0,-1259.0,0,1,0,0,0,0,0,0,0,0,0,0,0,0,0,0,0,0,0,0,0.0,0.0,0.0,0.0,0.0,0.0,47,0,8.16809931212816,0.2648155069140716,8.16809931212816
0,0,0,1,0,211500.0,497520.0,39307.5,450000.0,1,3,4,5,1,0.007305,-109.0,-2613,1,0,0,1,1,0,18,1.0,3,3,0,7,0,0,0,0,0,0,57,0.3772438917364657,0.2498850627504553,0.0,0.0,0.0,0.0,-261.0,0,1,0,0,0,0,0,0,0,0,0,0,0,0,0,0,0,0,0,0,0.0,0.0,0.0,0.0,0.0,6.0,37,0,2.352329303407549,0.1858501851055077,2.352329303407549
0,0,1,1,0,360000.0,983299.5,41661.0,904500.0,6,7,1,3,1,0.04622,-3699.0,-2700,1,1,1,1,0,1,18,1.0,1,1,1,15,0,1,1,0,1,1,5,0.6241303350797809,0.0926171713748545,0.0,0.0,0.0,0.0,-767.0,0,1,0,0,0,0,0,0,0,0,0,0,0,0,0,0,0,0,0,0,0.0,0.0,0.0,2.0,0.0,5.0,27,2,2.7313799128335754,0.1157246785425596,2.7313799128335754
0,0,1,1,0,135000.0,743031.0,39717.0,688500.0,6,1,4,1,1,0.018634,-220.0,-314,1,1,0,1,0,0,10,2.0,2,2,1,17,0,0,0,0,0,0,5,0.420222174865856,0.7091891096653581,0.0,0.0,0.0,0.0,-868.0,0,1,0,0,0,0,0,0,0,0,0,0,0,0,0,0,0,0,0,0,0.0,0.0,0.0,0.0,0.0,2.0,45,5,5.503892563758787,0.2941978207568833,5.503892563758787
0,0,1,1,0,225000.0,101880.0,5818.5,90000.0,6,3,4,1,1,0.030755,-4146.0,-4080,1,0,0,1,0,0,18,2.0,2,2,1,14,0,0,0,0,0,0,57,0.3966520620582665,0.7922644738669378,4.0,0.0,3.0,0.0,0.0,0,0,0,0,1,0,0,0,0,0,0,0,0,0,0,0,0,0,0,0,0.0,0.0,0.0,0.0,0.0,2.0,63,0,0.4527979875644997,0.0258598850671774,0.4527979875644997
0,0,0,1,0,225000.0,1039702.5,34492.5,931500.0,0,1,4,5,1,0.0196889999999999,-3379.0,-4685,1,1,0,1,0,0,18,1.0,2,2,2,14,0,0,0,0,0,0,4,0.4580005211930466,0.3910549766342248,0.0,0.0,0.0,0.0,-379.0,0,1,0,0,0,0,0,0,0,0,0,0,0,0,0,0,0,0,0,0,0.0,0.0,0.0,1.0,0.0,1.0,41,16,4.620879462757944,0.1532993186696948,4.620879462757944
0,0,0,1,0,126000.0,408780.0,15538.5,337500.0,6,3,4,0,1,0.031329,-12783.0,-3912,1,0,0,1,0,0,18,2.0,2,2,5,12,0,0,0,0,0,0,57,0.2622583692422573,0.4956658291397297,1.0,0.0,1.0,0.0,-2000.0,0,0,0,0,1,0,0,0,0,0,0,0,0,0,0,0,0,0,0,0,0.0,0.0,0.0,0.0,0.0,0.0,62,0,3.2442599661907443,0.1233204498376997,3.2442599661907443
1,0,0,0,2,81000.0,180000.0,9000.0,180000.0,6,7,4,3,1,0.01885,-2567.0,-3627,1,1,0,1,1,0,11,3.0,2,2,4,15,0,0,0,0,0,0,33,0.6864906786143247,0.5549467685334323,0.0,0.0,0.0,0.0,-139.0,0,0,0,0,0,0,0,0,0,0,0,0,0,0,0,0,0,0,0,0,0.0,0.0,0.0,0.0,0.0,2.0,31,2,2.2221947877186703,0.1111097393859335,2.2221947877186703
0,1,0,1,0,225000.0,497520.0,53712.0,450000.0,6,1,4,2,1,0.04622,-1235.0,-2901,1,1,0,1,0,0,8,1.0,1,1,1,11,0,0,0,0,0,0,7,0.7727554915060653,0.5352762504724826,0.0,0.0,0.0,0.0,-408.0,0,0,0,0,0,0,1,0,0,0,0,0,0,0,0,0,0,0,0,0,0.0,0.0,0.0,0.0,0.0,1.0,52,9,2.211190172488122,0.2387189390269376,2.211190172488122
0,0,0,1,0,112500.0,1350000.0,37125.0,1350000.0,6,7,4,1,1,0.028663,-1443.0,-714,1,1,0,1,1,0,1,2.0,2,2,5,9,0,0,0,0,0,0,5,0.2264532403490737,0.6178261467332483,0.0,0.0,0.0,0.0,-167.0,0,0,0,1,0,0,0,0,0,0,0,0,0,0,0,0,0,0,0,0,0.0,0.0,0.0,4.0,0.0,5.0,53,7,11.999893334281474,0.3299970666927405,11.999893334281474
0,1,1,1,2,180000.0,247500.0,24610.5,247500.0,6,7,4,1,1,0.026392,-5315.0,-4255,1,1,0,1,0,0,8,4.0,2,2,4,14,0,0,0,1,1,0,3,0.6405341959868692,0.7958031328748403,0.0,0.0,0.0,0.0,0.0,0,1,0,0,0,0,0,0,0,0,0,0,0,0,0,0,0,0,0,0,0.0,0.0,0.0,0.0,0.0,1.0,41,0,1.374992361153549,0.1367242404208865,1.374992361153549
0,1,0,1,0,67500.0,157050.0,8145.0,112500.0,6,3,4,0,1,0.003813,-4901.0,-4927,1,0,0,1,0,0,18,2.0,2,2,6,11,0,0,0,0,0,0,57,0.3584578577792559,0.4992720153045617,0.0,0.0,0.0,0.0,-825.0,0,0,0,0,1,0,0,0,0,0,0,0,0,0,0,0,0,0,0,0,0.0,0.0,0.0,0.0,0.0,3.0,64,0,2.3266321980415103,0.120664879038829,2.3266321980415103
0,0,0,1,0,171000.0,990000.0,28944.0,990000.0,6,7,4,1,1,0.026392,-791.0,-4584,1,1,1,1,1,0,2,2.0,2,2,6,14,0,0,0,0,0,0,5,0.70165327986064,0.5352762504724826,6.0,1.0,6.0,1.0,-1754.0,0,1,0,0,0,0,0,0,0,0,0,0,0,0,0,0,0,0,0,0,0.0,0.0,0.0,1.0,0.0,0.0,43,7,5.789439827837264,0.1692621680574967,5.789439827837264
0,1,1,1,0,247500.0,640080.0,29970.0,450000.0,6,7,4,2,1,0.016612,-6497.0,-231,1,1,0,1,0,0,8,1.0,2,2,5,17,0,0,0,1,1,0,5,0.5474642609639604,0.190705947811054,0.0,0.0,0.0,0.0,-224.0,0,1,0,0,0,0,0,0,0,0,0,0,0,0,0,0,0,0,0,0,0.0,0.0,0.0,0.0,0.0,1.0,45,1,2.58617136900457,0.1210904198366875,2.58617136900457
0,0,0,1,2,157500.0,494118.0,36085.5,436500.0,6,7,4,2,1,0.016612,-102.0,-1125,1,1,0,1,0,0,8,3.0,2,2,6,15,0,0,0,0,0,0,5,0.5412268688720429,0.375711009574066,0.0,0.0,0.0,0.0,0.0,0,1,0,0,0,0,0,0,0,0,0,0,0,0,0,0,0,0,0,0,0.0,0.0,0.0,0.0,0.0,2.0,37,3,3.137237223890642,0.2291128310296442,3.137237223890642
0,0,0,1,0,135000.0,889515.0,31644.0,742500.0,6,7,4,2,5,0.025164,-4111.0,-5034,1,1,0,1,0,0,1,1.0,2,2,6,11,0,0,0,0,0,0,42,0.5932454445411088,0.2910973802776635,0.0,0.0,0.0,0.0,0.0,0,1,0,0,0,0,0,0,0,0,0,0,0,0,0,0,0,0,0,0,0.0,0.0,0.0,0.0,0.0,5.0,35,3,6.588951192954126,0.234398263716565,6.588951192954126
0,1,1,1,2,135000.0,450000.0,22018.5,450000.0,1,1,4,1,1,0.019101,-6855.0,-3411,1,1,0,1,0,0,4,4.0,2,2,0,17,0,0,0,1,1,0,30,0.6551650014271105,0.5884877883422673,0.0,0.0,0.0,0.0,-356.0,0,1,0,0,0,0,0,0,0,0,0,0,0,0,0,0,0,0,0,0,0.0,0.0,0.0,0.0,2.0,4.0,55,4,3.3333086421582063,0.163098791860801,3.3333086421582063
0,0,1,1,0,45000.0,760131.0,22356.0,634500.0,6,7,1,1,1,0.015221,-2167.0,-2506,1,1,0,1,0,0,11,2.0,2,2,6,11,0,0,0,0,0,0,30,0.601607544981177,0.6479768603302221,1.0,0.0,1.0,0.0,-1832.0,0,1,0,0,0,0,0,0,0,0,0,0,0,0,0,0,0,0,0,0,0.0,0.0,0.0,1.0,0.0,0.0,29,6,16.89142463500811,0.4967889602453278,16.89142463500811
0,0,0,1,0,81000.0,112500.0,5539.5,112500.0,1,3,4,1,1,0.026392,-12210.0,-4544,1,0,0,1,0,0,18,2.0,2,2,4,11,0,0,0,0,0,0,57,0.6878539085158113,0.6956219298394389,2.0,0.0,2.0,0.0,-1146.0,0,0,0,0,1,0,0,0,0,0,0,0,0,0,0,0,0,0,0,0,0.0,0.0,0.0,0.0,0.0,6.0,60,0,1.3888717423241688,0.068388044592042,1.3888717423241688
0,0,0,1,0,270000.0,204858.0,10723.5,171000.0,6,7,1,1,1,0.00733,-5916.0,-3276,1,1,0,1,0,0,3,2.0,2,2,0,12,0,0,0,0,0,0,39,0.4653373199719467,0.6161216908872079,0.0,0.0,0.0,0.0,0.0,0,1,0,0,0,0,0,0,0,0,0,0,0,0,0,0,0,0,0,0,0.0,0.0,0.0,0.0,0.0,4.0,33,4,0.7587305232202843,0.039716519568446,0.7587305232202843
0,1,1,1,0,315000.0,1042560.0,61087.5,900000.0,6,7,2,1,1,0.006629,-6872.0,-4206,1,1,0,1,0,0,10,2.0,2,2,5,3,0,0,0,0,0,0,5,0.7441078338706175,0.5352762504724826,1.0,1.0,1.0,0.0,0.0,0,1,0,0,0,0,0,0,0,0,0,0,0,0,0,0,0,0,0,0,0.0,0.0,0.0,0.0,0.0,3.0,40,4,3.3097037787181627,0.1939279557842673,3.3097037787181627
0,1,0,1,0,135000.0,755190.0,36459.0,675000.0,4,7,4,1,5,0.00823,-5270.0,-3389,1,1,0,1,0,0,8,2.0,2,2,0,10,0,0,0,0,0,0,42,0.5466189744693419,0.5495965024956946,1.0,0.0,1.0,0.0,-1574.0,0,0,0,0,0,0,1,0,0,0,0,0,0,0,0,0,0,0,0,0,0.0,0.0,0.0,0.0,0.0,1.0,31,0,5.593958563269902,0.2700646661876578,5.593958563269902
0,0,0,1,0,67500.0,513531.0,20362.5,459000.0,6,3,4,2,1,0.020246,-454.0,-4163,1,0,0,1,0,0,18,1.0,3,3,6,12,0,0,0,0,0,0,57,0.6429574607783696,0.7992967832109371,0.0,0.0,0.0,0.0,-730.0,0,1,0,0,0,0,0,0,0,0,0,0,0,0,0,0,0,0,0,0,0.0,0.0,0.0,0.0,0.0,0.0,56,0,7.607753959200604,0.3016621975970726,7.607753959200604
1,0,1,0,0,450000.0,540000.0,27000.0,540000.0,6,4,1,1,1,0.026392,-6473.0,-21,1,1,0,1,0,0,18,2.0,2,2,6,18,0,0,0,0,1,1,30,0.7147342776768095,0.4992720153045617,0.0,0.0,0.0,0.0,-5.0,0,0,0,0,0,0,0,0,0,0,0,0,0,0,0,0,0,0,0,0,0.0,0.0,0.0,0.0,0.0,2.0,45,25,1.1999973333392593,0.0599998666669629,1.1999973333392593
0,1,0,0,0,157500.0,173196.0,18504.0,153000.0,6,7,4,3,1,0.00733,-2191.0,-985,1,1,0,1,0,0,9,1.0,2,2,1,12,0,0,0,0,0,0,42,0.2312267127021005,0.4668640059537032,1.0,0.0,1.0,0.0,-1214.0,0,1,0,0,0,0,0,0,0,0,0,0,0,0,0,0,0,0,0,0,0.0,0.0,0.0,0.0,0.0,0.0,47,8,1.0996501609513591,0.1174849683494073,1.0996501609513591
0,1,1,1,1,135000.0,566055.0,18256.5,472500.0,6,7,4,3,1,0.025164,-3552.0,-3869,1,1,0,1,0,0,4,2.0,2,2,2,10,0,0,0,0,0,0,5,0.1596792335026377,0.4543210601605785,0.0,0.0,0.0,0.0,-62.0,0,1,0,0,0,0,0,0,0,0,0,0,0,0,0,0,0,0,0,0,0.0,0.0,0.0,0.0,0.0,0.0,36,1,4.192968940970808,0.1352323316123584,4.192968940970808
0,0,0,0,0,122400.0,337923.0,18999.0,279000.0,1,3,4,2,1,0.035792,-2232.0,-4623,1,0,0,1,0,0,18,1.0,2,2,4,15,0,0,0,0,0,0,57,0.5117316878854499,0.7180328113294772,0.0,0.0,0.0,0.0,-399.0,0,0,0,0,1,0,0,0,0,0,0,0,0,0,0,0,0,0,0,0,0.0,0.0,0.0,1.0,1.0,2.0,63,0,2.760786268086045,0.1552193201035939,2.760786268086045
0,0,0,1,0,126000.0,835380.0,36927.0,675000.0,6,3,3,5,1,0.019101,-8085.0,-4068,1,0,0,1,0,0,18,1.0,2,2,5,10,0,0,0,0,0,0,57,0.6134583483397494,0.5352762504724826,0.0,0.0,0.0,0.0,-1619.0,0,1,0,0,0,0,0,0,0,0,0,0,0,0,0,0,0,0,0,0,0.0,0.0,0.0,0.0,0.0,1.0,60,0,6.629947381369989,0.2930691026261696,6.629947381369989
0,0,1,1,0,54000.0,158301.0,15655.5,148500.0,6,3,4,1,1,0.018029,-13032.0,-4966,1,0,0,1,0,0,18,2.0,3,3,5,6,0,0,0,0,0,0,57,0.1582350467419284,0.4329616670974407,0.0,0.0,0.0,0.0,0.0,0,0,0,0,1,0,0,0,0,0,0,0,0,0,0,0,0,0,0,0,0.0,0.0,0.0,0.0,0.0,0.0,58,0,2.93144571396826,0.289911297938927,2.93144571396826
0,1,1,1,0,279000.0,256167.0,16501.5,211500.0,6,7,4,3,1,0.018801,-31.0,-4104,1,1,0,1,0,0,6,1.0,2,2,0,13,0,0,0,0,1,1,9,0.5457625768960938,0.4276573700350293,1.0,0.0,1.0,0.0,-3069.0,0,0,0,0,0,0,1,0,0,0,0,0,0,0,0,0,0,0,0,0,0.0,0.0,0.0,0.0,0.0,2.0,31,10,0.9181579994336938,0.0591449493012569,0.9181579994336938
0,1,0,0,0,225000.0,966555.0,51628.5,913500.0,6,7,4,1,4,0.010006,-457.0,-1968,1,1,0,1,0,0,8,2.0,2,1,3,10,0,0,0,0,0,0,5,0.5035990386750127,0.5352762504724826,0.0,0.0,0.0,0.0,0.0,0,1,0,0,0,0,0,0,0,0,0,0,0,0,0,0,0,0,0,0,0.0,0.0,0.0,0.0,0.0,1.0,33,0,4.2957809076404105,0.2294589801823103,4.2957809076404105
0,0,0,1,0,180000.0,254700.0,27558.0,225000.0,6,1,4,1,4,0.010006,-144.0,-2234,1,1,0,1,0,0,14,2.0,2,2,2,11,0,0,0,1,1,0,51,0.6390576124045845,0.4525335592581747,2.0,0.0,2.0,0.0,-741.0,0,1,0,0,0,0,0,0,0,0,0,0,0,0,0,0,0,0,0,0,0.0,0.0,0.0,0.0,0.0,0.0,44,4,1.4149921389325617,0.1530991494491697,1.4149921389325617
0,0,0,1,1,90000.0,545040.0,25407.0,450000.0,1,1,4,1,1,0.010966,-6490.0,-2723,1,1,0,1,0,0,14,3.0,2,2,6,11,0,0,0,0,0,0,5,0.6724475792279737,0.5352762504724826,0.0,0.0,0.0,0.0,-1545.0,0,1,0,0,0,0,0,0,0,0,0,0,0,0,0,0,0,0,0,0,0.0,0.0,0.0,0.0,0.0,1.0,29,4,6.055932711858757,0.2822968633681848,6.055932711858757
0,0,1,1,0,202500.0,1288350.0,37800.0,1125000.0,6,7,4,1,1,0.00823,-4000.0,-3142,1,1,1,1,0,0,0,2.0,2,2,5,13,0,0,0,0,0,0,42,0.3998487543236433,0.1819591097862785,0.0,0.0,0.0,0.0,-2978.0,0,1,0,0,0,0,0,0,0,0,0,0,0,0,0,0,0,0,0,0,0.0,0.0,0.0,0.0,0.0,2.0,54,14,6.36219080399603,0.1866657448605192,6.36219080399603
0,0,0,0,0,112500.0,269550.0,18891.0,225000.0,6,3,4,3,1,0.010966,-4955.0,-4172,1,0,0,1,0,0,18,1.0,2,2,1,11,0,0,0,0,0,0,57,0.4522956898184999,0.5744466170995097,2.0,0.0,2.0,0.0,-1516.0,0,1,0,0,0,0,0,0,0,0,0,0,0,0,0,0,0,0,0,0,0.0,0.0,0.0,0.0,0.0,7.0,65,0,2.395978702411534,0.1679185073910454,2.395978702411534
0,1,1,1,2,270000.0,288000.0,23220.0,288000.0,6,1,4,1,1,0.018209,-1774.0,-3373,1,1,0,1,0,0,10,4.0,3,3,4,12,0,0,0,0,0,0,5,0.47057482397512,0.6109913280868294,1.0,0.0,1.0,0.0,-393.0,0,1,0,0,0,0,0,0,0,0,0,0,0,0,0,0,0,0,0,0,0.0,0.0,0.0,0.0,0.0,1.0,37,9,1.0666627160640143,0.0859996814826611,1.0666627160640143
0,0,1,0,1,225000.0,1236816.0,32755.5,1080000.0,5,1,4,1,4,0.0096569999999999,-4210.0,-4036,1,1,0,1,0,0,18,3.0,2,2,6,11,0,0,0,0,1,1,5,0.4820945267034512,0.5867400085415683,0.0,0.0,0.0,0.0,-6.0,0,1,0,0,0,0,0,0,0,0,0,1,0,0,0,0,0,0,0,0,0.0,0.0,0.0,0.0,0.0,1.0,41,7,5.496935569175248,0.1455793529806534,5.496935569175248
0,0,1,1,0,135000.0,900000.0,35694.0,900000.0,6,3,4,2,1,0.028663,-11392.0,-4472,1,0,0,1,1,0,18,1.0,2,2,4,8,0,0,0,0,0,0,57,0.66772939750934,0.6528965519806539,0.0,0.0,0.0,0.0,-581.0,0,1,0,0,0,0,0,0,0,0,0,0,0,0,0,0,0,0,0,0,0.0,0.0,0.0,0.0,0.0,2.0,59,0,6.666617284316413,0.2643980414959889,6.666617284316413
0,1,1,0,0,270000.0,840780.0,43060.5,751500.0,6,1,4,1,1,0.035792,-4641.0,-1548,1,1,1,1,0,0,10,2.0,2,2,1,9,0,0,0,0,0,0,42,0.5437072121400618,0.475849908720221,0.0,0.0,0.0,0.0,-711.0,0,1,0,0,0,0,0,0,0,0,0,0,0,0,0,0,0,0,0,0,0.0,0.0,0.0,0.0,0.0,3.0,49,16,3.1139884667093827,0.1594827426565087,3.1139884667093827
0,0,1,1,0,189000.0,1006920.0,45630.0,900000.0,6,4,2,1,1,0.006629,-784.0,-2176,1,1,1,1,1,0,3,2.0,2,2,5,6,0,0,0,0,1,1,39,0.6589050531427018,0.524496446363472,3.0,0.0,3.0,0.0,0.0,0,1,0,0,0,0,0,0,0,0,0,0,0,0,0,0,0,0,0,0,0.0,0.0,0.0,0.0,0.0,1.0,27,7,5.327590859307623,0.2414272940354813,5.327590859307623
0,1,0,1,1,121500.0,148365.0,10678.5,135000.0,1,1,4,1,1,0.005313,-1132.0,-4440,1,1,1,1,0,0,14,3.0,2,2,2,14,0,0,0,0,0,0,42,0.7620027290796609,0.7981372313187245,0.0,0.0,0.0,0.0,-475.0,0,1,0,0,0,0,0,0,0,0,0,0,0,0,0,0,0,0,0,0,0.0,0.0,0.0,0.0,1.0,0.0,37,1,1.2211010608966182,0.0878881655295018,1.2211010608966182
1,1,1,1,2,90000.0,270000.0,13500.0,270000.0,6,4,1,1,1,0.006296,-2448.0,-4983,1,1,0,1,0,0,3,4.0,3,3,6,16,0,0,0,0,0,0,56,0.6533248571948349,0.4884551844437485,4.0,0.0,4.0,0.0,-460.0,0,0,0,0,0,0,0,0,0,0,0,0,0,0,0,0,0,0,0,0,0.0,0.0,0.0,0.0,0.0,1.0,41,18,2.999966667037033,0.1499983333518516,2.999966667037033
0,0,0,0,0,157500.0,753232.5,50539.5,711000.0,6,7,4,3,1,0.00496,-3965.0,-550,1,1,1,1,0,0,18,1.0,2,2,5,13,0,0,0,0,1,1,5,0.5666435131410721,0.5352762504724826,4.0,0.0,4.0,0.0,-1000.0,0,1,0,0,0,0,0,0,0,0,0,0,0,0,0,0,0,0,0,0,0.0,0.0,0.0,0.0,0.0,1.0,29,4,4.782398206995511,0.3208836769290353,4.782398206995511
0,0,1,1,0,112500.0,1800000.0,47614.5,1800000.0,5,3,4,1,1,0.007305,-10979.0,-4622,1,0,0,1,1,0,18,2.0,3,3,0,13,0,0,0,0,0,0,57,0.5972547475331572,0.7136313997323308,0.0,0.0,0.0,0.0,-1689.0,0,1,0,0,0,0,0,0,0,0,0,0,0,0,0,0,0,0,0,0,0.0,0.0,0.0,0.0,0.0,3.0,62,0,15.999857779041964,0.4232362379001075,15.999857779041964
0,0,0,1,2,198000.0,740700.0,24610.5,562500.0,6,7,1,0,1,0.032561,-3308.0,-3957,1,1,0,1,1,0,10,4.0,1,1,2,13,0,0,0,0,0,0,39,0.7380067764976092,0.5154953751603267,1.0,0.0,1.0,0.0,-956.0,0,1,0,0,0,0,0,0,0,0,0,0,0,0,0,0,0,0,0,0,0.0,0.0,0.0,0.0,0.0,1.0,33,0,3.740890197524255,0.124294826793804,3.740890197524255
0,1,0,0,1,135000.0,225000.0,23755.5,225000.0,6,7,4,1,5,0.018209,-8103.0,-4122,1,1,0,1,0,0,4,3.0,3,3,5,8,0,0,0,0,0,0,42,0.1477316169000087,0.4258928980051529,0.0,0.0,0.0,0.0,-67.0,0,1,0,0,0,0,0,0,0,0,0,0,0,0,0,0,0,0,0,0,0.0,0.0,0.0,0.0,1.0,1.0,34,1,1.6666543210791032,0.1759653632195317,1.6666543210791032
0,0,0,0,0,67500.0,252000.0,23449.5,252000.0,7,3,4,1,1,0.018209,-8327.0,-3315,1,0,0,1,0,0,18,2.0,3,3,4,7,0,0,0,0,0,0,57,0.0904008822692447,0.746300213050371,1.0,0.0,1.0,0.0,-2.0,0,0,0,0,1,0,0,0,0,0,0,0,0,0,0,0,0,0,0,0,0.0,0.0,0.0,0.0,0.0,0.0,54,0,3.733278025510733,0.3473948534095791,3.733278025510733
0,1,0,1,1,135000.0,437877.0,26590.5,378000.0,1,7,4,1,1,0.018634,-966.0,-984,1,1,0,1,0,0,3,3.0,2,2,0,13,0,0,0,0,1,1,1,0.4078139759927354,0.5352762504724826,0.0,0.0,0.0,0.0,-430.0,0,1,0,0,0,0,0,0,0,0,0,0,0,0,0,0,0,0,0,0,0.0,0.0,0.0,0.0,0.0,1.0,33,0,3.243509307338464,0.1969652076651284,3.243509307338464
0,0,0,1,1,225000.0,175500.0,18751.5,175500.0,0,1,2,3,1,0.026392,-1563.0,-3941,1,1,0,1,0,0,18,2.0,2,2,0,12,0,0,0,0,0,0,10,0.6074471067356416,0.5352762504724826,1.0,1.0,1.0,1.0,-741.0,0,1,0,0,0,0,0,0,0,0,0,0,0,0,0,0,0,0,0,0,0.0,0.0,0.0,0.0,0.0,2.0,32,2,0.7799965333487406,0.0833396296016462,0.7799965333487406
0,0,0,0,0,59134.5,675000.0,19867.5,675000.0,6,3,4,1,1,0.010006,-10362.0,-2537,1,0,0,1,1,0,18,2.0,2,2,6,10,0,0,0,0,0,0,57,0.5198963387363973,0.7476633896301825,0.0,0.0,0.0,0.0,-2.0,0,1,0,0,0,0,0,0,0,0,0,0,0,0,0,0,0,0,0,0,0.0,0.0,0.0,0.0,0.0,0.0,52,0,11.41446339339314,0.3359657058788714,11.41446339339314
0,0,0,1,1,112500.0,525735.0,40815.0,450000.0,6,7,4,1,1,0.020246,-561.0,-1686,1,1,0,1,0,1,14,3.0,3,3,6,9,0,0,0,0,0,0,42,0.4885835232290461,0.5190973382084597,6.0,1.0,6.0,1.0,-392.0,0,1,0,0,0,0,0,0,0,0,0,0,0,0,0,0,0,0,0,0,0.0,0.0,1.0,1.0,0.0,0.0,28,3,4.673158460813681,0.3627967751397765,4.673158460813681
1,0,0,1,0,135000.0,135000.0,6750.0,135000.0,6,1,4,5,1,0.00733,-2575.0,-4682,1,1,0,1,1,0,2,1.0,2,2,6,10,0,0,0,1,1,0,5,0.2985330147340226,0.5424451438613613,2.0,0.0,2.0,0.0,-1241.0,0,0,0,0,0,0,0,0,0,0,0,0,0,0,0,0,0,0,0,0,0.0,0.0,0.0,0.0,0.0,7.0,47,2,0.999992592647462,0.049999629632373,0.999992592647462
1,0,0,1,0,225000.0,202500.0,10125.0,202500.0,6,7,4,3,1,0.006305,-4272.0,-4349,1,1,0,1,0,0,11,1.0,3,3,6,8,0,0,0,1,1,0,30,0.2655761050869516,0.4135967602644276,0.0,0.0,0.0,0.0,0.0,0,0,0,0,0,0,0,0,0,0,0,0,0,0,0,0,0,0,0,0,0.0,0.0,0.0,0.0,0.0,2.0,32,11,0.8999960000177777,0.0449998000008888,0.8999960000177777
0,0,0,0,0,216000.0,158256.0,11385.0,144000.0,6,3,4,1,2,0.04622,-703.0,-4025,1,0,0,1,0,0,18,2.0,1,1,0,13,0,0,0,0,0,0,57,0.4775207720350079,0.633031641417419,1.0,1.0,1.0,1.0,-981.0,0,0,0,0,1,0,0,0,0,0,0,0,0,0,0,0,0,0,0,0,0.0,0.0,1.0,0.0,0.0,3.0,60,0,0.7326632747070615,0.0527080893144013,0.7326632747070615
0,0,0,1,0,225000.0,1288350.0,37669.5,1125000.0,1,1,2,1,1,0.031329,-514.0,-106,1,1,1,1,0,0,10,2.0,2,2,2,9,0,0,0,0,0,0,42,0.6193785024542027,0.4578995512067301,0.0,0.0,0.0,0.0,-458.0,0,1,0,0,0,0,0,0,0,0,0,0,0,0,0,0,0,0,0,0,0.0,0.0,0.0,0.0,0.0,0.0,29,5,5.725974551224216,0.1674192559144181,5.725974551224216
0,1,1,0,3,202500.0,308133.0,16843.5,234000.0,1,7,4,1,1,0.00496,-4838.0,-4845,1,1,0,1,0,0,6,5.0,2,2,4,15,0,0,0,0,1,1,5,0.3652037455397249,0.6940926425266661,3.0,0.0,3.0,0.0,0.0,0,1,0,0,0,0,0,0,0,0,0,0,0,0,0,0,0,0,0,0,0.0,0.0,0.0,0.0,0.0,3.0,38,12,1.521636930187999,0.083177367025348,1.521636930187999
0,0,0,1,0,360000.0,1350000.0,51421.5,1350000.0,6,1,1,3,2,0.032561,-3281.0,-4016,1,1,0,1,0,0,0,1.0,1,1,6,12,0,0,0,0,0,0,5,0.6380784921701326,0.6832688314232291,3.0,1.0,3.0,1.0,-2896.0,0,1,0,0,0,0,0,0,0,0,0,0,0,0,0,0,0,0,0,0,0.0,0.0,0.0,0.0,0.0,3.0,38,9,3.749989583362269,0.1428371032302688,3.749989583362269
1,0,1,0,0,67500.0,202500.0,10125.0,202500.0,6,3,4,1,1,0.01885,-11702.0,-4649,1,0,0,1,0,0,18,2.0,2,2,6,11,0,0,0,0,0,0,57,0.6728905520230019,0.4418358231994413,0.0,0.0,0.0,0.0,-1765.0,0,0,0,0,0,0,0,0,0,0,0,0,0,0,0,0,0,0,0,0,0.0,0.0,0.0,0.0,0.0,3.0,60,0,2.999955556213982,0.1499977778106991,2.999955556213982
0,0,0,1,1,225000.0,788472.0,45265.5,688500.0,4,7,4,3,1,0.025164,-643.0,-4270,1,1,1,1,0,0,18,2.0,2,2,0,13,0,0,0,0,0,0,5,0.2562282868850671,0.6263042766749393,10.0,1.0,10.0,0.0,-615.0,0,1,0,0,0,0,0,0,0,0,0,0,0,0,0,0,0,0,0,0,0.0,0.0,0.0,0.0,0.0,4.0,37,9,3.504304425313665,0.2011791058706405,3.504304425313665
0,0,1,1,0,157500.0,1071909.0,31473.0,936000.0,6,7,4,1,1,0.022625,-6955.0,-1908,1,1,0,1,1,0,14,2.0,2,2,1,14,0,0,0,0,0,0,42,0.7482782308104222,0.5352762504724826,0.0,0.0,0.0,0.0,-1478.0,0,1,0,0,0,0,0,0,0,0,0,0,0,0,0,0,0,0,0,0,0.0,0.0,0.0,0.0,0.0,2.0,35,2,6.8057282175986185,0.1998273026837924,6.8057282175986185
1,0,1,1,0,112500.0,180000.0,9000.0,180000.0,6,7,4,3,1,0.0105,-2620.0,-435,1,1,0,1,0,0,3,1.0,3,3,2,15,0,0,0,0,0,0,32,0.2445406850425716,0.5352762504724826,5.0,0.0,4.0,0.0,-231.0,0,0,0,0,0,0,0,0,0,0,0,0,0,0,0,0,0,0,0,0,0.0,0.0,0.0,0.0,0.0,1.0,21,1,1.5999857779041964,0.0799992888952098,1.5999857779041964
0,1,0,0,0,157500.0,269550.0,13891.5,225000.0,6,7,4,0,1,0.014464,-712.0,-76,1,1,1,1,1,0,8,2.0,2,2,1,7,0,0,0,0,0,0,42,0.4627702877455316,0.5352762504724826,5.0,2.0,5.0,1.0,-511.0,0,1,0,0,0,0,0,0,0,0,0,0,0,0,0,0,0,0,0,0,0.0,0.0,0.0,0.0,0.0,1.0,45,0,1.7114177052844108,0.0881994400035555,1.7114177052844108
0,0,0,0,0,112500.0,454500.0,26091.0,454500.0,6,3,4,1,1,0.026392,-939.0,-4485,1,0,0,1,1,0,18,2.0,2,2,1,16,0,0,0,0,0,0,57,0.7029425757887974,0.2822484337007223,6.0,3.0,6.0,3.0,-279.0,0,0,0,0,1,0,0,0,0,0,0,0,0,0,0,0,0,0,0,0,0.0,0.0,0.0,0.0,0.0,4.0,58,0,4.039964089208096,0.2319179385072132,4.039964089208096
0,0,1,0,0,405000.0,381096.0,27859.5,301500.0,6,1,2,0,1,0.006629,-4548.0,-3786,1,1,0,1,0,0,6,2.0,2,2,6,4,0,0,0,0,0,0,42,0.3621876286450869,0.324891229465852,5.0,0.0,5.0,0.0,-2706.0,0,1,0,0,0,0,0,0,0,0,0,0,0,0,0,0,0,0,0,0,0.0,0.0,0.0,0.0,0.0,0.0,31,6,0.940975454381594,0.0687887190401999,0.940975454381594
0,1,1,1,0,207000.0,1024740.0,55719.0,900000.0,6,7,4,1,1,0.01885,-11773.0,-2711,1,1,0,1,0,1,16,2.0,2,2,4,14,0,0,0,0,1,1,11,0.6017542875610146,0.5352762504724826,5.0,1.0,5.0,1.0,-620.0,0,1,0,0,0,0,0,0,0,0,0,0,0,0,0,0,0,0,0,0,0.0,0.0,0.0,0.0,0.0,1.0,52,2,4.9504108675803495,0.2691726126926923,4.9504108675803495
0,0,0,1,0,90000.0,229230.0,11866.5,202500.0,6,3,4,3,1,0.018634,-7524.0,-4220,1,0,0,1,1,0,18,1.0,2,2,5,10,0,0,0,0,0,0,57,0.78418017523448,0.722392890081304,1.0,0.0,1.0,0.0,-784.0,0,1,0,0,0,0,0,0,0,0,0,0,0,0,0,0,0,0,0,0,0.0,0.0,0.0,0.0,0.0,3.0,60,0,2.5469717003144408,0.1318485350162776,2.5469717003144408
1,0,0,1,0,180000.0,180000.0,9000.0,180000.0,6,1,1,1,1,0.072508,-237.0,-1371,1,1,0,1,0,0,10,2.0,1,1,6,17,0,0,0,0,0,0,35,0.5988317541311529,0.3962195720630885,0.0,0.0,0.0,0.0,0.0,0,0,0,0,0,0,0,0,0,0,0,0,0,0,0,0,0,0,0,0,0.0,0.0,0.0,0.0,0.0,0.0,51,7,0.9999944444753084,0.0499997222237654,0.9999944444753084
0,0,0,0,1,202500.0,1288350.0,41692.5,1125000.0,6,7,4,3,1,0.035792,-380.0,-1276,1,1,0,1,1,0,14,2.0,2,2,4,18,0,0,0,1,1,0,5,0.5443147604091407,0.1624419982223248,0.0,0.0,0.0,0.0,-374.0,0,1,0,0,0,0,0,0,0,0,0,0,0,0,0,0,0,0,0,0,0.0,0.0,0.0,0.0,1.0,5.0,30,1,6.36219080399603,0.205887872158656,6.36219080399603
0,1,0,1,1,189000.0,540000.0,27702.0,540000.0,6,7,4,1,1,0.026392,-7120.0,-4230,1,1,0,1,0,0,18,3.0,2,2,4,10,0,0,0,0,1,1,11,0.4817396432886696,0.4118485559242397,0.0,0.0,0.0,0.0,-1965.0,0,1,0,0,0,0,0,0,0,0,0,0,0,0,0,0,0,0,0,0,0.0,0.0,0.0,0.0,0.0,2.0,37,3,2.857127740064868,0.1465706530653276,2.857127740064868
0,1,1,1,1,157500.0,104256.0,11358.0,90000.0,6,7,4,2,1,0.0228,-5080.0,-195,1,1,0,1,1,0,16,2.0,2,2,5,9,0,0,0,0,0,0,42,0.6482708127678711,0.1419915427739129,0.0,0.0,0.0,0.0,-729.0,0,1,0,0,0,0,0,0,0,0,0,0,0,0,0,0,0,0,0,0,0.0,0.0,0.0,0.0,0.0,1.0,45,7,0.6619386543577501,0.072113827848712,0.6619386543577501
1,1,0,1,1,180000.0,180000.0,9000.0,180000.0,6,1,1,1,1,0.032561,-9281.0,-2632,1,1,0,1,1,0,4,3.0,1,1,4,16,0,0,0,0,0,0,51,0.6746353575296611,0.1437580534911652,3.0,0.0,3.0,0.0,-983.0,0,0,0,1,0,0,0,0,0,0,0,0,0,0,0,0,0,0,0,0,0.0,0.0,1.0,0.0,1.0,0.0,27,3,0.9999944444753084,0.0499997222237654,0.9999944444753084
0,1,0,1,0,180000.0,458460.0,33489.0,405000.0,6,1,4,1,1,0.014464,-5696.0,-3954,1,1,0,1,0,0,8,2.0,2,2,6,4,0,0,0,0,0,0,5,0.1619604629138789,0.5352762504724826,0.0,0.0,0.0,0.0,-708.0,0,1,0,0,0,0,0,0,0,0,0,0,0,0,0,0,0,0,0,0,0.0,0.0,0.0,0.0,0.0,3.0,36,4,2.546985850078611,0.1860489663946311,2.546985850078611
0,0,0,0,0,157500.0,1178703.0,77485.5,1129500.0,5,1,4,1,1,0.01885,-2564.0,-6067,1,1,0,1,1,0,10,2.0,2,2,1,14,0,0,0,0,0,0,47,0.649252456485641,0.7407990879702335,0.0,0.0,0.0,0.0,-2006.0,0,1,0,0,0,0,0,0,0,0,0,0,0,0,0,0,0,0,0,0,0.0,0.0,0.0,0.0,1.0,1.0,39,7,7.483781055358379,0.4919683049631431,7.483781055358379
0,1,0,0,0,72000.0,310671.0,11286.0,256500.0,6,3,2,1,1,0.072508,-9870.0,-4086,1,0,0,1,1,0,18,2.0,1,1,5,16,0,0,0,0,0,0,57,0.3724117534414156,0.5352762504724826,0.0,0.0,0.0,0.0,0.0,0,1,0,0,0,0,0,0,0,0,0,0,0,0,0,0,0,0,0,0,0.0,0.0,0.0,0.0,0.0,1.0,61,0,4.314815072012888,0.1567478229469035,4.314815072012888
0,1,1,0,0,126000.0,521280.0,31630.5,450000.0,6,4,1,3,1,0.010032,-2242.0,-3391,1,1,0,1,0,0,18,1.0,2,2,4,7,0,0,0,0,0,0,33,0.3449372181850036,0.3893387918468769,6.0,0.0,6.0,0.0,0.0,0,1,0,0,0,0,0,0,0,0,0,0,0,0,0,0,0,0,0,0,0.0,0.0,0.0,0.0,0.0,3.0,29,4,4.137110022936326,0.2510337219545877,4.137110022936326
0,0,0,1,0,144900.0,1057266.0,44923.5,945000.0,6,3,4,5,1,0.020246,-12947.0,-5301,1,0,0,1,0,1,18,1.0,3,3,1,8,0,0,0,0,0,0,57,0.7086682304751696,0.5884877883422673,1.0,0.0,1.0,0.0,-494.0,0,0,0,0,1,0,0,0,0,0,0,0,0,0,0,0,0,0,0,0,0.0,0.0,0.0,0.0,1.0,3.0,59,0,7.296471383910394,0.3100289162945735,7.296471383910394
0,0,0,0,0,126000.0,254700.0,17149.5,225000.0,6,3,4,1,1,0.014464,-13050.0,-4019,1,0,0,1,0,0,18,2.0,2,2,4,5,0,0,0,0,0,0,57,0.0520733492782832,0.3572932680336494,5.0,1.0,5.0,1.0,0.0,0,0,0,0,1,0,0,0,0,0,0,0,0,0,0,0,0,0,0,0,0.0,0.0,0.0,0.0,0.0,0.0,62,0,2.021412528471996,0.1361060626502964,2.021412528471996
0,0,0,1,0,144000.0,625500.0,18418.5,625500.0,5,7,4,1,1,0.008625,-8372.0,-4739,1,1,1,1,1,0,8,2.0,2,2,1,14,0,1,1,0,1,1,5,0.2280661297507923,0.5867400085415683,3.0,0.0,3.0,0.0,-1761.0,0,1,0,0,0,0,0,0,0,0,0,0,0,0,0,0,0,0,0,0,0.0,0.0,0.0,0.0,0.0,1.0,42,2,4.343719835278922,0.127905361768321,4.343719835278922
0,1,1,0,2,180000.0,454500.0,16825.5,454500.0,6,7,4,1,1,0.0145199999999999,-1023.0,-4895,1,1,0,1,0,0,8,4.0,2,2,4,12,0,0,0,0,1,1,55,0.6911824130564129,0.6296742509538716,1.0,0.0,1.0,0.0,-1838.0,0,0,0,0,0,0,1,0,0,0,0,0,0,0,0,0,0,0,0,0,0.0,0.0,0.0,0.0,0.0,3.0,40,3,2.5249859723001538,0.0934744806973294,2.5249859723001538
0,0,0,1,3,135000.0,1762110.0,48586.5,1575000.0,6,7,4,1,1,0.072508,-7632.0,-3767,1,1,0,1,1,0,14,5.0,1,1,0,9,1,0,1,1,0,1,47,0.7334062168194845,0.6296742509538716,2.0,1.0,2.0,0.0,-472.0,0,0,0,0,0,0,1,0,0,0,0,0,0,0,0,0,0,0,0,0,0.0,0.0,0.0,0.0,0.0,1.0,37,8,13.052569980963105,0.3598973340938215,13.052569980963105
0,0,1,0,0,157500.0,157500.0,9765.0,157500.0,6,3,4,1,1,0.026392,-9643.0,-4607,1,0,0,1,1,0,18,2.0,2,2,6,12,0,0,0,1,0,0,57,0.4513099603337658,0.5352762504724826,8.0,0.0,8.0,0.0,-1604.0,0,0,0,0,1,0,0,0,0,0,0,0,0,0,0,0,0,0,0,0,0.0,0.0,0.0,0.0,0.0,1.0,64,0,0.999993650833963,0.0619996063517057,0.999993650833963
0,0,1,1,0,112500.0,1288350.0,37669.5,1125000.0,6,1,1,1,1,0.0072739999999999,-6017.0,-873,1,1,0,1,0,0,0,2.0,2,2,3,11,0,0,0,0,0,0,20,0.6542702392677537,0.3944954053123993,0.0,0.0,0.0,0.0,-3285.0,0,1,0,0,0,0,0,0,0,0,0,0,0,0,0,0,0,0,0,0,0.0,0.0,0.0,0.0,0.0,0.0,47,6,11.451898205349286,0.3348370236709007,11.451898205349286
0,0,1,1,0,247500.0,675000.0,19737.0,675000.0,6,7,2,1,1,0.026392,-10505.0,-2193,1,1,0,1,1,0,8,2.0,2,2,1,16,0,0,0,0,0,0,13,0.7104618235142929,0.4740512892789932,6.0,0.0,6.0,0.0,-2835.0,0,1,0,0,0,0,0,0,0,0,0,0,0,0,0,0,0,0,0,0,0.0,0.0,0.0,0.0,0.0,0.0,51,19,2.727261708033503,0.0797451323428996,2.727261708033503
0,0,0,0,1,360000.0,1800000.0,49500.0,1800000.0,6,1,1,1,1,0.072508,-5493.0,-3326,1,1,1,1,1,0,3,3.0,1,1,0,13,0,0,0,0,0,0,26,0.7363544511001602,0.6910212267577837,1.0,0.0,1.0,0.0,-504.0,0,0,0,0,0,0,1,0,0,0,0,0,0,0,0,0,0,0,0,0,0.0,0.0,0.0,0.0,0.0,0.0,37,1,4.999986111149691,0.1374996180566165,4.999986111149691
0,0,0,1,0,144000.0,589045.5,26077.5,508500.0,6,3,4,3,1,0.00712,-7943.0,-4778,1,0,0,1,0,0,18,1.0,2,2,5,8,0,0,0,0,0,0,57,0.5372878237917023,0.5762088360175724,3.0,0.0,3.0,0.0,-2113.0,0,0,0,0,1,0,0,0,0,0,0,0,0,0,0,0,0,0,0,0,0.0,0.0,0.0,1.0,0.0,1.0,63,0,4.090565343296227,0.1810924924132471,4.090565343296227
0,1,0,1,0,112500.0,646920.0,25065.0,540000.0,6,7,4,3,1,0.022625,-2370.0,-2364,1,1,0,1,1,0,18,1.0,2,2,6,16,0,0,0,0,0,0,4,0.4232939873314695,0.4311917977993083,0.0,0.0,0.0,0.0,-641.0,0,0,0,0,1,0,0,0,0,0,0,0,0,0,0,0,0,0,0,0,0.0,0.0,0.0,0.0,0.0,1.0,34,2,5.750348885787682,0.2227980195731593,5.750348885787682
0,1,0,1,0,49500.0,912240.0,30276.0,787500.0,1,1,4,1,1,0.031329,-9491.0,-955,1,1,0,1,0,0,18,2.0,2,2,1,12,0,0,0,0,1,1,3,0.2652563401861944,0.5352762504724826,0.0,0.0,0.0,0.0,-1494.0,0,1,0,0,0,0,0,0,0,0,0,0,0,0,0,0,0,0,0,0,0.0,0.0,0.0,0.0,0.0,1.0,48,13,18.428718611745214,0.6116240075958062,18.428718611745214
0,0,0,1,1,144000.0,472500.0,18868.5,472500.0,6,4,1,1,2,0.04622,-1102.0,-4130,1,1,1,1,1,0,0,3.0,1,1,0,18,0,0,0,0,0,0,11,0.5197107558736789,0.2471909382666521,5.0,0.0,5.0,0.0,-2897.0,0,1,0,0,0,0,0,0,0,0,0,0,0,0,0,0,0,0,0,0,0.0,0.0,0.0,0.0,2.0,2.0,42,4,3.2812272136999048,0.1310303400670828,3.2812272136999048
0,1,0,0,0,234900.0,1078200.0,29650.5,900000.0,6,7,1,3,5,0.018634,-8436.0,-3942,1,1,1,1,0,0,18,1.0,2,2,5,17,0,0,0,0,0,0,5,0.4612429612901786,0.5352762504724826,0.0,0.0,0.0,0.0,-1.0,0,0,0,0,0,0,0,0,0,1,0,0,0,0,0,0,0,0,0,0,0.0,0.0,0.0,0.0,0.0,1.0,40,0,4.590018773866437,0.126225516281327,4.590018773866437
0,0,0,1,0,63000.0,157500.0,6543.0,157500.0,6,7,4,0,1,0.020246,-10602.0,-2504,1,1,0,1,0,1,14,2.0,3,3,2,8,0,0,0,0,0,0,47,0.045567323099507,0.4101025731788671,0.0,0.0,0.0,0.0,-116.0,0,0,0,0,0,0,0,0,0,0,0,0,0,0,0,0,0,0,0,0,0.0,0.0,0.0,0.0,0.0,0.0,51,0,2.499960318090189,0.1038554943572324,2.499960318090189
0,0,0,1,1,112500.0,526491.0,28048.5,454500.0,6,3,4,1,1,0.018029,-3210.0,-701,1,0,0,1,0,0,18,3.0,3,3,5,5,0,0,0,0,0,0,57,0.0267830904691401,0.6722428897082422,1.0,0.0,1.0,0.0,-783.0,0,1,0,0,0,0,0,0,0,0,0,0,0,0,0,0,0,0,0,0,0.0,0.0,0.0,0.0,1.0,1.0,47,0,4.679878401080879,0.2493177838419214,4.679878401080879
0,1,1,1,0,135000.0,239850.0,23850.0,225000.0,6,3,4,1,1,0.030755,-9687.0,-4249,1,0,0,1,0,0,18,2.0,2,2,6,14,0,0,0,0,0,0,57,0.5972074060748029,0.746300213050371,1.0,0.0,1.0,0.0,-380.0,0,0,0,0,1,0,0,0,0,0,0,0,0,0,0,0,0,0,0,0,0.0,0.0,0.0,0.0,0.0,3.0,67,0,1.776653506270324,0.1766653580343849,1.776653506270324
0,1,1,1,0,261000.0,315000.0,25015.5,315000.0,6,7,1,1,1,0.009549,-6762.0,-3940,1,1,1,1,1,1,10,2.0,2,2,4,15,0,0,0,0,0,0,5,0.607494035675777,0.1110424022694314,0.0,0.0,0.0,0.0,-3125.0,0,1,0,0,0,0,0,0,0,0,0,0,0,0,0,0,0,0,0,0,1.0,0.0,0.0,0.0,0.0,0.0,31,8,1.2068919276171357,0.0958444603660522,1.2068919276171357
0,0,1,1,0,112500.0,808650.0,26217.0,675000.0,6,1,1,0,1,0.030755,-3468.0,-1648,1,1,0,1,0,0,6,2.0,2,2,1,18,0,0,0,1,1,0,42,0.7257791090571891,0.5797274227921155,0.0,0.0,0.0,0.0,-613.0,0,1,0,0,0,0,0,0,0,0,0,0,0,0,0,0,0,0,0,0,0.0,0.0,0.0,1.0,1.0,3.0,24,2,7.187936107234602,0.2330379285517462,7.187936107234602
0,0,0,1,0,157500.0,450000.0,27324.0,450000.0,6,3,4,5,2,0.0145199999999999,-10969.0,-4178,1,0,0,1,0,0,18,1.0,2,2,6,13,0,0,0,0,0,0,57,0.3469064216042744,0.5352762504724826,0.0,0.0,0.0,0.0,-1250.0,0,1,0,0,0,0,0,0,0,0,0,0,0,0,0,0,0,0,0,0,0.0,0.0,0.0,0.0,0.0,1.0,57,0,2.8571247166684657,0.1734846127961092,2.8571247166684657
0,0,0,0,1,81000.0,808650.0,26217.0,675000.0,6,7,4,2,2,0.00733,-6094.0,-5877,1,1,0,1,0,0,8,2.0,2,2,2,12,0,0,0,0,1,1,3,0.6798977649312744,0.4135967602644276,0.0,0.0,0.0,0.0,-1546.0,0,1,0,0,0,0,0,0,0,0,0,0,0,0,0,0,0,0,0,0,0.0,0.0,0.0,0.0,0.0,3.0,44,4,9.983210083826126,0.3236626708312243,9.983210083826126
0,1,1,1,0,202500.0,738000.0,41206.5,738000.0,6,7,1,1,1,0.015221,-5555.0,-3543,1,1,1,1,1,0,10,2.0,2,2,0,10,0,0,0,0,0,0,5,0.2082239510080705,0.5352762504724826,0.0,0.0,0.0,0.0,-158.0,0,0,0,0,0,0,1,0,0,0,0,0,0,0,0,0,0,0,0,0,0.0,0.0,0.0,0.0,0.0,1.0,55,9,3.644426447276804,0.2034878840104493,3.644426447276804
0,0,1,1,0,67500.0,852088.5,36229.5,688500.0,3,7,4,1,1,0.019101,-9732.0,-594,1,1,0,1,0,0,2,2.0,2,2,0,11,0,0,0,0,1,1,4,0.0604473819911304,0.5352762504724826,0.0,0.0,0.0,0.0,-117.0,0,1,0,0,0,0,0,0,0,0,0,0,0,0,0,0,0,0,0,0,0.0,0.0,0.0,0.0,0.0,1.0,46,1,12.623346320795248,0.5367253818461949,12.623346320795248
0,0,0,1,0,180000.0,463941.0,24421.5,400500.0,6,7,4,1,1,0.0088659999999999,-7567.0,-247,1,1,1,1,1,0,8,2.0,2,2,1,10,0,0,0,0,0,0,3,0.4331024553973967,0.7862666146611379,4.0,2.0,4.0,1.0,-437.0,0,1,0,0,0,0,0,0,0,0,0,0,0,0,0,0,0,0,0,0,0.0,0.0,0.0,0.0,0.0,3.0,45,20,2.577435680912884,0.1356742462541874,2.577435680912884
0,0,0,0,0,180000.0,312768.0,16965.0,270000.0,6,3,4,0,1,0.0196889999999999,-4298.0,-2364,1,0,0,1,0,0,18,2.0,2,2,0,14,0,0,0,0,0,0,57,0.6828412387294974,0.5832379256761245,2.0,0.0,2.0,0.0,-1628.0,0,1,0,0,0,0,0,0,0,0,0,0,0,0,0,0,0,0,0,0,0.0,0.0,0.0,0.0,1.0,1.0,51,0,1.737590346720296,0.0942494763917978,1.737590346720296
0,0,0,0,1,225000.0,1303812.0,42187.5,1138500.0,6,3,4,1,1,0.0031219999999999,-2926.0,-1312,1,0,0,1,0,0,18,3.0,3,3,0,13,0,0,0,0,0,0,57,0.3431803158447429,0.6848276586890367,0.0,0.0,0.0,0.0,-538.0,0,1,0,0,0,0,0,0,0,0,0,0,0,0,0,0,0,0,0,0,0.0,0.0,0.0,0.0,1.0,1.0,48,0,5.794694245803352,0.1874991666703703,5.794694245803352
0,0,0,0,0,36000.0,269550.0,11547.0,225000.0,6,3,4,1,1,0.02461,-11837.0,-2733,1,0,0,1,0,0,18,2.0,2,2,1,10,0,0,0,0,0,0,57,0.7202393691915013,0.656158373001177,2.0,0.0,2.0,0.0,-319.0,0,1,0,0,0,0,0,0,0,0,0,0,0,0,0,0,0,0,0,0,0.0,0.0,0.0,0.0,0.0,0.0,52,0,7.48729201966612,0.3207410905252632,7.48729201966612
1,0,0,1,0,157500.0,180000.0,9000.0,180000.0,6,1,1,0,1,0.016612,-964.0,-2519,1,1,0,1,0,0,18,2.0,2,2,5,18,0,0,0,0,0,0,43,0.4534443736771142,0.5352762504724826,0.0,0.0,0.0,0.0,-2377.0,0,1,0,0,0,0,0,0,0,0,0,0,0,0,0,0,0,0,0,0,0.0,0.0,0.0,0.0,0.0,1.0,26,2,1.1428498866673862,0.0571424943333693,1.1428498866673862
0,0,0,1,0,81000.0,781920.0,25969.5,675000.0,6,7,3,0,1,0.031329,-6230.0,-4272,1,1,0,1,0,0,16,2.0,2,2,6,11,0,0,0,0,0,0,39,0.2622583692422573,0.1963339662134567,12.0,1.0,12.0,1.0,-1490.0,0,0,0,0,1,0,0,0,0,0,0,0,0,0,0,0,0,0,0,0,0.0,0.0,0.0,0.0,0.0,2.0,60,12,9.653214157849902,0.3206071529981111,9.653214157849902
0,0,0,0,0,157500.0,528633.0,25560.0,472500.0,6,7,4,3,1,0.020246,-3112.0,-2761,1,1,0,1,0,0,11,1.0,3,3,1,9,0,0,0,0,0,0,30,0.3340277281810985,0.3077366963789207,0.0,0.0,0.0,0.0,-2260.0,0,1,0,0,0,0,0,0,0,0,0,0,0,0,0,0,0,0,0,0,0.0,0.0,0.0,0.0,0.0,1.0,52,32,3.356378689659113,0.1622846839067688,3.356378689659113
0,0,1,0,1,112500.0,495000.0,19179.0,495000.0,6,7,4,1,1,0.015221,-4137.0,-2037,1,1,1,1,0,0,14,3.0,2,2,5,14,0,0,0,0,0,0,51,0.7237681991121305,0.4118485559242397,0.0,0.0,0.0,0.0,-1379.0,0,1,0,0,0,0,0,0,0,0,0,0,0,0,0,0,0,0,0,0,0.0,0.0,0.0,0.0,0.0,4.0,25,7,4.3999608892365405,0.1704784846356921,4.3999608892365405
0,0,0,0,0,270000.0,1258650.0,53325.0,1125000.0,6,3,4,2,1,0.04622,-3072.0,-3153,1,0,0,1,0,0,18,1.0,1,1,6,13,0,0,0,0,0,0,57,0.7796646611069735,0.4118485559242397,1.0,0.0,1.0,0.0,-1812.0,0,1,0,0,0,0,0,0,0,0,0,0,0,0,0,0,0,0,0,0,0.0,0.0,0.0,0.0,1.0,1.0,56,0,4.661649401298514,0.1974992685212277,4.661649401298514
0,0,1,1,0,160650.0,443088.0,30105.0,382500.0,4,7,1,1,1,0.035792,-1060.0,-772,1,1,0,1,0,0,14,2.0,2,2,0,13,0,0,0,0,1,1,51,0.0968297401241917,0.5352762504724826,1.0,0.0,1.0,0.0,-544.0,0,1,0,0,0,0,0,0,0,0,0,0,0,0,0,0,0,0,0,0,0.0,0.0,0.0,0.0,0.0,1.0,36,6,2.7580780698532843,0.1873937915107904,2.7580780698532843
0,1,1,1,0,157500.0,272520.0,21528.0,225000.0,6,7,3,1,1,0.035792,-83.0,-4252,1,1,1,1,0,0,8,2.0,2,2,4,14,0,0,0,0,0,0,42,0.2966269559090841,0.3962195720630885,3.0,0.0,3.0,0.0,-406.0,0,1,0,0,0,0,0,0,0,0,0,0,0,0,0,0,0,0,0,0,0.0,0.0,0.0,0.0,0.0,2.0,34,4,1.7302747284144229,0.1366848464454194,1.7302747284144229
0,0,0,0,0,76500.0,170640.0,8298.0,135000.0,1,3,4,1,1,0.022625,-13359.0,-3875,1,0,0,1,0,0,18,2.0,2,2,3,18,0,0,0,0,0,0,57,0.6074783929163146,0.4578995512067301,1.0,0.0,1.0,0.0,-208.0,0,1,0,0,0,0,0,0,0,0,0,0,0,0,0,0,0,0,0,0,0.0,0.0,0.0,0.0,0.0,2.0,55,0,2.2305590776591155,0.1084691703376426,2.2305590776591155
0,0,0,0,1,171000.0,545040.0,26640.0,450000.0,6,7,1,1,2,0.004849,-4893.0,-3346,1,1,0,1,0,0,18,3.0,2,2,0,12,0,0,0,0,0,0,5,0.030111315697229,0.3280631605201915,1.0,0.0,1.0,0.0,-1181.0,0,1,0,0,0,0,0,0,0,0,0,0,0,0,0,0,0,0,0,0,0.0,0.0,0.0,0.0,1.0,0.0,30,4,3.1873497815802248,0.1557885626399845,3.1873497815802248
0,0,0,0,0,90000.0,450000.0,22018.5,450000.0,6,7,4,0,5,0.0145199999999999,-5064.0,-1096,1,1,1,1,0,0,8,2.0,2,2,4,18,0,0,0,0,1,1,38,0.1053478884009262,0.5352762504724826,1.0,0.0,1.0,0.0,-2723.0,0,1,0,0,0,0,0,0,0,0,0,0,0,0,0,0,0,0,0,0,0.0,0.0,0.0,0.0,0.0,1.0,32,8,4.999944445061722,0.24464728169687,4.999944445061722
0,0,0,0,0,202500.0,247500.0,13950.0,247500.0,6,7,4,1,1,0.003069,-5509.0,-2504,1,1,0,1,0,0,14,2.0,3,3,6,13,0,0,0,0,0,0,42,0.6695075651988955,0.5226973172821112,3.0,0.0,3.0,0.0,-2006.0,0,1,0,0,0,0,0,0,0,0,0,0,0,0,0,0,0,0,0,0,0.0,0.0,0.0,0.0,1.0,3.0,54,9,1.222216186586733,0.0688885486985249,1.222216186586733
0,1,0,1,2,81000.0,161730.0,9900.0,135000.0,6,1,4,1,4,0.010966,-3907.0,-4096,1,1,0,1,0,0,8,4.0,2,2,2,9,0,0,0,0,1,1,5,0.6585019312391047,0.6577838002083306,5.0,0.0,5.0,0.0,-1435.0,0,1,0,0,0,0,0,0,0,0,0,0,0,0,0,0,0,0,0,0,0.0,0.0,0.0,0.0,0.0,4.0,42,6,1.996642016765225,0.1222207133245268,1.996642016765225
0,0,1,1,0,45000.0,512064.0,18522.0,360000.0,1,7,4,1,1,0.00712,-9359.0,-1351,1,1,1,1,1,0,1,2.0,2,2,4,9,0,0,0,0,0,0,39,0.2653117484731741,0.746300213050371,0.0,0.0,0.0,0.0,-1435.0,0,1,0,0,0,0,0,0,0,0,0,0,0,0,0,0,0,0,0,0,0.0,0.0,0.0,0.0,0.0,1.0,48,8,11.378947134508122,0.4115908535365881,11.378947134508122
0,0,0,0,0,292500.0,1078200.0,31522.5,900000.0,6,4,1,5,1,0.032561,-12464.0,-3935,1,1,1,1,1,0,10,1.0,1,1,4,12,0,0,0,0,0,0,11,0.8104293263640673,0.5954562029091491,0.0,0.0,0.0,0.0,-1148.0,0,1,0,0,0,0,0,0,0,0,0,0,0,0,0,0,0,0,0,0,0.0,0.0,0.0,0.0,0.0,3.0,62,3,3.686141243961559,0.1077688623286758,3.686141243961559
1,0,1,1,0,135000.0,270000.0,13500.0,270000.0,6,7,1,3,1,0.030755,-4798.0,-4798,1,1,0,1,0,0,18,1.0,2,2,5,16,0,0,0,0,0,0,34,0.5262352666202531,0.7194907850918436,1.0,0.0,1.0,0.0,-322.0,0,0,0,0,0,0,0,0,0,0,0,0,0,0,0,0,0,0,0,0,0.0,0.0,0.0,0.0,0.0,1.0,42,16,1.999985185294924,0.0999992592647461,1.999985185294924
0,0,0,0,0,180000.0,728460.0,40675.5,675000.0,6,7,1,0,1,0.00823,-4901.0,-4919,1,1,1,1,1,0,16,2.0,2,2,6,15,0,0,0,0,1,1,33,0.572492359604628,0.7180328113294772,1.0,0.0,1.0,0.0,-3097.0,0,1,0,0,0,0,0,0,0,0,0,0,0,0,0,0,0,0,0,0,0.0,0.0,0.0,0.0,0.0,1.0,61,2,4.046977516791573,0.2259737445903078,4.046977516791573
0,0,0,1,0,270000.0,808650.0,26217.0,675000.0,6,7,1,1,1,0.018634,-7419.0,-354,1,1,0,1,0,0,10,2.0,2,2,3,13,0,0,0,0,0,0,5,0.5983430992516061,0.5352762504724826,0.0,0.0,0.0,0.0,0.0,0,1,0,0,0,0,0,0,0,0,0,0,0,0,0,0,0,0,0,0,0.0,0.0,0.0,0.0,0.0,1.0,36,1,2.994988907448491,0.0970996403717023,2.994988907448491
0,0,0,1,0,90000.0,630000.0,20452.5,630000.0,1,3,4,1,1,0.0145199999999999,-9505.0,-4421,1,0,0,1,1,0,18,2.0,2,2,1,9,0,0,0,0,0,0,57,0.3442507292017128,0.6178261467332483,0.0,0.0,0.0,0.0,-838.0,0,1,0,0,0,0,0,0,0,0,0,0,0,0,0,0,0,0,0,0,0.0,0.0,0.0,0.0,0.0,5.0,57,0,6.99992222308641,0.2272474750280552,6.99992222308641
0,0,0,0,0,247500.0,755190.0,36459.0,675000.0,1,7,4,1,1,0.04622,-7056.0,-3154,1,1,0,1,0,0,11,2.0,1,1,5,19,0,0,0,0,0,0,30,0.6478269171486717,0.237916079507114,4.0,2.0,3.0,1.0,-1449.0,0,1,0,0,0,0,0,0,0,0,0,0,0,0,0,0,0,0,0,0,0.0,0.0,0.0,0.0,0.0,3.0,54,1,3.0512603989478837,0.1473084957232496,3.0512603989478837
0,1,1,0,2,112500.0,440784.0,34825.5,360000.0,6,7,4,1,1,0.010147,-627.0,-2514,1,1,1,1,1,0,8,4.0,2,2,6,12,0,0,0,0,1,1,42,0.0486525757897778,0.3170317785834444,1.0,0.0,1.0,0.0,-128.0,0,1,0,0,0,0,0,0,0,0,0,0,0,0,0,0,0,0,0,0,0.0,0.0,0.0,0.0,0.0,3.0,31,2,3.918045172931796,0.3095572483800144,3.918045172931796
0,0,1,1,1,315000.0,943425.0,27715.5,787500.0,6,1,2,1,1,0.04622,-2688.0,-2728,1,1,0,1,0,1,10,3.0,1,1,5,13,0,1,1,0,0,0,50,0.4321953142912305,0.326475210066026,0.0,0.0,0.0,0.0,-579.0,0,1,0,0,0,0,0,0,0,0,0,0,0,0,0,0,0,0,0,0,0.0,0.0,0.0,0.0,0.0,1.0,41,1,2.994990492093676,0.0879854349668731,2.994990492093676
0,0,0,1,2,180000.0,675000.0,34465.5,675000.0,6,4,4,1,1,0.010006,-2576.0,-918,1,1,1,1,1,0,6,4.0,2,2,0,7,0,0,0,0,0,0,35,0.7855205731253513,0.5567274263630174,4.0,0.0,4.0,0.0,-862.0,0,1,0,0,0,0,0,0,0,0,0,0,0,0,0,0,0,0,0,0,0.0,0.0,0.0,0.0,0.0,3.0,42,15,3.749979166782407,0.1914739362559097,3.749979166782407
0,0,0,1,0,90000.0,253737.0,24849.0,229500.0,6,3,1,1,1,0.009175,-6835.0,-4253,1,0,0,1,1,0,18,2.0,2,2,1,14,0,0,0,0,0,0,57,0.7827147296020928,0.6006575372857061,1.0,0.0,1.0,0.0,-3106.0,0,1,0,0,0,0,0,0,0,0,0,0,0,0,0,0,0,0,0,0,0.0,0.0,0.0,0.0,0.0,4.0,56,0,2.8192686747925024,0.2760969322563082,2.8192686747925024
0,1,1,0,1,202500.0,550080.0,14638.5,360000.0,1,7,4,1,1,0.008625,-4213.0,-4889,1,1,0,1,0,0,16,3.0,2,2,0,10,0,1,1,0,0,0,40,0.1570300260008124,0.1862929496555374,0.0,0.0,0.0,0.0,-7.0,0,1,0,0,0,0,0,0,0,0,0,0,0,0,0,0,0,0,0,0,0.0,0.0,0.0,1.0,0.0,0.0,41,3,2.7164310299702223,0.0722885319084844,2.7164310299702223
0,1,1,0,1,225000.0,1078200.0,31027.5,900000.0,6,1,1,1,1,0.025164,-4446.0,-2414,1,1,0,1,0,1,6,3.0,2,2,3,13,0,0,0,0,0,0,33,0.2379444866426724,0.2263473957097693,0.0,0.0,0.0,0.0,-13.0,0,1,0,0,0,0,0,0,0,0,0,0,0,0,1,0,0,0,0,0,0.0,0.0,0.0,0.0,1.0,4.0,26,2,4.791978702316879,0.137899387113835,4.791978702316879
0,0,0,0,0,121500.0,450000.0,17095.5,450000.0,6,7,4,1,1,0.028663,-845.0,-322,1,1,0,1,1,0,18,2.0,2,2,1,10,0,0,0,0,1,1,33,0.7015342467644478,0.5352762504724826,3.0,0.0,3.0,0.0,-615.0,0,1,0,0,0,0,0,0,0,0,0,0,0,0,0,0,0,0,0,0,0.0,0.0,0.0,0.0,0.0,1.0,45,6,3.703673220796537,0.1407025456580604,3.703673220796537
0,1,0,0,0,99000.0,272520.0,19957.5,225000.0,6,7,4,3,5,0.020713,-932.0,-996,1,1,1,1,1,0,9,1.0,3,3,0,17,0,0,0,0,0,0,5,0.4257567953079256,0.5352762504724826,0.0,0.0,0.0,0.0,-315.0,0,1,0,0,0,0,0,0,0,0,0,0,0,0,0,0,0,0,0,0,0.0,0.0,0.0,0.0,0.0,1.0,22,1,2.752699467682145,0.2015888728396682,2.752699467682145
1,1,1,0,1,225000.0,202500.0,10125.0,202500.0,6,1,4,1,1,0.031329,-4082.0,-4082,1,1,0,1,1,0,4,3.0,2,2,4,14,0,0,0,0,0,0,20,0.6049152433304457,0.8245949709919925,0.0,0.0,0.0,0.0,-1262.0,0,0,0,0,0,0,0,0,0,0,0,0,0,0,0,0,0,0,0,0,0.0,0.0,0.0,2.0,0.0,1.0,40,7,0.8999960000177777,0.0449998000008888,0.8999960000177777
0,0,0,1,1,72000.0,269550.0,21739.5,225000.0,6,7,4,1,1,0.008068,-1202.0,-1320,1,1,0,1,0,0,8,3.0,3,3,2,10,0,0,0,0,0,0,9,0.327705072380206,0.7726311345553628,5.0,0.0,5.0,0.0,0.0,0,1,0,0,0,0,0,0,0,0,0,0,0,0,0,0,0,0,0,0,0.0,0.0,0.0,0.0,0.0,0.0,36,3,3.7436980041943855,0.3019333064818544,3.7436980041943855
1,0,0,1,2,54000.0,180000.0,9000.0,180000.0,6,7,4,1,1,0.019101,-2541.0,-4397,1,1,1,1,1,0,8,4.0,2,2,5,9,0,0,0,0,0,0,51,0.56819471929662,0.5352762504724826,5.0,3.0,5.0,1.0,-515.0,0,0,0,0,0,0,0,0,0,0,0,0,0,0,0,0,0,0,0,0,0.0,0.0,0.0,0.0,0.0,1.0,37,4,3.333271606081369,0.1666635803040684,3.333271606081369
0,0,0,1,0,112500.0,231813.0,16614.0,193500.0,6,1,1,1,1,0.018209,-9583.0,-4529,1,1,0,1,1,0,6,2.0,3,3,0,13,0,0,0,0,0,0,24,0.0904764325598435,0.7016957740576931,2.0,1.0,2.0,1.0,-408.0,0,1,0,0,0,0,0,0,0,0,0,0,0,0,0,0,0,0,0,0,0.0,0.0,0.0,0.0,0.0,0.0,58,39,2.0605416840739195,0.1476786873005573,2.0605416840739195
0,1,0,1,0,238500.0,225000.0,22383.0,225000.0,6,3,4,1,1,0.020713,-393.0,-3362,1,0,0,1,1,0,18,2.0,3,1,2,7,0,0,0,0,0,0,57,0.1903502798207248,0.5352762504724826,0.0,0.0,0.0,0.0,-213.0,0,0,0,0,1,0,0,0,0,0,0,0,0,0,0,0,0,0,0,0,0.0,0.0,0.0,0.0,1.0,0.0,60,0,0.943392270891946,0.0938486631083307,0.943392270891946
0,0,0,0,1,270000.0,1318500.0,38551.5,1318500.0,6,7,4,1,1,0.0096569999999999,-4756.0,-4335,1,1,0,1,0,0,10,3.0,2,2,4,11,0,0,0,0,0,0,33,0.5116989045196111,0.6075573001388961,0.0,0.0,0.0,0.0,-2220.0,0,1,0,0,0,0,0,0,0,0,0,0,0,0,0,0,0,0,0,0,3.0,3.0,0.0,0.0,2.0,1.0,40,9,4.883315246980567,0.1427828045081314,4.883315246980567
0,0,0,1,0,112500.0,207306.0,10984.5,148500.0,6,1,1,3,1,0.006233,-5838.0,-4979,1,1,0,1,0,0,3,1.0,2,2,0,17,0,0,0,0,0,0,33,0.4417067878153295,0.5352762504724826,0.0,0.0,0.0,0.0,0.0,0,1,0,0,0,0,0,0,0,0,0,0,0,0,0,0,0,0,0,0,0.0,0.0,0.0,0.0,0.0,1.0,35,0,1.842703620412263,0.0976391320966035,1.842703620412263
0,0,0,1,0,117000.0,144279.0,15277.5,130500.0,1,3,4,1,1,0.008625,-328.0,-4598,1,0,0,1,0,0,18,2.0,2,2,0,14,0,0,0,0,0,0,57,0.7009295042510659,0.5352762504724826,0.0,0.0,0.0,0.0,-121.0,0,0,0,0,1,0,0,0,0,0,0,0,0,0,0,0,0,0,0,0,0.0,0.0,0.0,1.0,0.0,4.0,63,0,1.2331433064674662,0.1305758070443842,1.2331433064674662
1,1,1,0,1,202500.0,405000.0,20250.0,405000.0,6,7,4,1,1,0.018801,-5403.0,-4125,1,1,0,1,0,0,8,3.0,2,2,4,10,0,0,0,0,1,1,7,0.3516229350018464,0.4525335592581747,0.0,0.0,0.0,0.0,-818.0,0,0,0,0,0,0,0,0,0,0,0,0,0,0,0,0,0,0,0,0,0.0,0.0,0.0,0.0,0.0,2.0,36,5,1.999990123505563,0.0999995061752781,1.999990123505563
0,1,0,0,0,261000.0,675000.0,21559.5,675000.0,6,3,2,1,1,0.028663,-4623.0,-4022,1,0,0,1,0,0,18,2.0,2,2,0,12,0,0,0,0,0,0,57,0.2736323884617462,0.0944516919837718,1.0,0.0,1.0,0.0,0.0,0,0,0,0,1,0,0,0,0,0,0,0,0,0,0,0,0,0,0,0,0.0,0.0,0.0,0.0,0.0,6.0,60,0,2.5861969877510047,0.082603131788767,2.5861969877510047
0,0,0,1,1,121500.0,1042560.0,34587.0,900000.0,6,7,4,2,5,0.003069,-5922.0,-3783,1,1,0,1,0,0,6,2.0,3,3,5,18,0,0,0,0,0,0,42,0.6661604488938849,0.6263042766749393,0.0,0.0,0.0,0.0,-1100.0,0,1,0,0,0,0,0,0,0,0,0,0,0,0,0,0,0,0,0,0,0.0,0.0,0.0,0.0,0.0,1.0,31,3,8.580670117941416,0.2846643237504218,8.580670117941416
0,0,0,1,0,112500.0,284400.0,15880.5,225000.0,6,3,4,3,1,0.020246,-6555.0,-4204,1,0,0,1,0,0,18,1.0,3,3,0,12,1,0,0,1,0,0,57,0.6230010733527698,0.722392890081304,0.0,0.0,0.0,0.0,-1611.0,0,0,0,0,1,0,0,0,0,0,0,0,0,0,0,0,0,0,0,0,0.0,0.0,0.0,0.0,0.0,4.0,67,0,2.52797752908863,0.1411587452555977,2.52797752908863
0,0,0,1,0,94500.0,127350.0,7240.5,112500.0,6,7,4,3,1,0.031329,-4018.0,-4372,1,1,0,1,0,0,1,1.0,2,2,5,9,0,0,0,0,1,1,5,0.6221018415242476,0.5352762504724826,0.0,0.0,0.0,0.0,-1230.0,0,1,0,0,0,0,0,0,0,0,0,0,0,0,0,0,0,0,0,0,0.0,0.0,0.0,0.0,0.0,2.0,66,5,1.3476047872509285,0.0766182368440545,1.3476047872509285
0,1,0,1,0,112500.0,312768.0,13774.5,270000.0,6,7,3,1,1,0.015221,-2598.0,-4773,1,1,1,1,1,0,18,2.0,2,2,5,13,0,0,0,0,1,1,5,0.3210819396293313,0.524496446363472,0.0,0.0,0.0,0.0,-6.0,0,1,0,0,0,0,0,0,0,0,0,0,0,0,0,0,0,0,0,0,0.0,0.0,0.0,0.0,0.0,1.0,43,6,2.780135287686332,0.1224389116541186,2.780135287686332
1,0,0,1,0,540000.0,1350000.0,67500.0,1350000.0,6,1,1,1,1,0.0145199999999999,-7035.0,-457,1,1,0,1,0,0,10,2.0,2,2,0,16,0,0,0,0,0,0,42,0.6387397769371929,0.5352762504724826,0.0,0.0,0.0,0.0,-230.0,0,0,0,0,0,0,0,0,0,0,0,0,0,0,0,0,0,0,0,0,0.0,0.0,0.0,0.0,0.0,1.0,46,13,2.499995370378944,0.1249997685189471,2.499995370378944
0,1,1,1,1,288000.0,457119.0,24925.5,342000.0,6,4,1,1,1,0.018029,-1339.0,-4229,1,1,0,1,0,0,3,3.0,3,3,4,11,0,0,0,0,0,0,41,0.6776854813311696,0.2896112383820055,1.0,0.0,1.0,0.0,-1809.0,0,1,0,0,0,0,0,0,0,0,0,0,0,0,0,0,0,0,0,0,0.0,0.0,0.0,0.0,1.0,1.0,36,7,1.5872132388429208,0.0865465744910607,1.5872132388429208
0,1,0,0,0,135000.0,292500.0,19674.0,292500.0,6,7,4,3,1,0.018209,-4051.0,-2182,1,1,0,1,0,0,18,1.0,3,3,1,10,0,0,0,1,1,0,5,0.2400564004312804,0.3092753558842053,0.0,0.0,0.0,0.0,0.0,0,1,0,0,0,0,0,0,0,0,0,0,0,0,0,0,0,0,0,0,0.0,0.0,0.0,0.0,0.0,0.0,27,0,2.166650617402834,0.1457322538351567,2.166650617402834
0,1,0,1,0,135000.0,808650.0,26217.0,675000.0,6,1,4,1,1,0.009175,-2522.0,-2785,1,1,0,1,0,0,11,2.0,2,2,0,14,0,1,1,0,0,0,33,0.6280669584493769,0.5478104658520093,0.0,0.0,0.0,0.0,0.0,0,1,0,0,0,0,0,0,0,0,0,0,0,0,0,0,0,0,0,0,0.0,0.0,0.0,0.0,0.0,0.0,52,33,5.989955629958296,0.1941985614921371,5.989955629958296
0,1,0,1,0,328500.0,1527579.0,53226.0,1395000.0,6,7,4,2,1,0.002042,-27.0,-3682,1,1,0,1,0,0,8,1.0,3,3,0,12,0,0,0,0,0,0,7,0.4789067262917333,0.6413682574954046,4.0,0.0,4.0,0.0,-850.0,0,1,0,0,0,0,0,0,0,0,0,0,0,0,0,0,0,0,0,0,0.0,0.0,1.0,0.0,0.0,2.0,55,9,4.650150227853188,0.1620269040276894,4.650150227853188
0,0,0,1,0,90000.0,545040.0,20547.0,450000.0,6,7,2,3,1,0.022625,-11854.0,-3483,1,1,0,1,1,0,18,1.0,2,2,2,14,0,0,0,0,0,0,33,0.7351555335582762,0.6075573001388961,0.0,0.0,0.0,0.0,-2337.0,0,1,0,0,0,0,0,0,0,0,0,0,0,0,0,0,0,0,0,0,0.0,0.0,0.0,0.0,0.0,3.0,55,9,6.055932711858757,0.2282974633615182,6.055932711858757
0,1,1,0,0,103500.0,201474.0,20056.5,189000.0,6,3,1,1,1,0.072508,-13227.0,-3991,1,0,0,1,0,0,18,2.0,1,1,5,10,0,0,0,0,0,0,57,0.5154955687728872,0.6528965519806539,3.0,0.0,3.0,0.0,-1657.0,0,0,0,0,1,0,0,0,0,0,0,0,0,0,0,0,0,0,0,0,0.0,0.0,0.0,1.0,0.0,3.0,67,0,1.9465898880204056,0.1937807364180056,1.9465898880204056
0,0,1,0,2,67500.0,469152.0,31864.5,405000.0,0,4,4,1,1,0.00712,-9.0,-5216,1,1,1,1,0,0,14,4.0,2,2,1,8,0,0,0,0,0,0,42,0.1953537989258013,0.5352762504724826,2.0,0.0,2.0,0.0,-1956.0,0,1,0,0,0,0,0,0,0,0,0,0,0,0,0,0,0,0,0,0,0.0,0.0,0.0,0.0,0.0,1.0,35,2,6.950297032636554,0.4720596731900268,6.950297032636554
0,0,0,1,0,81000.0,277969.5,15520.5,229500.0,6,3,4,2,1,0.030755,-2243.0,-4440,1,0,0,1,0,0,18,1.0,2,2,0,15,0,0,0,0,0,0,57,0.2653117484731741,0.746300213050371,0.0,0.0,0.0,0.0,-2508.0,0,0,0,0,1,0,0,0,0,0,0,0,0,0,0,0,0,0,0,0,0.0,0.0,0.0,0.0,1.0,2.0,64,0,3.431679855804249,0.1916087455710423,3.431679855804249
0,0,0,0,0,126000.0,234000.0,21784.5,234000.0,7,3,1,3,1,0.0145199999999999,-7573.0,-4368,1,0,0,1,0,0,18,1.0,2,2,2,13,0,0,0,0,0,0,57,0.2349951870086246,0.6058362647264226,1.0,1.0,1.0,1.0,-1601.0,0,0,0,0,1,0,0,0,0,0,0,0,0,0,0,0,0,0,0,0,0.0,0.0,0.0,0.0,1.0,2.0,68,0,1.8571281180308088,0.1728914849882143,1.8571281180308088
0,0,0,1,0,112500.0,454500.0,20151.0,454500.0,6,3,4,1,1,0.030755,-2288.0,-4230,1,0,0,1,1,0,18,2.0,2,2,0,12,0,0,0,0,0,0,57,0.615644282368553,0.5549467685334323,1.0,1.0,1.0,1.0,-1248.0,0,1,0,0,0,0,0,0,0,0,0,0,0,0,0,0,0,0,0,0,0.0,0.0,0.0,0.0,0.0,2.0,62,0,4.039964089208096,0.1791184078363747,4.039964089208096
1,0,0,1,0,90000.0,270000.0,13500.0,270000.0,6,7,1,0,5,0.035792,-1806.0,-1169,1,1,1,1,1,0,14,2.0,2,2,2,20,0,0,0,0,0,0,42,0.4962407302032871,0.5352762504724826,0.0,0.0,0.0,0.0,-863.0,0,0,0,0,0,0,0,0,0,0,0,0,0,0,0,0,0,0,0,0,0.0,0.0,0.0,0.0,0.0,1.0,23,0,2.999966667037033,0.1499983333518516,2.999966667037033
0,1,0,0,0,144000.0,270000.0,8608.5,270000.0,1,7,4,2,1,0.018634,-2097.0,-4793,1,1,1,1,1,0,16,1.0,2,2,0,19,0,0,0,0,0,0,5,0.5411019825352767,0.6279908192952864,4.0,0.0,4.0,0.0,-63.0,0,1,0,0,0,0,0,0,0,0,0,0,0,0,0,0,0,0,0,0,0.0,0.0,0.0,0.0,2.0,2.0,43,11,1.8749869792570888,0.0597808348553135,1.8749869792570888
0,1,0,1,0,81000.0,90000.0,9580.5,90000.0,1,1,1,0,1,0.00702,-4127.0,-1110,1,1,1,1,1,0,8,2.0,2,2,2,8,0,0,0,0,1,1,5,0.4510500510642316,0.5046813193144684,1.0,1.0,1.0,1.0,-3024.0,0,1,0,0,0,0,0,0,0,0,0,0,0,0,0,0,0,0,0,0,0.0,0.0,0.0,0.0,1.0,3.0,48,22,1.1110973938593351,0.1182763175763262,1.1110973938593351
0,0,0,1,0,216000.0,846000.0,27958.5,846000.0,1,1,4,2,5,0.010556,-349.0,-4537,1,1,1,1,1,0,4,1.0,3,3,4,15,0,0,0,0,0,0,5,0.7647440320343984,0.5478104658520093,0.0,0.0,0.0,0.0,-1362.0,0,1,0,0,0,0,0,0,0,0,0,0,0,0,0,0,0,0,0,0,0.0,0.0,0.0,0.0,0.0,1.0,40,5,3.916648534034565,0.1294369007550891,3.916648534034565
0,0,0,1,2,148500.0,1125000.0,33025.5,1125000.0,6,7,1,1,1,0.018801,-2753.0,-4030,1,1,0,1,0,0,3,4.0,2,2,2,14,0,0,0,0,0,0,34,0.0263527232501767,0.7981372313187245,0.0,0.0,0.0,0.0,-1313.0,0,1,0,0,0,0,0,0,0,0,0,0,0,0,0,0,0,0,0,0,0.0,0.0,0.0,0.0,0.0,0.0,42,7,7.575706560898579,0.2223924418017387,7.575706560898579
0,0,1,0,1,105750.0,1042560.0,34456.5,900000.0,6,1,4,3,1,0.025164,-5562.0,-4039,1,1,1,1,0,0,18,2.0,2,2,3,14,0,0,0,0,1,1,5,0.647986549517056,0.6397075677637197,6.0,0.0,6.0,0.0,-1784.0,0,1,0,0,0,0,0,0,0,0,0,0,0,0,0,0,0,0,0,0,0.0,0.0,0.0,0.0,0.0,3.0,34,6,9.858630178438029,0.3258267061304384,9.858630178438029
0,0,1,1,2,180000.0,931401.0,62496.0,832500.0,6,7,4,2,1,0.030755,-9261.0,-4544,1,1,0,1,0,0,12,3.0,2,2,5,12,0,0,0,0,0,0,4,0.7115985641296763,0.5280927512030451,0.0,0.0,0.0,0.0,0.0,0,1,0,0,0,0,0,0,0,0,0,0,0,0,0,0,0,0,0,0,0.0,0.0,0.0,4.0,2.0,3.0,41,14,5.17442125321526,0.3471980711218271,5.17442125321526
0,0,0,0,1,90000.0,517500.0,22923.0,517500.0,6,7,4,2,1,0.04622,-7874.0,-3676,1,1,1,1,1,0,18,2.0,1,1,6,14,0,0,0,0,0,0,4,0.6781008953588515,0.6528965519806539,0.0,0.0,0.0,0.0,-639.0,0,1,0,0,0,0,0,0,0,0,0,0,0,0,0,0,0,0,0,0,0.0,0.0,0.0,0.0,0.0,1.0,37,15,5.74993611182098,0.2546971700314441,5.74993611182098
0,0,0,1,0,112500.0,355536.0,21613.5,270000.0,6,1,4,3,1,0.009175,-650.0,-1499,1,1,0,1,1,0,8,1.0,2,2,4,16,0,0,0,0,0,0,7,0.6976970008945093,0.1309471529360181,1.0,0.0,1.0,0.0,0.0,0,1,0,0,0,0,0,0,0,0,0,0,0,0,0,0,0,0,0,0,0.0,0.0,0.0,0.0,0.0,0.0,49,8,3.1602919085163688,0.1921182922818463,3.1602919085163688
0,0,1,1,0,337500.0,956574.0,35577.0,855000.0,6,7,4,1,1,0.025164,-2767.0,-2460,1,1,0,1,0,0,8,2.0,2,2,4,11,0,0,0,0,0,0,4,0.7289533572108289,0.5352762504724826,4.0,0.0,4.0,0.0,-2070.0,0,1,0,0,0,0,0,0,0,0,0,0,0,0,0,0,0,0,0,0,0.0,0.0,0.0,1.0,0.0,1.0,51,9,2.834284935452043,0.1054130209984563,2.834284935452043
0,1,1,1,1,207000.0,450000.0,47385.0,450000.0,6,1,1,1,1,0.026392,-4926.0,-4920,1,1,0,1,0,0,18,3.0,2,2,6,15,0,0,0,0,0,0,3,0.5507235912662397,0.3672910183026313,0.0,0.0,0.0,0.0,-2380.0,0,0,0,0,0,0,1,0,0,0,0,0,0,0,0,0,0,0,0,0,0.0,0.0,0.0,0.0,0.0,7.0,44,7,2.173902541533616,0.2289119376234897,2.173902541533616
0,0,0,0,1,180000.0,900000.0,26446.5,900000.0,6,1,4,0,1,0.031329,-2656.0,-4400,1,1,0,1,0,0,6,3.0,2,2,5,15,0,0,0,0,1,1,51,0.642852034039511,0.4974688893052743,0.0,0.0,0.0,0.0,-1757.0,0,1,0,0,0,0,0,0,0,0,0,0,0,0,0,0,0,0,0,0,0.0,0.0,0.0,0.0,0.0,0.0,36,0,4.999972222376543,0.1469241837545347,4.999972222376543
0,0,0,1,0,180000.0,260640.0,18270.0,225000.0,6,3,1,3,1,0.04622,-860.0,-5182,1,0,0,1,0,0,18,1.0,1,1,4,13,0,0,0,0,0,0,57,0.7513752594065886,0.5352762504724826,0.0,0.0,0.0,0.0,-580.0,0,1,0,0,0,0,0,0,0,0,0,0,0,0,0,0,0,0,0,0,0.0,0.0,0.0,0.0,0.0,1.0,60,0,1.4479919556002467,0.1014994361142438,1.4479919556002467
0,0,0,0,1,166500.0,475902.0,24304.5,430447.5,7,7,4,0,1,0.018029,-1640.0,-4652,1,1,0,1,0,0,12,3.0,3,3,6,12,0,0,0,0,0,0,42,0.3291133983906783,0.5352762504724826,3.0,0.0,3.0,0.0,-2345.0,0,1,0,0,0,0,0,0,0,0,0,0,0,0,0,0,0,0,0,0,0.0,0.0,0.0,0.0,1.0,4.0,38,11,2.858253103584964,0.1459720962636861,2.858253103584964
0,0,0,0,0,382500.0,450000.0,27193.5,450000.0,6,1,4,3,1,0.006629,-2926.0,-2926,1,1,0,1,0,1,10,1.0,2,2,6,12,0,1,1,0,1,1,5,0.5522867578750119,0.5352762504724826,0.0,0.0,0.0,0.0,-1058.0,0,1,0,0,0,0,0,0,0,0,0,0,0,0,0,0,0,0,0,0,0.0,0.0,0.0,0.0,0.0,1.0,28,7,1.1764675125032351,0.0710939317805705,1.1764675125032351
0,0,0,1,0,82350.0,229230.0,14152.5,202500.0,6,3,4,3,1,0.01885,-9871.0,-4159,1,0,0,1,1,0,18,1.0,2,2,6,13,0,0,0,0,0,0,57,0.5872374337205918,0.6910212267577837,6.0,0.0,6.0,0.0,-1264.0,0,0,0,0,1,0,0,0,0,0,0,0,0,0,0,0,0,0,0,0,0.0,0.0,0.0,0.0,0.0,4.0,58,0,2.783572755643526,0.1718558366018627,2.783572755643526
0,0,0,1,0,76500.0,1288350.0,37669.5,1125000.0,6,7,4,1,1,0.0105,-132.0,-704,1,1,0,1,1,0,6,2.0,3,3,1,13,0,0,0,0,0,0,54,0.0927051276892904,0.5064842396679806,4.0,0.0,4.0,0.0,-363.0,0,1,0,0,0,0,0,0,0,0,0,0,0,0,0,0,0,0,0,0,0.0,0.0,0.0,0.0,0.0,0.0,35,3,16.84095632736827,0.4924053280349276,16.84095632736827
0,0,0,1,1,315000.0,257391.0,26505.0,238500.0,6,4,1,1,1,0.002506,-1810.0,-1372,1,1,0,1,0,0,18,3.0,2,2,5,1,0,0,0,1,1,0,11,0.0721088010253017,0.7209441499436497,0.0,0.0,0.0,0.0,-952.0,0,1,0,0,0,0,0,0,0,0,0,0,0,0,0,0,0,0,0,0,0.0,0.0,0.0,0.0,0.0,2.0,48,4,0.8171116917089152,0.0841425900235237,0.8171116917089152
0,0,0,1,0,157500.0,508495.5,24592.5,454500.0,6,3,4,1,1,0.010006,-5824.0,-3020,1,0,0,1,0,0,18,2.0,2,2,0,14,0,0,0,0,0,0,57,0.6233399927690542,0.7886807751817684,0.0,0.0,0.0,0.0,0.0,0,1,0,0,0,0,0,0,0,0,0,0,0,0,0,0,0,0,0,0,0.0,0.0,0.0,0.0,0.0,3.0,53,0,3.2285223585881995,0.1561418657659316,3.2285223585881995
0,1,0,1,0,135000.0,225000.0,13896.0,225000.0,1,1,4,1,1,0.026392,-8181.0,-4200,1,1,0,1,0,0,8,2.0,2,2,1,18,0,0,0,0,0,0,16,0.7053660792269053,0.5172965813614878,4.0,1.0,4.0,1.0,0.0,0,1,0,0,0,0,0,0,0,0,0,0,0,0,0,0,0,0,0,0,0.0,0.0,0.0,1.0,0.0,0.0,39,0,1.6666543210791032,0.1029325708698454,1.6666543210791032
1,0,0,0,0,135000.0,135000.0,6750.0,135000.0,6,7,4,2,2,0.020713,-8175.0,-4324,1,1,0,1,0,0,8,1.0,3,3,1,13,0,0,0,0,1,1,3,0.4110658098692224,0.5352762504724826,0.0,0.0,0.0,0.0,-454.0,0,0,0,0,0,0,0,0,0,0,0,0,0,0,0,0,0,0,0,0,0.0,0.0,0.0,0.0,0.0,1.0,44,6,0.999992592647462,0.049999629632373,0.999992592647462
0,1,0,1,0,270000.0,1278045.0,37498.5,1116000.0,6,3,1,0,1,0.003813,-413.0,-4484,1,0,0,1,0,0,18,2.0,2,2,1,10,0,0,0,0,0,0,57,0.4990342442151726,0.6058362647264226,0.0,0.0,0.0,0.0,-180.0,0,0,0,0,1,0,0,0,0,0,0,0,0,0,0,0,0,0,0,0,0.0,0.0,0.0,0.0,0.0,2.0,63,0,4.73348246858345,0.1388828189525223,4.73348246858345
0,1,1,0,0,225000.0,808650.0,26217.0,675000.0,1,3,1,5,1,0.020713,-9.0,-4028,1,0,0,1,0,0,18,1.0,3,2,0,8,0,0,0,0,0,0,57,0.6236941886167064,0.3123653692278984,8.0,0.0,8.0,0.0,0.0,0,0,0,0,1,0,0,0,0,0,0,0,0,0,0,0,0,0,0,0,0.0,0.0,0.0,0.0,0.0,8.0,61,0,3.593984026737659,0.1165194821356349,3.593984026737659
0,1,1,0,0,234000.0,810000.0,34447.5,810000.0,1,7,2,1,1,0.00496,-9387.0,-494,1,1,1,1,1,0,4,2.0,2,2,2,10,0,0,0,0,1,1,34,0.5807721268839711,0.4101025731788671,0.0,0.0,0.0,0.0,-746.0,0,1,0,0,0,0,0,0,0,0,0,0,0,0,0,0,0,0,0,0,0.0,0.0,0.0,0.0,1.0,1.0,46,6,3.4615236687022706,0.1472109093550882,3.4615236687022706
0,0,1,1,0,225000.0,522396.0,38011.5,472500.0,6,7,1,1,1,0.030755,-257.0,-3749,1,1,0,1,0,0,5,2.0,2,2,6,9,0,0,0,0,0,0,5,0.7132427848323636,0.5954562029091491,1.0,1.0,1.0,1.0,-2572.0,0,1,0,0,0,0,0,0,0,0,0,0,0,0,0,0,0,0,0,0,0.0,0.0,0.0,0.0,0.0,3.0,30,0,2.321749681112528,0.1689392491588926,2.321749681112528
0,0,1,1,0,450000.0,485640.0,31999.5,450000.0,6,1,1,1,1,0.025164,-480.0,-2660,1,1,0,1,0,0,3,2.0,2,2,0,16,0,0,0,0,0,0,27,0.6988396038011144,0.6023863442690867,0.0,0.0,0.0,0.0,-1217.0,0,0,0,0,0,0,0,0,0,0,0,0,0,0,0,0,0,0,0,0,0.0,0.0,0.0,0.0,0.0,2.0,52,5,1.079197601783107,0.0711098419781289,1.079197601783107
0,0,0,1,1,270000.0,254700.0,27153.0,225000.0,6,7,4,1,1,0.016612,-3021.0,-599,1,1,0,1,0,0,2,3.0,2,2,5,15,0,0,0,0,0,0,5,0.2858978721410488,0.5352762504724826,1.0,1.0,1.0,1.0,-867.0,0,1,0,0,0,0,0,0,0,0,0,0,0,0,0,0,0,0,0,0,0.0,0.0,0.0,0.0,0.0,1.0,33,2,0.9433298395191128,0.1005662941989103,0.9433298395191128
0,0,0,0,1,103500.0,659610.0,19417.5,472500.0,6,7,4,5,2,0.031329,-9796.0,-2160,1,1,0,1,0,0,2,2.0,2,2,1,9,0,0,0,0,0,0,39,0.1915258625230554,0.3606125659189888,4.0,2.0,4.0,2.0,-970.0,0,1,0,0,0,0,0,0,0,0,0,0,0,0,0,0,0,0,0,0,0.0,0.0,0.0,0.0,0.0,3.0,51,4,6.372981903556488,0.1876068830252847,6.372981903556488
0,0,0,1,0,45000.0,436500.0,15678.0,436500.0,6,3,4,1,1,0.0066709999999999,-9895.0,-4420,1,0,0,1,1,0,18,2.0,2,2,5,12,0,0,0,0,0,0,57,0.6684567504257,0.5352762504724826,0.0,0.0,0.0,0.0,-2631.0,0,1,0,0,0,0,0,0,0,0,0,0,0,0,0,0,0,0,0,0,0.0,0.0,0.0,0.0,0.0,1.0,63,0,9.699784449234462,0.3483922579498233,9.699784449234462
0,0,0,1,0,108000.0,182448.0,13770.0,157500.0,1,7,1,3,1,0.003813,-8526.0,-790,1,1,0,1,1,0,18,1.0,2,2,1,6,0,0,0,0,0,0,33,0.4047440428030433,0.5352762504724826,3.0,1.0,3.0,1.0,-1569.0,0,1,0,0,0,0,0,0,0,0,0,0,0,0,0,0,0,0,0,0,0.0,0.0,0.0,0.0,0.0,1.0,47,7,1.6893176915028565,0.1274988194553754,1.6893176915028565
0,0,0,0,3,175500.0,1035832.5,30415.5,904500.0,1,7,4,5,1,0.009334,-5058.0,-5829,1,1,1,1,0,0,14,4.0,2,2,6,13,0,0,0,0,0,0,5,0.6415053762045285,0.5316861425197883,1.0,0.0,1.0,0.0,-1287.0,0,1,0,0,0,0,0,0,0,0,0,0,0,0,0,0,0,0,0,0,0.0,0.0,1.0,0.0,0.0,1.0,37,0,5.902145856718765,0.1733067048051008,5.902145856718765
0,1,0,1,0,67500.0,265851.0,18112.5,229500.0,6,7,4,1,1,0.0088659999999999,-6948.0,-385,1,1,0,1,0,0,1,2.0,2,2,1,9,0,0,0,1,1,0,5,0.6554564271055526,0.5352762504724826,0.0,0.0,0.0,0.0,-945.0,0,1,0,0,0,0,0,0,0,0,0,0,0,0,0,0,0,0,0,0,0.0,0.0,0.0,0.0,0.0,1.0,47,4,3.9384749855557697,0.2683293580835839,3.9384749855557697
0,0,0,1,0,157500.0,1097676.0,32224.5,958500.0,6,7,1,3,1,0.022625,-3131.0,-940,1,1,0,1,0,0,10,1.0,2,2,4,14,0,0,0,1,1,0,5,0.5520109791255062,0.3539876078507373,2.0,0.0,2.0,0.0,-828.0,0,1,0,0,0,0,0,0,0,0,0,0,0,0,0,0,0,0,0,0,0.0,0.0,0.0,0.0,0.0,2.0,22,2,6.969327178875055,0.2045987009606288,6.969327178875055
1,0,0,0,0,144000.0,270000.0,13500.0,270000.0,6,7,4,1,5,0.0145199999999999,-1217.0,-2428,1,1,0,1,0,0,12,2.0,2,2,1,14,0,0,0,1,1,0,33,0.3846697981777466,0.3092753558842053,0.0,0.0,0.0,0.0,-438.0,0,0,0,0,0,0,0,0,0,0,0,0,0,0,0,0,0,0,0,0,0.0,0.0,0.0,0.0,0.0,1.0,52,7,1.8749869792570888,0.0937493489628544,1.8749869792570888
0,0,0,0,0,99000.0,91143.0,8433.0,85500.0,6,3,1,5,1,0.018634,-8600.0,-4278,1,0,0,1,1,0,18,1.0,2,2,0,16,0,0,0,0,0,0,57,0.76341956713559,0.4776491548517548,0.0,0.0,0.0,0.0,-2840.0,0,1,0,0,0,0,0,0,0,0,0,0,0,0,0,0,0,0,0,0,0.0,0.0,0.0,0.0,1.0,2.0,57,0,0.9206270643730872,0.0851809577681033,0.9206270643730872
0,0,0,0,1,67500.0,436032.0,16564.5,360000.0,6,7,4,1,2,0.0196889999999999,-2015.0,-4145,1,1,0,1,0,0,16,3.0,2,2,4,11,0,0,0,0,1,1,14,0.4534335347007456,0.3842068130556564,5.0,0.0,5.0,0.0,-385.0,0,1,0,0,0,0,0,0,0,0,0,0,0,0,0,0,0,0,0,0,0.0,0.0,0.0,0.0,0.0,2.0,31,2,6.459637634998,0.2453963644983037,6.459637634998
0,1,0,0,0,135000.0,177237.0,19215.0,153000.0,6,1,4,3,5,0.006629,-3571.0,-1658,1,1,0,1,0,1,14,1.0,2,2,6,11,0,0,0,1,1,0,5,0.3785651042550245,0.3944954053123993,0.0,0.0,0.0,0.0,-654.0,0,1,0,0,0,0,0,0,0,0,0,0,0,0,0,0,0,0,0,0,0.0,0.0,1.0,0.0,0.0,4.0,24,0,1.312856941800431,0.1423322790201554,1.312856941800431
0,0,1,1,1,180000.0,521280.0,27423.0,450000.0,6,7,1,1,1,0.014464,-1934.0,-4439,1,1,1,1,0,0,14,3.0,2,2,4,10,0,0,0,0,1,1,5,0.4760588022084772,0.5352762504724826,2.0,0.0,2.0,0.0,-541.0,0,1,0,0,0,0,0,0,0,0,0,0,0,0,0,0,0,0,0,0,0.0,0.0,0.0,0.0,0.0,1.0,38,5,2.895983911200493,0.1523491536158132,2.895983911200493
0,0,0,1,0,225000.0,781920.0,50103.0,675000.0,6,1,4,1,1,0.035792,-2471.0,-4660,1,1,0,1,0,0,10,2.0,2,2,6,13,0,0,0,0,0,0,42,0.6276224332070071,0.326475210066026,1.0,0.0,1.0,0.0,-866.0,0,1,0,0,0,0,0,0,0,0,0,0,0,0,0,0,0,0,0,0,0.0,0.0,0.0,0.0,0.0,2.0,43,4,3.4751845547353124,0.2226790103155097,3.4751845547353124
0,0,0,1,0,162000.0,2107881.0,55732.5,1759500.0,6,3,4,1,1,0.030755,-4580.0,-4586,1,0,0,1,0,0,18,2.0,2,2,3,12,0,0,0,0,0,0,57,0.7201512366996685,0.7407990879702335,0.0,0.0,0.0,0.0,0.0,0,1,0,0,0,0,0,0,0,0,0,0,0,0,0,0,0,0,0,0,0.0,0.0,0.0,0.0,0.0,1.0,61,0,13.011530793019796,0.3440256541626286,13.011530793019796
0,1,1,1,0,135000.0,1546020.0,45333.0,1350000.0,1,3,4,1,1,0.008575,-9637.0,-4369,1,0,0,1,1,0,18,2.0,2,2,2,10,0,0,0,0,0,0,57,0.7062696507417537,0.7449321846094795,2.0,0.0,2.0,0.0,0.0,0,1,0,0,0,0,0,0,0,0,0,0,0,0,0,0,0,0,0,0,0.0,0.0,0.0,0.0,1.0,0.0,58,0,11.451915170998731,0.3357975126110177,11.451915170998731
1,1,1,1,0,112500.0,270000.0,13500.0,270000.0,6,7,4,1,1,0.031329,-1826.0,-4750,1,1,1,1,1,0,8,2.0,2,2,0,16,0,0,0,0,0,0,42,0.6925669721151954,0.7352209993926424,0.0,0.0,0.0,0.0,-2043.0,0,0,0,0,0,0,0,0,0,0,0,0,0,0,0,0,0,0,0,0,0.0,0.0,0.0,0.0,0.0,0.0,43,6,2.3999786668562946,0.1199989333428147,2.3999786668562946
0,1,0,1,0,180000.0,545040.0,25537.5,450000.0,1,7,2,1,1,0.028663,-2449.0,-552,1,1,0,1,0,0,4,2.0,2,2,1,16,0,0,0,0,0,0,55,0.6386489444729997,0.2471909382666521,4.0,1.0,4.0,0.0,-1104.0,0,0,0,0,0,0,1,0,0,0,0,0,0,0,0,0,0,0,0,0,0.0,0.0,0.0,0.0,0.0,1.0,46,5,3.027983177871234,0.1418742118099344,3.027983177871234
0,1,0,1,0,108000.0,282690.0,14931.0,202500.0,6,7,4,3,1,0.0088659999999999,-4948.0,-4885,1,1,0,1,0,0,8,1.0,2,2,3,13,0,0,0,0,0,0,33,0.2598160530928556,0.2750003523983893,0.0,0.0,0.0,0.0,-257.0,0,1,0,0,0,0,0,0,0,0,0,0,0,0,0,0,0,0,0,0,0.0,0.0,0.0,0.0,0.0,3.0,38,3,2.617475764113295,0.13824871991926,2.617475764113295
0,0,0,1,0,121500.0,254700.0,15709.5,225000.0,6,3,3,1,1,0.004849,-7139.0,-4208,1,0,0,1,0,0,18,2.0,2,2,5,12,0,0,0,0,0,0,57,0.3919986803024136,0.5352762504724826,1.0,1.0,1.0,1.0,0.0,0,1,0,0,0,0,0,0,0,0,0,0,0,0,0,0,0,0,0,0,0.0,0.0,0.0,0.0,0.0,1.0,66,0,2.09627904297084,0.1292952321380071,2.09627904297084
0,0,1,1,0,225000.0,297000.0,11326.5,297000.0,6,1,1,3,1,0.015221,-1235.0,-1344,1,1,0,1,0,0,18,1.0,2,2,4,15,0,1,1,0,1,1,26,0.6149040693276935,0.4866531565147181,5.0,0.0,5.0,0.0,-1953.0,0,1,0,0,0,0,0,0,0,0,0,0,0,0,0,0,0,0,0,0,0.0,0.0,0.0,0.0,0.0,0.0,38,11,1.3199941333594072,0.050339776267661,1.3199941333594072
0,0,0,1,0,180000.0,170640.0,11533.5,135000.0,6,1,1,0,4,0.0105,-10450.0,-784,1,1,0,1,0,0,13,2.0,3,3,1,15,0,0,0,1,1,0,42,0.4638033974042228,0.4489622731076524,1.0,0.0,1.0,0.0,-1245.0,0,1,0,0,0,0,0,0,0,0,0,0,0,0,0,0,0,0,0,0,0.0,0.0,0.0,0.0,0.0,0.0,28,4,0.9479947333625924,0.0640746440297553,0.9479947333625924
0,0,1,1,0,112500.0,234000.0,25330.5,234000.0,6,1,4,0,1,0.025164,-10663.0,-3308,1,1,1,1,1,0,14,2.0,2,2,1,11,0,0,0,0,0,0,42,0.6493371078244753,0.5937175866150576,0.0,0.0,0.0,0.0,0.0,0,0,0,0,0,0,1,0,0,0,0,0,0,0,0,0,0,0,0,0,0.0,0.0,1.0,0.0,2.0,0.0,29,2,2.0799815112754554,0.225157998595568,2.0799815112754554
0,1,1,1,1,225000.0,675000.0,47110.5,675000.0,6,1,4,1,1,0.008068,-9127.0,-3612,1,1,1,1,1,1,4,3.0,3,3,4,15,0,0,0,0,0,0,5,0.5201419546626572,0.5136937663039473,0.0,0.0,0.0,0.0,-1037.0,0,0,0,0,0,0,1,0,0,0,0,0,0,0,0,0,0,0,0,0,0.0,0.0,0.0,0.0,0.0,1.0,42,9,2.999986666725926,0.2093790694263581,2.999986666725926
0,0,0,1,0,103500.0,220032.0,10386.0,144000.0,6,3,4,3,1,0.035792,-587.0,-4156,1,0,0,1,0,0,18,1.0,2,2,1,11,0,0,0,0,0,0,57,0.5627141061025026,0.2238313174701554,1.0,0.0,1.0,0.0,-223.0,0,1,0,0,0,0,0,0,0,0,0,0,0,0,0,0,0,0,0,0,0.0,0.0,0.0,0.0,0.0,0.0,62,0,2.125892503454073,0.1003468565521106,2.125892503454073
0,0,0,1,0,90000.0,188478.0,19440.0,166500.0,6,7,4,5,1,0.018634,-8063.0,-4370,1,1,1,1,0,0,8,1.0,2,2,1,9,0,0,0,0,0,0,11,0.443443906802712,0.7910749129911773,4.0,0.0,4.0,0.0,-517.0,0,1,0,0,0,0,0,0,0,0,0,0,0,0,0,0,0,0,0,0,0.0,0.0,0.0,0.0,0.0,1.0,63,12,2.0941767313696515,0.2159976000266663,2.0941767313696515
0,0,0,1,0,90000.0,284400.0,16011.0,225000.0,1,3,1,3,1,0.00702,-3467.0,-4157,1,0,0,1,0,0,18,1.0,2,2,4,9,0,0,0,0,0,0,57,0.6982962523999343,0.7713615919194317,0.0,0.0,0.0,0.0,-2638.0,0,1,0,0,0,0,0,0,0,0,0,0,0,0,0,0,0,0,0,0,0.0,0.0,0.0,0.0,0.0,1.0,65,0,3.159964889279008,0.177898023355296,3.159964889279008
0,1,1,0,0,270000.0,1138500.0,32755.5,1138500.0,6,7,4,1,1,0.030755,-9404.0,-333,1,1,0,1,1,0,4,2.0,2,2,0,16,0,0,0,0,1,1,30,0.6238276194470217,0.646329897706246,1.0,0.0,1.0,0.0,-1402.0,0,1,0,0,0,0,0,0,0,0,0,1,0,0,0,0,0,0,0,0,0.0,0.0,0.0,2.0,0.0,0.0,45,8,4.216651049440558,0.1213162173473431,4.216651049440558
0,0,1,1,3,360000.0,983160.0,62964.0,900000.0,1,7,4,0,1,0.010643,-2327.0,-1974,1,1,0,1,0,0,18,5.0,2,2,4,10,0,0,0,0,1,1,5,0.4608300003274535,0.3425288720742255,0.0,0.0,0.0,0.0,-713.0,0,1,0,0,0,0,0,0,0,0,0,0,0,0,0,0,0,0,0,0,0.0,0.0,0.0,1.0,0.0,1.0,27,2,2.730992413909961,0.1748995141680162,2.730992413909961
0,1,0,1,0,238500.0,119925.0,13045.5,112500.0,6,7,4,1,1,0.025164,-2496.0,-2312,1,1,1,1,1,0,8,2.0,2,2,2,11,0,0,0,0,1,1,1,0.1604053214783667,0.5656079814115492,4.0,0.0,4.0,0.0,0.0,0,1,0,0,0,0,0,0,0,0,0,0,0,0,0,0,0,0,0,0,0.0,0.0,0.0,0.0,0.0,2.0,51,3,0.5028280803854072,0.054697883866315,0.5028280803854072
0,1,0,1,2,225000.0,728460.0,57685.5,675000.0,6,7,4,1,1,0.009334,-198.0,-1303,1,1,1,1,1,0,8,4.0,2,2,4,12,0,0,0,0,0,0,53,0.6849402100050009,0.0956927242302637,0.0,0.0,0.0,0.0,-260.0,0,1,0,0,0,0,0,0,0,0,0,0,0,0,0,0,0,0,0,0,0.0,0.0,0.0,0.0,0.0,2.0,23,1,3.237585610730619,0.2563788605383976,3.237585610730619
0,0,1,0,1,202500.0,450000.0,47254.5,450000.0,6,1,1,1,1,0.019101,-1471.0,-5115,1,1,1,1,1,0,18,3.0,2,2,1,14,0,0,0,0,0,0,5,0.626870848552444,0.5352762504724826,2.0,0.0,2.0,0.0,-784.0,0,1,0,0,0,0,0,0,0,0,0,0,0,0,0,0,0,0,0,0,0.0,0.0,0.0,0.0,0.0,2.0,38,6,2.2222112483395144,0.2333544031881324,2.2222112483395144
0,0,0,1,0,180000.0,526491.0,27918.0,454500.0,1,3,4,1,1,0.035792,-9398.0,-4314,1,0,0,1,0,0,18,2.0,2,2,0,9,0,0,0,0,0,0,57,0.5370377358324079,0.5549467685334323,1.0,0.0,1.0,0.0,-1596.0,0,0,0,0,1,0,0,0,0,0,0,0,0,0,0,0,0,0,0,0,0.0,0.0,0.0,0.0,0.0,2.0,63,0,2.9249337503680537,0.1550991383381203,2.9249337503680537
0,0,0,0,0,72000.0,781920.0,25969.5,675000.0,6,3,3,5,1,0.031329,-2500.0,-2632,1,0,0,1,1,0,18,1.0,2,2,4,12,0,0,0,0,0,0,57,0.7110507439080641,0.5352762504724826,0.0,0.0,0.0,0.0,-1170.0,0,1,0,0,0,0,0,0,0,0,0,0,0,0,0,0,0,0,0,0,0.0,0.0,0.0,0.0,0.0,1.0,64,0,10.859849168761546,0.3606824905209649,10.859849168761546
0,0,1,0,1,108000.0,1288350.0,37800.0,1125000.0,6,7,4,1,5,0.02461,-5842.0,-4199,1,1,1,1,1,0,10,3.0,2,2,5,17,0,0,0,0,0,0,11,0.6891014672440083,0.6075573001388961,0.0,0.0,0.0,0.0,-1099.0,0,1,0,0,0,0,0,0,0,0,0,0,0,0,0,0,0,0,0,0,0.0,0.0,0.0,0.0,1.0,0.0,40,21,11.929056212442475,0.3499967592892658,11.929056212442475
0,0,0,1,0,202500.0,472500.0,45324.0,454500.0,6,7,4,0,1,0.025164,-5237.0,-4460,1,1,0,1,0,0,1,2.0,2,2,5,13,0,0,0,0,0,0,33,0.6709575211449834,0.6127042441012546,2.0,0.0,2.0,0.0,-865.0,0,1,0,0,0,0,0,0,0,0,0,0,0,0,0,0,0,0,0,0,0.0,0.0,0.0,0.0,2.0,1.0,61,2,2.33332181075649,0.2238211169327559,2.33332181075649
0,1,0,1,0,225000.0,1506816.0,49927.5,1350000.0,5,3,4,1,1,0.006629,-959.0,-4417,1,0,0,1,0,0,18,2.0,2,2,1,3,0,0,0,0,0,0,57,0.6799263194003935,0.5352762504724826,4.0,0.0,4.0,0.0,-1211.0,0,1,0,0,0,0,0,0,0,0,0,0,0,0,0,0,0,0,0,0,0.0,0.0,0.0,0.0,0.0,1.0,65,0,6.696930235865619,0.2218990137821609,6.696930235865619
0,1,1,0,0,112500.0,279000.0,16987.5,279000.0,6,7,4,3,5,0.028663,-8039.0,-4743,1,1,0,1,0,0,18,1.0,2,2,1,9,0,0,0,0,0,0,22,0.4659031889889849,0.5352762504724826,0.0,0.0,0.0,0.0,-539.0,0,1,0,0,0,0,0,0,0,0,0,0,0,0,0,0,0,0,0,0,0.0,0.0,0.0,0.0,0.0,1.0,44,6,2.4799779557515045,0.1509986577897085,2.4799779557515045
0,1,1,1,0,112500.0,668304.0,32278.5,540000.0,6,7,4,0,1,0.022625,-3869.0,-2027,1,1,0,1,0,0,3,2.0,2,2,6,11,0,0,0,0,1,1,10,0.7286767499164144,0.1745642655572634,3.0,0.0,3.0,0.0,-1985.0,0,0,0,0,0,0,1,0,0,0,0,0,0,0,0,0,0,0,0,0,0.0,0.0,0.0,0.0,0.0,2.0,25,2,5.9404271962027,0.28691744962267,5.9404271962027
1,0,1,1,0,180000.0,900000.0,45000.0,900000.0,6,1,4,3,1,0.026392,-10227.0,-4361,1,1,1,1,1,0,0,1.0,2,2,6,16,0,0,0,0,0,0,5,0.3366010942890777,0.5424451438613613,1.0,0.0,1.0,0.0,-36.0,0,0,0,0,0,0,0,0,0,0,0,0,0,0,0,0,0,0,0,0,0.0,0.0,0.0,0.0,0.0,5.0,44,10,4.999972222376543,0.2499986111188271,4.999972222376543
0,1,0,1,2,202500.0,204858.0,12510.0,171000.0,6,7,4,1,1,0.009175,-8112.0,-4758,1,1,0,1,1,0,8,4.0,2,2,5,15,0,0,0,0,0,0,4,0.7324688180522307,0.5352762504724826,0.0,0.0,0.0,0.0,-387.0,0,1,0,0,0,0,0,0,0,0,0,0,0,0,0,0,0,0,0,0,0.0,0.0,0.0,0.0,0.0,1.0,43,8,1.0116394486940803,0.0617774727038385,1.0116394486940803
0,1,1,0,0,90000.0,545040.0,25537.5,450000.0,6,7,4,1,1,0.018209,-3128.0,-4667,1,1,1,1,1,0,18,2.0,3,3,3,15,0,0,0,0,0,0,5,0.611631501589567,0.4118485559242397,1.0,1.0,1.0,1.0,-1506.0,0,1,0,0,0,0,0,0,0,0,0,0,0,0,0,0,0,0,0,0,0.0,0.0,0.0,0.0,0.0,1.0,38,10,6.055932711858757,0.2837468472572527,6.055932711858757
0,0,0,0,0,211500.0,675000.0,41427.0,675000.0,1,3,4,1,1,0.018209,-1867.0,-4547,1,0,0,1,0,0,18,2.0,3,3,1,11,0,0,0,0,0,0,57,0.1360976080965251,0.646329897706246,0.0,0.0,0.0,0.0,-1677.0,0,1,0,0,0,0,0,0,0,0,0,0,0,0,0,0,0,0,0,0,0.0,0.0,0.0,0.0,0.0,4.0,57,0,3.1914742719892577,0.195871414319554,3.1914742719892577
0,0,0,0,0,180000.0,1528200.0,53248.5,1350000.0,6,1,4,1,1,0.007305,-4137.0,-4780,1,1,0,1,0,0,14,2.0,3,3,1,15,0,0,0,0,1,1,5,0.1914107629711688,0.5954562029091491,2.0,0.0,2.0,0.0,-868.0,0,1,0,0,0,0,0,0,0,0,0,0,0,0,0,0,0,0,0,0,0.0,0.0,0.0,0.0,1.0,1.0,40,8,8.48995283359537,0.2958233565369081,8.48995283359537
0,0,0,1,0,135000.0,808650.0,26217.0,675000.0,6,7,4,0,1,0.008575,-7717.0,-4110,1,1,0,1,1,0,6,2.0,2,2,2,13,0,0,0,1,1,1,54,0.1729286906165374,0.5352762504724826,0.0,0.0,0.0,0.0,0.0,0,1,0,0,0,0,0,0,0,0,0,0,0,0,0,0,0,0,0,0,0.0,0.0,0.0,0.0,0.0,1.0,37,2,5.989955629958296,0.1941985614921371,5.989955629958296
0,0,0,1,2,126000.0,715095.0,48109.5,675000.0,1,7,1,1,1,0.028663,-973.0,-4412,1,1,1,1,0,0,3,4.0,2,2,6,14,0,0,0,0,0,0,28,0.5875607250393726,0.3457848024695955,0.0,0.0,0.0,0.0,-808.0,0,1,0,0,0,0,0,0,0,0,0,0,0,0,0,0,0,0,0,0,0.0,0.0,0.0,0.0,1.0,1.0,42,14,5.675312100697614,0.3818183982666804,5.675312100697614
0,1,1,1,0,112500.0,360000.0,28570.5,360000.0,6,7,4,3,5,0.026392,-8222.0,-1558,1,1,0,1,0,0,3,1.0,2,2,1,8,0,1,1,0,1,1,42,0.0217443533130346,0.237916079507114,0.0,0.0,0.0,0.0,0.0,0,1,0,0,0,0,0,0,0,0,0,0,0,0,0,0,0,0,0,0,1.0,0.0,0.0,0.0,0.0,2.0,31,1,3.1999715558083928,0.2539577425978436,3.1999715558083928
1,0,1,1,1,90000.0,270000.0,13500.0,270000.0,5,7,4,0,1,0.031329,-10059.0,-2054,1,1,1,1,0,0,18,3.0,2,2,0,14,0,0,0,0,0,0,31,0.6282099780113244,0.6610235391308081,1.0,1.0,1.0,1.0,-2667.0,0,0,0,0,0,0,0,0,0,0,0,0,0,0,0,0,0,0,0,0,0.0,0.0,0.0,0.0,0.0,1.0,27,2,2.999966667037033,0.1499983333518516,2.999966667037033
0,0,1,0,0,225000.0,728460.0,37134.0,675000.0,7,3,1,1,1,0.018801,-3886.0,-5203,1,0,0,1,0,1,18,2.0,2,2,1,12,0,0,0,0,0,0,57,0.3378327284176807,0.5046813193144684,3.0,2.0,3.0,2.0,-2.0,0,0,0,0,1,0,0,0,0,0,0,0,0,0,0,0,0,0,0,0,0.0,0.0,0.0,0.0,0.0,1.0,66,0,3.237585610730619,0.1650392664921489,3.237585610730619
0,0,1,0,2,90000.0,454500.0,21060.0,454500.0,6,7,4,1,1,0.031329,-2435.0,-2469,1,1,1,1,1,0,2,4.0,2,2,4,19,0,0,0,0,1,1,42,0.6398289911845789,0.5046813193144684,3.0,0.0,2.0,0.0,-2432.0,0,1,0,0,0,0,0,0,0,0,0,0,0,0,0,0,0,0,0,0,0.0,0.0,0.0,1.0,0.0,2.0,32,9,5.049943889512339,0.2339974000288885,5.049943889512339
0,0,0,0,0,85500.0,203760.0,11506.5,180000.0,6,3,4,5,2,0.020713,-2535.0,-2569,1,0,0,1,0,0,18,1.0,3,3,6,8,0,0,0,0,0,0,57,0.6034666712913289,0.5744466170995097,4.0,0.0,4.0,0.0,-1955.0,0,0,0,0,1,0,0,0,0,0,0,0,0,0,0,0,0,0,0,0,0.0,0.0,1.0,0.0,0.0,2.0,66,0,2.3831300218710894,0.1345773733640542,2.3831300218710894
0,0,0,1,0,133200.0,135000.0,13279.5,135000.0,6,3,4,5,1,0.0228,-9411.0,-4025,1,0,0,1,0,0,18,1.0,2,2,4,12,0,0,0,0,0,0,57,0.358940765561363,0.5867400085415683,2.0,0.0,2.0,0.0,0.0,0,0,0,0,1,0,0,0,0,0,0,0,0,0,0,0,0,0,0,0,0.0,0.0,0.0,1.0,0.0,1.0,56,0,1.013505904610326,0.0996951974835023,1.013505904610326
0,1,1,1,0,270000.0,675000.0,69165.0,675000.0,6,7,4,1,3,0.0196889999999999,-1496.0,-910,1,1,0,1,0,0,3,2.0,2,2,6,16,0,0,0,0,0,0,42,0.1426006352042316,0.5352762504724826,0.0,0.0,0.0,0.0,-1381.0,0,1,0,0,0,0,0,0,0,0,0,0,0,0,0,0,0,0,0,0,0.0,0.0,0.0,0.0,0.0,1.0,23,2,2.499990740775034,0.2561657179047485,2.499990740775034
0,0,0,0,0,225000.0,1037128.5,44073.0,927000.0,6,3,1,1,1,0.00496,-6985.0,-5154,1,0,0,1,0,0,18,2.0,2,2,4,14,0,0,0,0,0,0,57,0.7195294212031866,0.7001838506835805,1.0,0.0,1.0,0.0,-1170.0,0,0,0,0,1,0,0,0,0,0,0,0,0,0,0,0,0,0,0,0,0.0,0.0,1.0,0.0,0.0,3.0,59,0,4.609439513602162,0.1958791294260914,4.609439513602162
0,0,0,1,2,162000.0,187704.0,10903.5,148500.0,6,7,4,1,1,0.025164,-5398.0,-5419,1,1,0,1,0,0,3,4.0,2,2,4,10,0,0,0,0,0,0,28,0.4499890335398555,0.3876253444214701,3.0,0.0,3.0,0.0,-2155.0,0,1,0,0,0,0,0,0,0,0,0,0,0,0,0,0,0,0,0,0,0.0,0.0,0.0,0.0,0.0,4.0,39,10,1.1586595144474416,0.0673051400917278,1.1586595144474416
0,0,0,1,1,135000.0,808650.0,26217.0,675000.0,6,7,4,1,1,0.014464,-5844.0,-871,1,1,0,1,0,0,3,3.0,2,2,1,4,0,0,0,0,0,0,28,0.0310104956391566,0.5388627065779676,2.0,0.0,2.0,0.0,-2466.0,0,1,0,0,0,0,0,0,0,0,0,0,0,0,0,0,0,0,0,0,0.0,0.0,0.0,0.0,0.0,2.0,47,17,5.989955629958296,0.1941985614921371,5.989955629958296
0,1,0,1,0,540000.0,625536.0,38398.5,540000.0,6,1,2,1,1,0.072508,-1065.0,-4026,1,1,0,1,1,0,10,2.0,1,1,0,12,0,1,1,0,0,0,42,0.6867118354971343,0.5937175866150576,1.0,0.0,1.0,0.0,-1787.0,0,1,0,0,0,0,0,0,0,0,0,0,0,0,0,0,0,0,0,0,0.0,0.0,0.0,0.0,1.0,1.0,31,4,1.1583978548187874,0.0711082016514784,1.1583978548187874
0,1,1,1,2,450000.0,755190.0,35122.5,675000.0,1,1,1,1,1,0.006852,-3318.0,-4608,1,1,0,1,0,0,10,4.0,3,3,0,6,0,0,0,0,0,0,33,0.3137855998232604,0.5352762504724826,4.0,2.0,4.0,1.0,-1067.0,0,0,0,1,0,0,0,0,0,0,0,0,0,0,0,0,0,0,0,0,0.0,0.0,0.0,0.0,0.0,1.0,38,3,1.678196270674954,0.0780498265559409,1.678196270674954
0,1,0,1,1,112500.0,247275.0,19548.0,225000.0,6,1,4,1,1,0.02461,-3988.0,-4963,1,1,1,1,1,0,8,3.0,2,2,6,12,0,1,1,0,1,1,7,0.4642928741491314,0.6832688314232291,4.0,2.0,4.0,2.0,-300.0,0,1,0,0,0,0,0,0,0,0,0,0,0,0,0,0,0,0,0,0,0.0,0.0,0.0,0.0,0.0,1.0,44,4,2.19798046239589,0.1737584554803957,2.19798046239589
0,1,1,0,0,135000.0,663093.0,21519.0,553500.0,6,7,4,1,1,0.031329,-4019.0,-1981,1,1,0,1,0,0,8,2.0,2,2,6,8,0,0,0,0,0,0,7,0.5913761303711622,0.5352762504724826,0.0,0.0,0.0,0.0,-1259.0,0,1,0,0,0,0,0,0,0,0,0,0,0,0,0,0,0,0,0,0,0.0,0.0,0.0,0.0,0.0,1.0,52,4,4.911763616565803,0.1593988192680054,4.911763616565803
0,0,1,1,0,171000.0,781920.0,25969.5,675000.0,6,3,4,3,2,0.022625,-9031.0,-2182,1,0,0,1,1,0,18,1.0,2,2,4,16,0,0,0,0,0,0,57,0.5562521647835461,0.5531646987710016,3.0,0.0,3.0,0.0,-265.0,0,1,0,0,0,0,0,0,0,0,0,0,0,0,0,0,0,0,0,0,0.0,0.0,0.0,0.0,1.0,1.0,56,0,4.572604838568195,0.1518675329384038,4.572604838568195
0,0,0,1,0,94500.0,558000.0,18000.0,558000.0,6,4,4,0,1,0.00702,-747.0,-4644,1,1,1,1,1,0,18,2.0,2,2,1,9,0,0,0,0,0,0,30,0.6672537609478211,0.3328505641648731,3.0,1.0,3.0,1.0,-1675.0,0,1,0,0,0,0,0,0,0,0,0,0,0,0,0,0,0,0,0,0,0.0,0.0,0.0,0.0,0.0,3.0,60,12,5.904699421170147,0.1904741748764563,5.904699421170147
0,0,0,1,0,90000.0,143910.0,14233.5,135000.0,6,3,4,3,2,0.010276,-10280.0,-4043,1,0,0,1,0,0,18,1.0,2,2,5,16,0,0,0,0,0,0,57,0.6666320077805453,0.5352762504724826,0.0,0.0,0.0,0.0,-1508.0,0,1,0,0,0,0,0,0,0,0,0,0,0,0,0,0,0,0,0,0,0.0,0.0,0.0,0.0,0.0,1.0,62,0,1.5989822335307389,0.1581482427973022,1.5989822335307389
0,1,1,1,0,171000.0,260640.0,28197.0,225000.0,6,7,4,3,1,0.025164,-6689.0,-5002,1,1,0,1,0,0,8,1.0,2,2,1,8,0,0,0,0,0,0,4,0.3997070786448412,0.813917469762627,1.0,0.0,1.0,0.0,-714.0,0,1,0,0,0,0,0,0,0,0,0,0,0,0,0,0,0,0,0,0,0.0,0.0,0.0,2.0,0.0,0.0,34,15,1.5242016128560651,0.1648937725510377,1.5242016128560651
0,0,0,0,0,139500.0,720000.0,25861.5,720000.0,6,3,4,5,1,0.0031219999999999,-10390.0,-4091,1,0,0,1,1,0,18,1.0,3,3,6,14,0,0,0,0,0,0,57,0.7592195527166876,0.5884877883422673,0.0,0.0,0.0,0.0,-1588.0,0,1,0,0,0,0,0,0,0,0,0,0,0,0,0,0,0,0,0,0,0.0,0.0,0.0,1.0,0.0,1.0,56,0,5.161253324348929,0.1853857678439581,5.161253324348929
0,1,0,1,0,112500.0,67500.0,7267.5,67500.0,6,7,1,3,1,0.0196889999999999,-1856.0,-1193,1,1,1,1,1,1,3,1.0,2,2,0,8,0,0,0,0,0,0,41,0.5939998011114339,0.1940678276718812,1.0,1.0,1.0,0.0,-895.0,0,0,0,0,0,0,1,0,0,0,0,0,0,0,0,0,0,0,0,0,0.0,0.0,0.0,0.0,0.0,7.0,23,1,0.5999946667140736,0.0645994257828819,0.5999946667140736
0,0,1,1,2,171000.0,835380.0,42781.5,675000.0,6,1,4,1,1,0.007305,-4807.0,-4823,1,1,0,1,0,0,18,4.0,3,3,6,8,0,0,0,0,0,0,4,0.5181767645804235,0.2940831009471255,1.0,0.0,0.0,0.0,-2272.0,0,1,0,0,0,0,0,0,0,0,0,0,0,0,0,0,0,0,0,0,0.0,0.0,0.0,0.0,1.0,1.0,43,22,4.885234589271408,0.250182747469313,4.885234589271408
0,0,0,1,1,144000.0,539230.5,36607.5,409500.0,6,7,4,2,1,0.030755,-4487.0,-4626,1,1,0,1,0,0,14,2.0,2,2,4,12,0,0,0,0,0,0,5,0.2999912735319249,0.646329897706246,1.0,0.0,1.0,0.0,-136.0,0,1,0,0,0,0,0,0,0,0,0,0,0,0,0,0,0,0,0,0,0.0,0.0,0.0,0.0,0.0,1.0,43,3,3.7446302456232954,0.2542169846042735,3.7446302456232954
0,0,1,0,0,225000.0,1350000.0,37125.0,1350000.0,6,4,1,1,5,0.030755,-2817.0,-2863,1,1,0,1,1,0,10,2.0,2,2,6,19,0,0,0,0,0,0,33,0.7718171572561529,0.7958031328748403,1.0,0.0,1.0,0.0,-2396.0,0,0,0,0,0,0,1,0,0,0,0,0,0,0,0,0,0,0,0,0,0.0,0.0,0.0,0.0,0.0,1.0,53,6,5.999973333451852,0.1649992666699259,5.999973333451852
0,0,0,1,1,103500.0,781920.0,47965.5,675000.0,5,4,1,1,1,0.007305,-7175.0,-3423,1,1,0,1,0,0,3,3.0,3,3,4,14,0,0,0,0,0,0,33,0.5178109569697744,0.7981372313187245,0.0,0.0,0.0,0.0,-1535.0,0,0,0,0,0,0,1,0,0,0,0,0,0,0,0,0,0,0,0,0,0.0,0.0,0.0,1.0,0.0,1.0,36,3,7.554709616332209,0.4634303050212075,7.554709616332209
0,0,0,1,0,67500.0,101880.0,5976.0,90000.0,6,3,4,5,1,0.02461,-712.0,-3993,1,0,0,1,0,0,18,1.0,2,2,1,8,0,0,0,0,0,0,57,0.6545224654232363,0.5495965024956946,0.0,0.0,0.0,0.0,-1098.0,0,1,0,0,0,0,0,0,0,0,0,0,0,0,0,0,0,0,0,0,0.0,0.0,0.0,0.0,0.0,2.0,60,0,1.509310973170768,0.0885320217478259,1.509310973170768
0,0,0,0,0,81000.0,521280.0,19449.0,450000.0,1,3,4,5,1,0.01885,-8816.0,-4443,1,0,0,1,1,0,18,1.0,2,2,4,13,0,0,0,0,0,0,57,0.5378857839138899,0.7062051096536562,0.0,0.0,0.0,0.0,-2.0,0,0,0,0,1,0,0,0,0,0,0,0,0,0,0,0,0,0,0,0,0.0,0.0,0.0,0.0,0.0,1.0,65,0,6.435476105233269,0.2401081468130023,6.435476105233269
0,1,1,0,0,360000.0,1467612.0,58203.0,1350000.0,6,4,1,1,1,0.0066709999999999,-1826.0,-4353,1,1,0,1,0,0,10,2.0,2,2,4,14,0,0,0,0,0,0,31,0.6495312724352056,0.4920600938649263,0.0,0.0,0.0,0.0,-2065.0,0,1,0,0,0,0,0,0,0,0,0,0,0,0,0,0,0,0,0,0,0.0,0.0,0.0,0.0,0.0,2.0,35,8,4.076688675864789,0.1616745509040252,4.076688675864789
0,0,0,1,0,112500.0,640764.0,24957.0,459000.0,6,3,4,5,1,0.035792,-673.0,-1741,1,0,0,1,0,0,18,1.0,2,2,2,13,0,0,0,0,0,0,57,0.597601862801124,0.4382813743111921,0.0,0.0,0.0,0.0,-212.0,0,0,0,0,1,0,0,0,0,0,0,0,0,0,0,0,0,0,0,0,0.0,0.0,0.0,0.0,0.0,0.0,60,0,5.695629372183358,0.2218380281064168,5.695629372183358
0,0,0,1,0,126000.0,261000.0,15898.5,261000.0,6,7,4,1,1,0.028663,-3406.0,-3420,1,1,1,1,0,0,14,2.0,2,2,1,12,0,0,0,0,1,1,51,0.6104465234371922,0.2650494299443805,2.0,1.0,2.0,1.0,-2286.0,0,1,0,0,0,0,0,0,0,0,0,0,0,0,0,0,0,0,0,0,0.0,0.0,0.0,0.0,0.0,4.0,36,12,2.071412131649749,0.1261775700192855,2.071412131649749
0,0,1,1,0,180000.0,288873.0,19435.5,238500.0,6,7,4,1,1,0.010032,-1915.0,-1777,1,1,0,1,0,0,14,2.0,2,2,1,7,0,0,0,0,0,0,5,0.5959758947244359,0.5989262182569273,0.0,0.0,0.0,0.0,-355.0,0,1,0,0,0,0,0,0,0,0,0,0,0,0,0,0,0,0,0,0,0.0,0.0,0.0,1.0,0.0,1.0,49,1,1.6048410842161989,0.1079744001422214,1.6048410842161989
0,1,0,1,2,270000.0,780363.0,33192.0,697500.0,6,4,4,1,4,0.008019,-273.0,-323,1,1,0,1,0,0,10,4.0,2,2,5,16,0,0,0,0,1,1,31,0.4048494167066571,0.5226973172821112,1.0,1.0,1.0,1.0,-1319.0,0,1,0,0,0,0,0,0,0,0,0,0,0,0,0,0,0,0,0,0,0.0,0.0,0.0,0.0,0.0,1.0,35,16,2.8902226288050783,0.1229328780263776,2.8902226288050783
0,0,1,1,0,135000.0,238981.5,12330.0,162000.0,6,1,1,1,1,0.025164,-1505.0,-706,1,1,1,1,1,1,14,2.0,2,2,1,15,0,0,0,0,0,0,42,0.499395058418552,0.1997705696341145,7.0,1.0,7.0,1.0,0.0,0,1,0,0,0,0,0,0,0,0,0,0,0,0,0,0,0,0,0,0,0.0,0.0,0.0,0.0,2.0,1.0,47,5,1.7702202205909583,0.0913326567951348,1.7702202205909583
0,1,0,0,0,202500.0,648000.0,18702.0,648000.0,6,7,4,3,1,0.028663,-654.0,-4636,1,1,0,1,0,0,18,1.0,2,2,4,11,0,0,0,0,0,0,4,0.6518524081951018,0.7662336700704004,4.0,0.0,4.0,0.0,-4.0,0,1,0,0,0,0,0,0,0,0,0,0,0,0,0,0,0,0,0,0,0.0,0.0,0.0,0.0,0.0,2.0,39,14,3.1999841976089005,0.0923550994809902,3.1999841976089005
0,0,0,1,0,76500.0,942300.0,27679.5,675000.0,6,3,1,1,1,0.007305,-10090.0,-4547,1,0,0,1,1,0,18,2.0,3,3,5,6,0,0,0,0,0,0,57,0.2895547712661573,0.5046813193144684,0.0,0.0,0.0,0.0,-2811.0,0,1,0,0,0,0,0,0,0,0,0,0,0,0,0,0,0,0,0,0,0.0,0.0,0.0,0.0,0.0,1.0,60,0,12.31748604593404,0.3618187997542516,12.31748604593404
0,0,0,0,1,450000.0,1350000.0,35743.5,1350000.0,7,1,4,1,1,0.025164,-4373.0,-4709,1,1,0,1,1,0,18,3.0,2,2,0,11,0,0,0,0,0,0,42,0.5965654879360122,0.5388627065779676,2.0,1.0,2.0,0.0,-2.0,0,1,0,0,0,0,0,0,0,0,0,0,0,0,1,0,0,0,0,0,0.0,0.0,0.0,0.0,0.0,0.0,41,1,2.999993333348148,0.0794298234892811,2.999993333348148
1,0,1,1,0,157500.0,405000.0,20250.0,405000.0,6,1,1,1,1,0.018209,-609.0,-1863,1,1,0,1,0,0,14,2.0,3,3,6,15,0,0,0,0,0,0,7,0.4624006204306424,0.5028782772082183,3.0,0.0,3.0,0.0,-1067.0,0,0,0,0,0,0,0,0,0,0,0,0,0,0,0,0,0,0,0,0,0.0,0.0,0.0,0.0,2.0,5.0,50,3,2.571412245001619,0.1285706122500809,2.571412245001619
0,1,0,0,0,180000.0,269550.0,14620.5,225000.0,6,1,4,3,2,0.072508,-8303.0,-5721,1,1,0,1,0,0,8,1.0,1,1,4,9,0,0,0,0,0,0,45,0.718875829328793,0.1735274304649146,0.0,0.0,0.0,0.0,-1144.0,0,1,0,0,0,0,0,0,0,0,0,0,0,0,0,0,0,0,0,0,0.0,0.0,1.0,8.0,0.0,0.0,43,1,1.4974916806017744,0.0812245487525069,1.4974916806017744
0,1,0,1,0,135000.0,323460.0,25159.5,270000.0,6,7,4,0,1,0.009549,-4509.0,-3318,1,1,0,1,0,0,14,2.0,2,2,6,10,0,0,0,0,0,0,42,0.4358480546171105,0.5352762504724826,0.0,0.0,0.0,0.0,-1750.0,0,1,0,0,0,0,0,0,0,0,0,0,0,0,0,0,0,0,0,0,0.0,0.0,0.0,0.0,0.0,1.0,34,7,2.3959822519833187,0.1863652861830653,2.3959822519833187
1,0,1,1,2,81000.0,180000.0,9000.0,180000.0,5,7,4,1,1,0.031329,-4762.0,-2656,1,1,0,1,0,0,6,4.0,2,2,0,12,0,0,0,0,0,0,4,0.5374454783063052,0.4206109640437848,0.0,0.0,0.0,0.0,-473.0,0,0,0,0,0,0,0,0,0,0,0,0,0,0,0,0,0,0,0,0,0.0,0.0,0.0,0.0,0.0,0.0,27,5,2.2221947877186703,0.1111097393859335,2.2221947877186703
1,0,0,1,0,180000.0,225000.0,11250.0,225000.0,6,3,4,1,1,0.003813,-6934.0,-4178,1,0,0,1,0,0,18,2.0,2,2,5,11,0,0,0,0,0,0,57,0.5178218768783398,0.5971924268337128,3.0,0.0,3.0,0.0,-1353.0,0,0,0,0,0,0,0,0,0,0,0,0,0,0,0,0,0,0,0,0,0.0,0.0,0.0,1.0,0.0,5.0,56,0,1.2499930555941356,0.0624996527797067,1.2499930555941356
0,0,0,1,0,99000.0,50940.0,6174.0,45000.0,6,1,4,1,5,0.002042,-209.0,-371,1,1,0,1,0,0,14,2.0,3,3,4,11,0,0,0,1,1,0,42,0.3513886539282192,0.3296550543128238,6.0,0.0,6.0,0.0,-490.0,0,1,0,0,0,0,0,0,0,0,0,0,0,0,0,0,0,0,0,0,0.0,0.0,0.0,0.0,0.0,4.0,31,2,0.5145402571691196,0.0623630064342784,0.5145402571691196
0,0,0,1,0,247500.0,765000.0,20308.5,765000.0,1,1,4,0,1,0.018209,-2747.0,-479,1,1,0,1,1,1,14,2.0,3,3,3,12,0,0,0,0,0,0,5,0.4877803387135509,0.4525335592581747,5.0,0.0,5.0,0.0,-891.0,0,1,0,0,0,0,0,0,0,0,0,0,0,0,1,0,0,0,1,0,0.0,0.0,0.0,0.0,1.0,4.0,46,0,3.09089660243797,0.0820542139223679,3.09089660243797
0,0,0,0,0,85500.0,675000.0,29862.0,675000.0,6,7,4,1,1,0.026392,-4249.0,-1814,1,1,0,1,0,0,3,2.0,2,2,6,11,0,0,0,0,0,0,28,0.6760162310209854,0.7610263695502636,4.0,0.0,3.0,0.0,0.0,0,1,0,0,0,0,0,0,0,0,0,0,0,0,0,0,0,0,0,0,0.0,0.0,0.0,0.0,0.0,0.0,50,6,7.8946445070817886,0.3492590729932983,7.8946445070817886
0,1,1,0,0,157500.0,1350000.0,39604.5,1350000.0,6,1,1,3,1,0.04622,-631.0,-2141,1,1,1,1,0,0,18,1.0,1,1,5,10,0,0,0,0,1,1,5,0.6957980168116488,0.5028782772082183,0.0,0.0,0.0,0.0,-795.0,0,1,0,0,0,0,0,0,0,0,0,0,0,0,0,0,0,0,0,0,0.0,0.0,0.0,0.0,0.0,2.0,50,9,8.571374150005397,0.2514555463139916,8.571374150005397
0,0,0,0,0,216000.0,508495.5,24592.5,454500.0,6,4,1,0,1,0.02461,-6529.0,-5063,1,1,1,1,1,0,11,2.0,2,2,0,13,0,0,0,0,0,0,30,0.5510752569890898,0.1841161559307151,0.0,0.0,0.0,0.0,-259.0,0,1,0,0,0,0,0,0,0,0,0,0,0,0,0,0,0,0,0,0,0.0,0.0,0.0,0.0,0.0,3.0,36,5,2.3541349345604883,0.1138536395664834,2.3541349345604883
0,1,0,0,0,157500.0,855000.0,30420.0,855000.0,6,7,1,1,1,0.0145199999999999,-874.0,-1204,1,1,1,1,0,0,8,2.0,2,2,0,15,0,1,1,0,1,1,7,0.2684607456771339,0.5352762504724826,0.0,0.0,0.0,0.0,-278.0,0,0,0,1,0,0,0,0,0,0,0,0,0,0,0,0,0,0,0,0,0.0,0.0,0.0,0.0,0.0,1.0,48,3,5.428536961670084,0.1931416308467883,5.428536961670084
0,1,1,1,1,157500.0,180000.0,12078.0,180000.0,6,7,4,1,1,0.009175,-2273.0,-3307,1,1,1,1,0,0,4,3.0,2,2,2,12,0,0,0,0,1,1,42,0.3465993143940414,0.5352762504724826,0.0,0.0,0.0,0.0,-103.0,0,1,0,0,0,0,0,0,0,0,0,0,0,0,0,0,0,0,0,0,0.0,0.0,0.0,0.0,0.0,1.0,30,7,1.1428498866673862,0.0766852273953816,1.1428498866673862
0,1,1,0,0,108000.0,540000.0,17419.5,540000.0,6,7,4,1,4,0.008625,-7179.0,-3287,1,1,0,1,0,0,4,2.0,2,2,1,13,0,0,0,0,1,1,30,0.6008788030371193,0.7352209993926424,2.0,1.0,1.0,0.0,-2436.0,0,1,0,0,0,0,0,0,0,0,0,0,0,0,0,0,0,0,0,0,0.0,0.0,0.0,1.0,1.0,3.0,54,13,4.999953704132369,0.1612901732391366,4.999953704132369
0,0,1,0,1,90000.0,450000.0,21888.0,450000.0,6,1,4,2,5,0.035792,-1974.0,-194,1,1,0,1,0,0,10,2.0,2,2,5,14,0,0,0,1,1,0,42,0.6584724255095251,0.0005272652387098,4.0,0.0,4.0,0.0,-920.0,0,1,0,0,0,0,0,0,0,0,0,0,0,0,0,0,0,0,0,0,0.0,0.0,0.0,0.0,0.0,0.0,45,3,4.999944445061722,0.2431972978078021,4.999944445061722
0,0,1,0,0,315000.0,904500.0,38322.0,904500.0,6,4,4,1,1,0.01885,-5908.0,-4540,1,1,0,1,0,0,11,2.0,2,2,4,14,0,0,0,0,0,0,30,0.5805058919729756,0.3062022983135042,0.0,0.0,0.0,0.0,-3141.0,0,1,0,0,0,0,0,0,0,0,0,0,0,0,0,0,0,0,0,0,0.0,0.0,0.0,0.0,0.0,1.0,43,18,2.871419455811252,0.121656756645217,2.871419455811252
0,1,0,1,0,135000.0,2517300.0,66532.5,2250000.0,1,1,4,1,1,0.0196889999999999,-2951.0,-1931,1,1,0,1,1,0,8,2.0,2,2,1,9,0,0,0,0,0,0,4,0.6015498911133448,0.5352762504724826,0.0,0.0,0.0,0.0,-544.0,0,1,0,0,0,0,0,0,0,0,0,0,0,0,0,0,0,0,0,0,0.0,0.0,0.0,0.0,0.0,1.0,50,20,18.646528544233007,0.4928296827430908,18.646528544233007
0,0,0,1,0,90000.0,1008000.0,42835.5,1008000.0,6,7,4,1,1,0.026392,-5945.0,-2466,1,1,0,1,1,0,8,2.0,2,2,0,10,0,0,0,0,0,0,53,0.7135602287507467,0.7850520263728172,4.0,1.0,4.0,0.0,-610.0,0,1,0,0,0,0,0,0,0,0,0,0,0,0,0,0,0,0,0,0,0.0,0.0,0.0,0.0,0.0,3.0,51,19,11.199875556938256,0.4759447117254253,11.199875556938256
0,0,0,1,2,90000.0,157500.0,14575.5,157500.0,6,1,4,1,1,0.0145199999999999,-574.0,-2869,1,1,0,1,0,0,8,4.0,2,2,4,12,0,0,0,0,0,0,47,0.1718056531286675,0.2851799046358216,0.0,0.0,0.0,0.0,-620.0,0,1,0,0,0,0,0,0,0,0,0,0,0,0,0,0,0,0,0,0,0.0,0.0,0.0,0.0,0.0,5.0,30,2,1.7499805557716026,0.1619482005755491,1.7499805557716026
0,1,1,1,0,81000.0,417024.0,22752.0,360000.0,6,3,4,1,1,0.00702,-4299.0,-4898,1,0,0,1,0,0,18,2.0,2,2,6,10,0,0,0,0,0,0,57,0.398710577330039,0.8083935912119442,0.0,0.0,0.0,0.0,-1900.0,0,1,0,0,0,0,0,0,0,0,0,0,0,0,0,0,0,0,0,0,0.0,0.0,0.0,1.0,0.0,1.0,62,0,5.148380884186615,0.2808854211676399,5.148380884186615
0,0,1,1,0,157500.0,436032.0,20457.0,360000.0,6,1,1,1,1,0.00963,-1867.0,-391,1,1,0,1,1,0,10,2.0,2,2,6,12,0,0,0,0,0,0,42,0.4561283521464237,0.5352762504724826,5.0,0.0,4.0,0.0,-2169.0,0,1,0,0,0,0,0,0,0,0,0,0,0,0,0,0,0,0,0,0,0.0,0.0,0.0,0.0,0.0,1.0,29,0,2.768439565463076,0.1298848896197484,2.768439565463076
0,0,0,1,0,135000.0,630000.0,18549.0,630000.0,6,3,1,3,1,0.020713,-10403.0,-4497,1,0,0,1,0,0,18,1.0,3,2,2,8,0,0,0,0,0,0,57,0.6806064682821197,0.5352762504724826,4.0,0.0,4.0,0.0,0.0,0,0,0,0,1,0,0,0,0,0,0,0,0,0,0,0,0,0,0,0,0.0,0.0,0.0,0.0,0.0,1.0,60,0,4.666632099021489,0.1373989822297612,4.666632099021489
0,1,1,0,0,202500.0,1251000.0,36576.0,1251000.0,1,7,4,2,1,0.009549,-1367.0,-4629,1,1,1,1,1,0,4,1.0,2,2,2,13,0,0,0,0,0,0,5,0.5474100840910763,0.746300213050371,3.0,0.0,3.0,0.0,-2853.0,0,1,0,0,0,0,0,0,0,0,0,0,0,0,0,0,0,0,0,0,0.0,0.0,0.0,1.0,1.0,6.0,44,0,6.17774727038385,0.1806213302650357,6.17774727038385
0,0,0,1,0,202500.0,865854.0,44338.5,711000.0,6,1,4,5,1,0.010276,-9639.0,-885,1,1,0,1,0,1,2,1.0,2,2,0,10,0,1,1,0,1,1,12,0.5841332338092928,0.0005272652387098,0.0,0.0,0.0,0.0,-85.0,0,1,0,0,0,0,0,0,0,0,0,0,0,0,0,0,0,0,0,0,0.0,0.0,0.0,0.0,1.0,0.0,47,9,4.275801107155027,0.2189544742988923,4.275801107155027
0,0,0,1,0,81000.0,100737.0,10975.5,94500.0,6,7,4,0,1,0.020713,-60.0,-4055,1,1,0,1,0,0,14,2.0,3,3,6,12,0,0,0,0,0,0,5,0.7211901176257038,0.5352762504724826,4.0,0.0,4.0,0.0,-1.0,0,1,0,0,0,0,0,0,0,0,0,0,0,0,0,0,0,0,0,0,0.0,0.0,0.0,1.0,1.0,2.0,41,11,1.2436513129467537,0.1354983271811459,1.2436513129467537
0,1,0,1,0,225000.0,521280.0,31630.5,450000.0,6,7,4,2,1,0.00823,-9821.0,-1220,1,1,0,1,0,0,8,1.0,2,2,0,11,0,1,1,0,1,1,5,0.5536003179643616,0.3740208032583212,0.0,0.0,0.0,0.0,-1366.0,0,0,0,0,0,0,1,0,0,0,0,0,0,0,0,0,0,0,0,0,0.0,0.0,0.0,0.0,0.0,2.0,48,3,2.316789703156875,0.1405793752027768,2.316789703156875
1,1,1,1,1,180000.0,180000.0,9000.0,180000.0,6,7,4,1,1,0.010276,-1118.0,-4613,1,1,0,0,0,1,4,3.0,2,2,5,16,0,0,0,1,1,0,5,0.5437234874579053,0.4241303111942548,4.0,0.0,4.0,0.0,-2538.0,0,0,0,0,0,0,0,0,0,0,0,0,0,0,0,0,0,0,0,0,0.0,0.0,0.0,0.0,0.0,2.0,34,0,0.9999944444753084,0.0499997222237654,0.9999944444753084
0,0,0,1,0,90000.0,312840.0,21037.5,247500.0,6,4,3,1,1,0.025164,-3719.0,-1260,1,1,0,1,0,0,11,2.0,2,2,6,14,0,0,0,0,0,0,30,0.1535705728980404,0.5352762504724826,5.0,0.0,5.0,0.0,-618.0,0,1,0,0,0,0,0,0,0,0,0,0,0,0,0,0,0,0,0,0,0.0,0.0,0.0,1.0,0.0,2.0,48,5,3.4759613782069088,0.2337474028066354,3.4759613782069088
0,1,1,0,0,180000.0,1102828.5,32373.0,963000.0,1,1,4,3,5,0.0196889999999999,-6041.0,-4207,1,1,0,1,0,0,4,1.0,2,2,4,9,0,0,0,0,0,0,5,0.4850871498401113,0.5585066276769286,0.0,0.0,0.0,0.0,-531.0,0,0,0,0,0,0,1,0,0,0,0,0,0,0,0,0,0,0,0,0,0.0,0.0,1.0,0.0,0.0,0.0,31,2,6.126790962272432,0.1798490008388842,6.126790962272432
0,0,0,1,1,99000.0,168102.0,19093.5,148500.0,0,7,4,3,1,0.010643,-7707.0,-1799,1,1,0,1,1,0,8,2.0,2,2,6,16,0,0,0,0,0,0,5,0.4395885751666996,0.5352762504724826,0.0,0.0,0.0,0.0,-523.0,0,1,0,0,0,0,0,0,0,0,0,0,0,0,0,0,0,0,0,0,0.0,0.0,0.0,0.0,0.0,1.0,31,4,1.6979828486580943,0.1928616882657751,1.6979828486580943
1,0,0,1,0,247500.0,405000.0,20250.0,450000.0,7,1,1,1,1,0.01885,-5510.0,-3475,1,1,1,1,1,0,6,2.0,2,2,4,12,0,0,0,0,1,1,4,0.3240493348662932,0.3996756156233169,0.0,0.0,0.0,0.0,-477.0,0,1,0,0,0,0,0,0,0,0,0,0,0,0,0,0,0,0,0,0,0.0,0.0,0.0,0.0,0.0,2.0,29,0,1.6363570248201018,0.081817851241005,1.6363570248201018
0,1,1,0,0,292500.0,497520.0,33376.5,450000.0,6,7,4,2,1,0.035792,-4893.0,-156,1,1,0,1,0,0,6,1.0,2,2,2,13,0,0,0,0,0,0,51,0.5968022996363207,0.5814837058057234,2.0,0.0,2.0,0.0,-677.0,0,0,0,0,0,0,1,0,0,0,0,0,0,0,0,0,0,0,0,0,0.0,0.0,0.0,1.0,0.0,4.0,36,1,1.700917261821327,0.1141073021972574,1.700917261821327
0,0,1,1,0,112500.0,207306.0,10984.5,148500.0,6,7,4,1,1,0.020713,-8633.0,-1416,1,1,0,1,0,0,8,2.0,3,3,4,12,0,0,0,0,1,1,3,0.3901968695075155,0.4436153084085652,1.0,0.0,1.0,0.0,-406.0,0,1,0,0,0,0,0,0,0,0,0,0,0,0,0,0,0,0,0,0,0.0,0.0,0.0,1.0,0.0,1.0,36,6,1.842703620412263,0.0976391320966035,1.842703620412263
0,0,0,0,0,72000.0,197820.0,13896.0,180000.0,1,3,4,5,1,0.00496,-2114.0,-3815,1,0,0,1,1,0,18,1.0,2,2,6,12,0,0,0,0,0,0,57,0.6746401575001536,0.5971924268337128,1.0,0.0,1.0,0.0,0.0,0,1,0,0,0,0,0,0,0,0,0,0,0,0,0,0,0,0,0,0,0.0,0.0,0.0,0.0,3.0,0.0,62,0,2.7474618408077665,0.1929973194816738,2.7474618408077665
0,0,1,0,0,360000.0,1192500.0,32922.0,1192500.0,1,1,1,0,1,0.026392,-6607.0,-3353,1,1,0,1,1,0,0,2.0,2,2,5,18,0,0,0,0,0,0,38,0.5617183903538701,0.5779691187553125,5.0,0.0,5.0,0.0,-9.0,0,1,0,0,0,0,0,0,0,0,0,0,0,0,0,0,0,0,0,0,0.0,0.0,0.0,2.0,0.0,0.0,54,8,3.3124907986366705,0.0914497459729278,3.3124907986366705
0,0,0,0,0,225000.0,967540.5,34753.5,967540.5,6,1,1,1,1,0.018209,-826.0,-2968,1,1,1,1,0,0,10,2.0,3,3,0,16,0,0,0,0,0,0,28,0.646338758573792,0.5884877883422673,1.0,0.0,1.0,0.0,-635.0,0,1,0,0,0,0,0,0,0,0,0,0,0,0,0,0,0,0,0,0,0.0,0.0,0.0,0.0,0.0,3.0,53,2,4.300160888173831,0.1544593135141621,4.300160888173831
0,0,0,0,0,182700.0,900000.0,26446.5,900000.0,6,3,2,2,5,0.014464,-9692.0,-3716,1,0,0,1,1,0,18,1.0,2,2,0,14,0,0,0,0,0,0,57,0.5452312571722968,0.7252764347002191,0.0,0.0,0.0,0.0,-466.0,0,1,0,0,0,0,0,0,0,0,0,0,0,0,0,0,0,0,0,0,0.0,0.0,0.0,0.0,0.0,1.0,43,0,4.926081411705464,0.144752902282965,4.926081411705464
0,0,0,1,0,270000.0,247500.0,15948.0,247500.0,1,3,3,1,1,0.018209,-9843.0,-4007,1,0,0,1,0,0,18,2.0,3,3,0,9,0,0,0,0,0,0,57,0.3953026526810323,0.5620604831738043,3.0,0.0,3.0,0.0,-2968.0,0,1,0,0,0,0,0,0,0,0,0,0,0,0,0,0,0,0,0,0,0.0,0.0,0.0,0.0,0.0,3.0,58,0,0.9166632716175124,0.0590664479020448,0.9166632716175124
0,0,0,0,1,135000.0,1242000.0,32760.0,1242000.0,6,1,4,1,1,0.016612,-3430.0,-1151,1,1,1,1,0,0,8,3.0,2,2,2,13,0,0,0,0,0,0,11,0.4517865295634188,0.3859146722745145,3.0,0.0,3.0,0.0,-8.0,0,0,0,0,0,0,0,0,0,0,0,0,0,0,0,0,0,0,0,0,0.0,0.0,0.0,0.0,0.0,2.0,40,12,9.199931852356649,0.2426648691491174,9.199931852356649
0,1,0,1,0,180000.0,364896.0,24813.0,315000.0,6,1,4,1,3,0.0072739999999999,-2224.0,-4186,1,1,0,1,0,0,18,2.0,2,2,5,14,0,0,0,0,0,0,14,0.2186296898780736,0.6528965519806539,7.0,0.0,7.0,0.0,-320.0,0,1,0,0,0,0,0,0,0,0,0,0,0,0,0,0,0,0,0,0,0.0,0.0,0.0,0.0,0.0,1.0,39,8,2.027188737840345,0.1378492341709212,2.027188737840345
0,0,1,1,2,157500.0,509922.0,28602.0,472500.0,5,1,4,1,1,0.031329,-9287.0,-4443,1,1,0,1,1,0,15,4.0,2,2,3,10,0,0,0,0,0,0,33,0.5762024796704155,0.7352209993926424,0.0,0.0,0.0,0.0,-1936.0,0,1,0,0,0,0,0,0,0,0,0,0,0,0,0,0,0,0,0,0,0.0,0.0,0.0,0.0,1.0,3.0,42,4,3.2375794439400383,0.1815988469914476,3.2375794439400383
0,0,0,1,0,157500.0,439740.0,22612.5,315000.0,6,7,1,3,1,0.00963,-9402.0,-1644,1,1,0,1,0,1,6,1.0,2,2,4,17,0,0,0,0,0,0,16,0.564575001846526,0.3506958432829587,0.0,0.0,0.0,0.0,-845.0,0,1,0,0,0,0,0,0,0,0,0,0,0,0,0,0,0,0,0,0,0.0,0.0,0.0,0.0,0.0,1.0,49,0,2.7919822731284247,0.1435705170125904,2.7919822731284247
0,0,0,1,1,112500.0,198085.5,20929.5,171000.0,6,7,1,3,1,0.014464,-4625.0,-2996,1,1,0,1,0,0,18,2.0,2,2,5,8,0,0,0,0,0,0,11,0.4853602558857323,0.7252764347002191,0.0,0.0,0.0,0.0,-1395.0,0,1,0,0,0,0,0,0,0,0,0,0,0,0,0,0,0,0,0,0,0.0,0.0,0.0,0.0,0.0,4.0,28,2,1.7607443489391206,0.1860383463258104,1.7607443489391206
0,0,0,0,0,148500.0,1278045.0,37498.5,1116000.0,1,1,1,1,1,0.006852,-864.0,-4938,1,1,0,1,0,0,8,2.0,3,3,3,8,0,0,0,0,0,0,13,0.4619222888506978,0.4578995512067301,5.0,0.0,5.0,0.0,-1385.0,0,1,0,0,0,0,0,0,0,0,0,0,0,0,0,0,0,0,0,0,0.0,0.0,0.0,0.0,0.0,1.0,59,0,8.606305681443223,0.2525134510878715,8.606305681443223
1,0,1,1,1,135000.0,270000.0,13500.0,270000.0,1,1,1,1,1,0.0196889999999999,-7872.0,-2745,1,1,0,1,0,1,10,3.0,2,2,5,12,0,0,0,0,0,0,33,0.4018760133702359,0.7958031328748403,0.0,0.0,0.0,0.0,-517.0,0,0,0,0,0,0,0,0,0,0,0,0,0,0,0,0,0,0,0,0,0.0,0.0,0.0,0.0,0.0,1.0,52,14,1.999985185294924,0.0999992592647461,1.999985185294924
1,1,1,1,0,135000.0,270000.0,13500.0,270000.0,6,7,4,0,1,0.015221,-55.0,-4692,1,1,0,1,1,0,8,2.0,2,2,6,10,0,0,0,1,0,1,26,0.0734442080802641,0.6658549219640212,0.0,0.0,0.0,0.0,-2254.0,0,0,0,0,0,0,0,0,0,0,0,0,0,0,0,0,0,0,0,0,0.0,0.0,0.0,0.0,0.0,3.0,41,3,1.999985185294924,0.0999992592647461,1.999985185294924
0,0,0,1,0,90000.0,284400.0,9211.5,225000.0,6,3,4,3,1,0.031329,-5273.0,-5278,1,0,0,1,0,0,18,1.0,2,2,4,11,0,0,0,0,0,0,57,0.1631870354642708,0.7407990879702335,6.0,0.0,6.0,0.0,-1706.0,0,0,0,0,1,0,0,0,0,0,0,0,0,0,0,0,0,0,0,0,0.0,0.0,0.0,0.0,1.0,2.0,63,0,3.159964889279008,0.1023488627904134,3.159964889279008
0,1,0,1,0,135000.0,679500.0,19998.0,679500.0,6,7,4,3,1,0.026392,-4134.0,-2110,1,1,0,1,0,0,4,1.0,2,2,1,13,0,0,0,0,0,0,42,0.5114202418749788,0.1735274304649146,0.0,0.0,0.0,0.0,0.0,0,0,0,0,0,0,1,0,0,0,0,0,0,0,0,0,0,0,0,0,0.0,0.0,0.0,0.0,1.0,2.0,26,3,5.033296049658891,0.1481322360575107,5.033296049658891
0,0,0,0,0,99000.0,354276.0,10872.0,292500.0,6,3,4,5,1,0.020246,-2863.0,-2863,1,0,0,1,0,0,18,1.0,3,3,0,8,0,0,0,0,0,0,57,0.0352237417678842,0.5082869913916046,0.0,0.0,0.0,0.0,-3.0,0,0,0,0,1,0,0,0,0,0,0,0,0,0,0,0,0,0,0,0,0.0,0.0,0.0,0.0,0.0,0.0,65,0,3.578509307986788,0.1098170725548226,3.578509307986788
0,1,1,1,1,90000.0,104256.0,8194.5,90000.0,6,7,4,1,1,0.02461,-2473.0,-5405,1,1,1,1,1,0,8,3.0,2,2,0,10,0,0,0,0,1,1,42,0.5547294900478625,0.4650692149562261,0.0,0.0,0.0,0.0,-383.0,0,1,0,0,0,0,0,0,0,0,0,0,0,0,0,0,0,0,0,0,0.0,0.0,0.0,1.0,0.0,0.0,40,8,1.1583871290318997,0.0910489883445739,1.1583871290318997
0,0,0,1,0,157500.0,254700.0,14751.0,225000.0,6,3,1,1,1,0.018029,-6904.0,-4377,1,0,0,1,0,0,18,2.0,3,3,2,10,0,0,0,0,0,0,57,0.2631435910213423,0.2778856891082046,2.0,0.0,2.0,0.0,-603.0,0,1,0,0,0,0,0,0,0,0,0,0,0,0,0,0,0,0,0,0,0.0,0.0,0.0,0.0,0.0,7.0,66,0,1.6171325896343516,0.0936565482123923,1.6171325896343516
0,0,0,1,1,207000.0,1006920.0,39933.0,900000.0,6,7,2,1,1,0.001333,-2674.0,-2247,1,1,0,1,0,0,16,3.0,3,3,0,5,0,0,0,0,1,1,41,0.7505286831940049,0.7826078370261895,2.0,0.0,2.0,0.0,-1081.0,0,1,0,0,0,0,0,0,0,0,0,0,0,0,0,0,0,0,0,0,0.0,0.0,0.0,0.0,0.0,1.0,37,18,4.864324326935619,0.192912111535693,4.864324326935619
0,0,0,0,0,103500.0,187929.0,17365.5,171000.0,6,7,2,3,2,0.010032,-3773.0,-1874,1,1,0,1,1,0,14,1.0,2,2,6,11,0,0,0,0,0,0,42,0.6210422402739589,0.5352762504724826,0.0,0.0,0.0,0.0,-774.0,0,1,0,0,0,0,0,0,0,0,0,0,0,0,0,0,0,0,0,0,0.0,0.0,0.0,0.0,0.0,1.0,25,2,1.8157215872310413,0.1677809876233079,1.8157215872310413
0,0,0,1,0,270000.0,450000.0,17095.5,450000.0,6,3,4,1,1,0.008019,-577.0,-909,1,0,0,1,0,0,18,2.0,2,2,1,12,0,0,0,0,0,0,57,0.0879885283382934,0.5549467685334323,0.0,0.0,0.0,0.0,0.0,0,0,0,0,1,0,0,0,0,0,0,0,0,0,0,0,0,0,0,0,0.0,0.0,0.0,1.0,0.0,5.0,63,0,1.666660493850023,0.0633164321613623,1.666660493850023
1,1,0,1,0,450000.0,1350000.0,67500.0,1350000.0,1,1,1,1,3,0.010643,-5006.0,-1618,1,1,0,1,0,0,6,2.0,2,2,2,12,0,0,0,0,0,0,14,0.6010623414371019,0.5352762504724826,0.0,0.0,0.0,0.0,-370.0,0,0,0,0,0,0,0,0,0,0,0,0,0,0,0,0,0,0,0,0,0.0,0.0,0.0,0.0,8.0,0.0,49,14,2.999993333348148,0.1499996666674074,2.999993333348148
0,0,0,1,2,56250.0,319981.5,16465.5,243000.0,6,1,4,1,1,0.008068,-153.0,-5668,1,1,0,1,0,0,14,4.0,3,3,5,6,0,0,0,1,1,0,51,0.080859395471982,0.6246146584503397,0.0,0.0,0.0,0.0,0.0,0,1,0,0,0,0,0,0,0,0,0,0,0,0,0,0,0,0,0,0,1.0,0.0,0.0,0.0,0.0,2.0,38,0,5.688458871842278,0.2927147961814012,5.688458871842278
0,0,0,1,0,112500.0,439740.0,22581.0,315000.0,1,3,4,1,1,0.00963,-13637.0,-6229,1,0,0,1,0,0,18,2.0,2,2,5,10,0,0,0,0,0,0,57,0.6169215699143318,0.6161216908872079,2.0,0.0,2.0,0.0,-607.0,0,0,0,0,1,0,0,0,0,0,0,0,0,0,0,0,0,0,0,0,0.0,0.0,0.0,0.0,1.0,2.0,62,0,3.908765255419952,0.2007182158380814,3.908765255419952
0,0,0,1,0,103500.0,326664.0,16807.5,234000.0,1,7,1,3,1,0.01885,-4287.0,-2832,1,1,0,1,0,0,3,1.0,2,2,2,14,0,0,0,0,0,0,2,0.6269475690142163,0.6848276586890367,0.0,0.0,0.0,0.0,0.0,0,1,0,0,0,0,0,0,0,0,0,0,0,0,0,0,0,0,0,0,0.0,0.0,0.0,1.0,2.0,1.0,27,4,3.1561434189041653,0.1623897353648757,3.1561434189041653
0,1,0,1,0,360000.0,497520.0,52371.0,450000.0,1,1,4,1,1,0.014464,-1074.0,-1546,1,1,0,1,0,0,4,2.0,2,2,4,9,0,0,0,0,0,0,5,0.6282865863991296,0.6109913280868294,0.0,0.0,0.0,0.0,-879.0,0,1,0,0,0,0,0,0,0,0,0,0,0,0,0,0,0,0,0,0,0.0,0.0,0.0,0.0,0.0,6.0,49,4,1.3819961611217746,0.1454745959039002,1.3819961611217746
0,0,0,1,1,225000.0,715095.0,53595.0,675000.0,6,1,4,3,1,0.005144,-164.0,-202,1,1,0,1,0,0,10,2.0,2,2,1,15,0,0,0,0,0,0,5,0.4900971638671047,0.6195277080511546,0.0,0.0,0.0,0.0,0.0,0,1,0,0,0,0,0,0,0,0,0,0,0,0,0,0,0,0,0,0,0.0,0.0,0.0,0.0,0.0,3.0,45,8,3.178185874729446,0.2381989413380385,3.178185874729446
0,1,1,0,0,157500.0,625536.0,22599.0,540000.0,6,7,4,0,1,0.018634,-92.0,-5039,1,1,0,1,0,0,18,2.0,2,2,3,16,0,0,0,1,1,0,5,0.1551949327311518,0.5513812618027899,0.0,0.0,0.0,0.0,-103.0,0,1,0,0,0,0,0,0,0,0,0,0,0,0,0,0,0,0,0,0,0.0,0.0,0.0,0.0,1.0,5.0,44,6,3.9716319261465007,0.1434848032710903,3.9716319261465007
0,0,0,0,0,112500.0,315000.0,15151.5,315000.0,0,7,4,3,2,0.0035409999999999,-10461.0,-1450,1,1,0,1,0,0,1,1.0,1,1,1,15,0,0,0,0,0,0,11,0.1535705728980404,0.5280927512030451,0.0,0.0,0.0,0.0,-1923.0,0,1,0,0,0,0,0,0,0,0,0,0,0,0,0,0,0,0,0,0,0.0,0.0,1.0,0.0,0.0,4.0,49,14,2.799975111332344,0.1346788028550857,2.799975111332344
0,0,0,1,0,112500.0,135000.0,10953.0,135000.0,6,7,2,3,1,0.018209,-3673.0,-204,1,1,1,1,0,0,18,1.0,3,3,2,10,0,0,0,0,0,0,5,0.5155665698434853,0.5352762504724826,0.0,0.0,0.0,0.0,-368.0,0,1,0,0,0,0,0,0,0,0,0,0,0,0,0,0,0,0,0,0,0.0,0.0,0.0,0.0,0.0,1.0,26,1,1.1999893334281473,0.0973591345854703,1.1999893334281473
0,0,0,1,1,162000.0,294322.5,11223.0,243000.0,1,7,4,1,1,0.008625,-2013.0,-2531,1,1,1,1,0,0,8,3.0,2,2,1,15,0,0,0,0,1,1,20,0.5254501368173458,0.0005272652387098,0.0,0.0,0.0,0.0,-1018.0,0,1,0,0,0,0,0,0,0,0,0,0,0,0,0,0,0,0,0,0,0.0,0.0,0.0,1.0,0.0,2.0,52,2,1.816794340775674,0.0692773501398139,1.816794340775674
0,1,1,1,1,90000.0,443088.0,26905.5,382500.0,6,7,4,1,1,0.031329,-3203.0,-1050,1,1,0,1,0,0,8,3.0,2,2,5,9,0,0,0,0,1,1,42,0.264383572317849,0.5352762504724826,2.0,2.0,2.0,2.0,-918.0,0,1,0,0,0,0,0,0,0,0,0,0,0,0,0,0,0,0,0,0,0.0,0.0,0.0,0.0,0.0,3.0,23,2,4.923145298385574,0.2989466783702403,4.923145298385574
0,1,1,1,0,112500.0,562491.0,23962.5,454500.0,6,7,4,1,1,0.018801,-6107.0,-3545,1,1,0,1,0,0,6,2.0,2,2,0,12,0,0,0,0,0,0,5,0.6600247202001214,0.7309873696832169,1.0,0.0,1.0,0.0,-291.0,0,1,0,0,0,0,0,0,0,0,0,0,0,0,0,0,0,0,0,0,0.0,0.0,0.0,1.0,1.0,1.0,55,3,4.999875556661719,0.2129981066834961,4.999875556661719
0,1,0,1,1,292500.0,781920.0,57028.5,675000.0,6,7,4,1,1,0.00963,-3273.0,-4484,1,1,0,1,0,0,8,3.0,2,2,1,13,0,0,0,0,0,0,42,0.5963970611148146,0.5334816299804352,3.0,0.0,3.0,0.0,-536.0,0,1,0,0,0,0,0,0,0,0,0,0,0,0,0,0,0,0,0,0,0.0,0.0,0.0,0.0,0.0,1.0,36,5,2.673221630011521,0.1949685642100369,2.673221630011521
0,1,0,1,0,202500.0,654498.0,31617.0,585000.0,6,1,4,3,1,0.014464,-2436.0,-2436,1,1,0,1,0,0,8,1.0,2,2,4,4,0,0,0,0,0,0,14,0.62330918689389,0.4241303111942548,0.0,0.0,0.0,0.0,-435.0,0,1,0,0,0,0,0,0,0,0,0,0,0,0,0,0,0,0,0,0,0.0,0.0,0.0,0.0,0.0,1.0,27,4,3.232072928034923,0.1561325623083342,3.232072928034923
0,0,1,1,2,180000.0,314100.0,21244.5,225000.0,6,7,1,1,1,0.0196889999999999,-638.0,-4395,1,1,0,1,0,1,18,4.0,2,2,6,14,0,0,0,0,0,0,5,0.6837876488610074,0.3457848024695955,0.0,0.0,0.0,0.0,-622.0,0,1,0,0,0,0,0,0,0,0,0,0,0,0,0,0,0,0,0,0,0.0,0.0,0.0,1.0,0.0,1.0,32,2,1.7449903056094134,0.1180243443091982,1.7449903056094134
0,0,0,0,2,162000.0,945000.0,39127.5,945000.0,6,3,1,1,1,0.015221,-2883.0,-4118,1,0,0,1,0,0,18,4.0,2,2,4,10,0,0,0,0,0,0,57,0.5632306032670022,0.4920600938649263,0.0,0.0,0.0,0.0,0.0,0,1,0,0,0,0,0,0,0,0,0,0,0,0,0,0,0,0,0,0,0.0,0.0,0.0,0.0,1.0,3.0,57,0,5.8332973253251525,0.2415262868747723,5.8332973253251525
0,1,0,1,2,126000.0,837000.0,33192.0,837000.0,6,4,1,1,1,0.015221,-541.0,-2394,1,1,1,1,0,0,10,4.0,2,2,4,7,0,0,0,0,0,0,28,0.4663004380197989,0.520897599048938,0.0,0.0,0.0,0.0,-1287.0,0,1,0,0,0,0,0,0,0,0,0,0,0,0,0,0,0,0,0,0,0.0,0.0,0.0,0.0,0.0,1.0,26,2,6.642804422187125,0.2634264807422163,6.642804422187125
0,0,0,1,0,81000.0,158301.0,15552.0,148500.0,1,3,4,1,1,0.031329,-4462.0,-4470,1,0,0,1,0,0,18,2.0,2,2,0,7,0,0,0,0,0,0,57,0.6602209692173812,0.8106180215523969,0.0,0.0,0.0,0.0,-1194.0,0,0,0,0,1,0,0,0,0,0,0,0,0,0,0,0,0,0,0,0,0.0,0.0,0.0,0.0,0.0,0.0,68,0,1.9543092060591845,0.1919976296588931,1.9543092060591845
0,1,1,1,1,157500.0,533304.0,20997.0,405000.0,6,7,2,1,1,0.02461,-197.0,-3325,1,1,0,1,0,0,3,3.0,2,2,4,12,0,0,0,0,0,0,5,0.7121905913884016,0.501075160239048,0.0,0.0,0.0,0.0,0.0,0,1,0,0,0,0,0,0,0,0,0,0,0,0,0,0,0,0,0,0,0.0,0.0,0.0,1.0,0.0,4.0,29,0,3.386035644218132,0.1333134392797506,3.386035644218132
1,1,0,1,1,135000.0,450000.0,22500.0,450000.0,1,1,2,1,1,0.0196889999999999,-8970.0,-4077,1,1,0,1,0,0,6,3.0,2,2,0,8,0,0,0,0,0,0,5,0.5724977115744826,0.4258928980051529,0.0,0.0,0.0,0.0,-1681.0,0,0,0,0,0,0,0,0,0,0,0,0,0,0,0,0,0,0,0,0,0.0,0.0,0.0,0.0,0.0,4.0,43,16,3.3333086421582063,0.1666654321079103,3.3333086421582063
0,1,1,0,0,135000.0,473760.0,53581.5,450000.0,6,7,4,1,1,0.008068,-1053.0,-3720,1,1,1,1,1,1,4,2.0,3,3,5,10,0,0,0,0,0,0,5,0.1760469695129959,0.4614823912998385,4.0,0.0,4.0,0.0,-1606.0,0,0,0,0,0,0,1,0,0,0,0,0,0,0,0,0,0,0,0,0,0.0,0.0,0.0,0.0,0.0,4.0,30,4,3.5093073384641595,0.3968970600217776,3.5093073384641595
0,0,1,0,0,135000.0,123993.0,8946.0,103500.0,1,1,4,1,1,0.035792,-3130.0,-1975,1,1,0,1,0,0,8,2.0,2,2,6,15,0,0,0,1,1,0,42,0.584388192458164,0.0890438827498688,2.0,0.0,2.0,0.0,-1800.0,0,1,0,0,0,0,0,0,0,0,0,0,0,0,0,0,0,0,0,0,0.0,0.0,0.0,0.0,1.0,1.0,28,0,0.9184598632602722,0.0662661758061051,0.9184598632602722
0,0,1,1,1,157500.0,1006920.0,42660.0,900000.0,6,7,1,1,1,0.010643,-4187.0,-2403,1,1,1,1,0,0,14,3.0,2,2,4,9,0,0,0,1,1,0,42,0.6132664709860021,0.3876253444214701,2.0,1.0,2.0,1.0,-725.0,0,0,0,0,0,0,1,0,0,0,0,0,0,0,0,0,0,0,0,0,0.0,0.0,0.0,0.0,0.0,0.0,26,7,6.393102266017358,0.2708554231401705,6.393102266017358
0,1,1,1,1,180000.0,2250000.0,59355.0,2250000.0,6,7,4,2,1,0.02461,-411.0,-9,1,1,1,1,0,0,4,2.0,2,2,4,13,0,0,0,0,0,0,42,0.596644430175595,0.7407990879702335,0.0,0.0,0.0,0.0,-1008.0,0,0,0,0,0,0,1,0,0,0,0,1,0,0,0,0,0,0,0,0,0.0,0.0,0.0,2.0,0.0,1.0,45,5,12.499930555941356,0.329748168065733,12.499930555941356
0,0,1,1,1,118350.0,805536.0,35613.0,720000.0,6,7,2,1,1,0.020713,-7426.0,-4444,1,1,1,1,1,0,6,3.0,3,3,4,6,0,0,0,0,0,0,5,0.6967552789010489,0.6528965519806539,2.0,0.0,2.0,0.0,-1231.0,0,1,0,0,0,0,0,0,0,0,0,0,0,0,0,0,0,0,0,0,0.0,0.0,0.0,0.0,0.0,4.0,40,8,6.806330322515231,0.3009100049851712,6.806330322515231
0,0,1,1,0,225000.0,942300.0,30528.0,675000.0,6,4,1,1,1,0.022625,-5939.0,-1822,1,1,0,1,0,0,10,2.0,2,2,0,13,0,0,0,0,0,0,5,0.5462124907203059,0.7338145369642702,0.0,0.0,0.0,0.0,-2835.0,0,1,0,0,0,0,0,0,0,0,0,0,0,0,0,0,0,0,0,0,0.0,0.0,0.0,0.0,0.0,1.0,50,4,4.187981386749392,0.1356793969804578,4.187981386749392
0,1,1,1,2,292500.0,755190.0,38686.5,675000.0,6,7,4,1,1,0.00702,-809.0,-3602,1,1,0,1,0,0,4,4.0,2,2,0,13,0,0,0,0,1,1,42,0.5467598743547601,0.4632753280912678,1.0,0.0,0.0,0.0,-1098.0,0,1,0,0,0,0,0,0,0,0,0,0,0,0,0,0,0,0,0,0,0.0,0.0,0.0,1.0,2.0,5.0,40,5,2.5818373270518733,0.1322610862868845,2.5818373270518733
0,0,0,0,1,67500.0,384048.0,14476.5,270000.0,6,7,4,1,4,0.018029,-985.0,-2260,1,1,0,1,0,0,1,3.0,3,3,3,12,0,0,0,0,0,0,39,0.0607411447193858,0.0608545969659239,1.0,1.0,1.0,1.0,0.0,0,1,0,0,0,0,0,0,0,0,0,0,0,0,0,0,0,0,0,0,0.0,0.0,0.0,0.0,0.0,1.0,28,3,5.689515710878357,0.2144634894297862,5.689515710878357
0,0,0,0,2,180000.0,1417077.0,56331.0,1215000.0,6,1,1,1,1,0.031329,-8616.0,-4131,1,1,0,1,0,0,0,4.0,2,2,5,15,0,0,0,0,0,0,7,0.6697881423873948,0.6894791426446275,21.0,2.0,20.0,2.0,-1983.0,0,1,0,0,0,0,0,0,0,0,0,0,0,0,0,0,0,0,0,0,0.0,0.0,0.0,0.0,0.0,1.0,41,8,7.872606263298537,0.3129482613985478,7.872606263298537
0,0,0,1,1,157500.0,238500.0,22878.0,238500.0,1,1,4,1,1,0.018209,-5136.0,-1327,1,1,0,1,0,0,14,3.0,3,3,2,8,0,0,0,0,0,0,47,0.2698243059419316,0.6144143775673561,3.0,0.0,3.0,0.0,-255.0,0,0,0,0,0,0,0,0,0,0,0,0,0,0,0,0,0,0,0,0,0.0,0.0,0.0,0.0,0.0,0.0,36,0,1.5142760998342868,0.1452562205954247,1.5142760998342868
0,0,1,1,0,85500.0,219042.0,11578.5,193500.0,6,3,4,1,1,0.022625,-783.0,-4149,1,0,0,1,1,0,18,2.0,2,2,5,15,0,0,0,0,0,0,57,0.5825759520042825,0.6528965519806539,0.0,0.0,0.0,0.0,-746.0,0,0,0,0,1,0,0,0,0,0,0,0,0,0,0,0,0,0,0,0,0.0,0.0,0.0,0.0,0.0,2.0,62,0,2.561864773511421,0.1354194687781429,2.561864773511421
0,0,1,1,0,315000.0,253737.0,27054.0,229500.0,6,7,1,3,1,0.025164,-1023.0,-5510,1,1,0,1,0,0,6,1.0,2,2,6,11,0,0,0,0,1,1,53,0.6492275572450303,0.7610263695502636,0.0,0.0,0.0,0.0,-324.0,0,0,0,0,0,0,1,0,0,0,0,0,0,0,0,0,0,0,0,0,0.0,0.0,0.0,0.0,0.0,1.0,39,3,0.8055117285341952,0.0858854416335186,0.8055117285341952
0,0,0,0,0,67500.0,900000.0,48825.0,900000.0,6,4,4,1,1,0.0196889999999999,-2245.0,-5061,1,1,0,1,0,0,11,2.0,2,2,3,15,0,0,0,0,1,1,30,0.2886289714921189,0.5352762504724826,5.0,0.0,5.0,0.0,-2079.0,0,1,0,0,0,0,0,0,0,0,0,0,0,0,0,0,0,0,0,0,0.0,0.0,1.0,0.0,0.0,2.0,38,4,13.333135805395475,0.7233226174427045,13.333135805395475
1,0,1,1,0,495000.0,900000.0,45000.0,900000.0,6,1,1,1,1,0.04622,-668.0,-2151,1,1,0,1,0,0,0,2.0,1,1,3,10,0,0,0,0,0,0,42,0.8019222387372062,0.5280927512030451,0.0,0.0,0.0,0.0,-95.0,0,0,0,0,0,0,0,0,0,0,0,0,0,0,0,0,0,0,0,0,0.0,0.0,0.0,0.0,0.0,0.0,51,18,1.8181781450946564,0.0909089072547328,1.8181781450946564
0,0,0,1,1,135000.0,157914.0,17136.0,139500.0,6,7,4,3,1,0.006629,-624.0,-2436,1,1,1,1,1,0,3,2.0,2,2,6,4,0,0,0,0,0,0,11,0.3498800103193925,0.5352762504724826,2.0,1.0,2.0,0.0,0.0,0,1,0,0,0,0,0,0,0,0,0,0,0,0,0,0,0,0,0,0,0.0,0.0,0.0,0.0,0.0,1.0,26,3,1.1697246687061578,0.1269323930933845,1.1697246687061578
0,0,0,1,1,90000.0,1236816.0,36292.5,1080000.0,6,1,4,1,1,0.0060079999999999,-8755.0,-4904,1,1,0,1,0,0,18,3.0,2,2,6,11,0,0,0,0,1,1,5,0.5920153769624971,0.5352762504724826,0.0,0.0,0.0,0.0,-1257.0,0,1,0,0,0,0,0,0,0,0,0,0,0,0,0,0,0,0,0,0,0.0,0.0,0.0,0.0,2.0,3.0,40,0,13.74224730836324,0.4032455194942278,13.74224730836324
0,0,0,0,0,67500.0,247275.0,17716.5,225000.0,1,3,4,2,1,0.019101,-5.0,-4618,1,0,0,1,1,0,18,1.0,2,2,6,16,0,0,0,1,0,0,57,0.387769697254916,0.8590531292026357,0.0,0.0,0.0,0.0,0.0,0,0,0,0,1,0,0,0,0,0,0,0,0,0,0,0,0,0,0,0,0.0,0.0,0.0,0.0,0.0,0.0,66,0,3.663279062532407,0.2624627783292099,3.663279062532407
0,1,0,1,0,180000.0,755190.0,33394.5,675000.0,6,3,4,3,2,0.072508,-14349.0,-4334,1,0,0,1,1,0,18,1.0,1,1,6,10,0,0,0,0,0,0,57,0.7244889860592328,0.5352762504724826,0.0,0.0,0.0,0.0,-449.0,0,0,0,1,0,0,0,0,0,0,0,0,0,0,0,0,0,0,0,0,0.0,0.0,0.0,0.0,0.0,1.0,63,0,4.195476691796157,0.1855239693112816,4.195476691796157
0,0,0,1,0,90000.0,628114.5,25348.5,477000.0,6,7,3,3,1,0.018029,-4682.0,-2454,1,1,0,1,0,0,18,1.0,3,3,1,8,0,0,0,0,0,0,30,0.4177149014054497,0.5867400085415683,3.0,0.0,3.0,0.0,0.0,0,1,0,0,0,0,0,0,0,0,0,0,0,0,0,0,0,0,0,0,0.0,0.0,0.0,0.0,0.0,0.0,51,2,6.9789724558616015,0.2816468705903268,6.9789724558616015
0,1,1,0,0,76500.0,343800.0,16852.5,225000.0,6,7,4,3,1,0.0084739999999999,-8116.0,-900,1,1,0,1,0,0,8,1.0,2,2,0,10,0,0,0,0,0,0,7,0.2149613052779749,0.5352762504724826,0.0,0.0,0.0,0.0,-225.0,0,0,0,0,0,0,1,0,0,0,0,0,0,0,0,0,0,0,0,0,0.0,0.0,0.0,0.0,0.0,0.0,22,2,4.494058901190834,0.2202912380230323,4.494058901190834
0,1,1,1,1,112500.0,225000.0,8613.0,225000.0,6,4,4,1,1,0.0228,-3508.0,-3740,1,1,0,1,0,0,8,3.0,2,2,0,14,0,0,0,0,0,0,30,0.6793168652351883,0.7366226976503176,5.0,0.0,5.0,0.0,0.0,0,1,0,0,0,0,0,0,0,0,0,0,0,0,0,0,0,0,0,0,0.0,0.0,0.0,0.0,0.0,3.0,36,8,1.9999822223802453,0.0765593194727158,1.9999822223802453
0,1,0,1,0,270000.0,675000.0,28728.0,675000.0,0,7,4,1,1,0.035792,-2540.0,-3480,1,1,0,1,1,0,8,2.0,2,2,0,10,0,1,1,0,1,1,5,0.6137383223241425,0.5352762504724826,1.0,0.0,1.0,0.0,0.0,0,0,0,0,0,0,1,0,0,0,0,0,0,0,0,0,0,0,0,0,0.0,0.0,0.0,0.0,0.0,1.0,30,3,2.499990740775034,0.1063996059273854,2.499990740775034
0,0,1,0,0,121500.0,900000.0,29034.0,900000.0,6,3,1,1,1,0.018209,-5936.0,-3805,1,0,0,1,1,0,18,2.0,3,3,0,8,0,0,0,0,0,0,57,0.5286879435988514,0.3233112448967859,0.0,0.0,0.0,0.0,-136.0,0,0,0,0,1,0,0,0,0,0,0,0,0,0,0,0,0,0,0,0,0.0,0.0,0.0,0.0,0.0,3.0,55,0,7.407346441593074,0.2389609962057925,7.407346441593074
0,0,0,1,0,81000.0,202765.5,14548.5,184500.0,6,3,4,2,1,0.01885,-8562.0,-2197,1,0,0,1,1,0,18,1.0,2,2,6,9,0,0,0,0,0,0,57,0.7505000213994024,0.5352762504724826,0.0,0.0,0.0,0.0,-2731.0,0,0,0,0,1,0,0,0,0,0,0,0,0,0,0,0,0,0,0,0,0.0,0.0,0.0,0.0,1.0,4.0,51,0,2.5032468734953888,0.1796088937173615,2.5032468734953888
1,1,1,1,0,112500.0,180000.0,9000.0,180000.0,6,7,4,3,1,0.028663,-2271.0,-1193,1,1,0,1,0,0,14,1.0,2,2,2,13,0,0,0,0,1,1,43,0.1525755083550118,0.5352762504724826,0.0,0.0,0.0,0.0,-500.0,0,0,0,0,0,0,0,0,0,0,0,0,0,0,0,0,0,0,0,0,0.0,0.0,0.0,0.0,0.0,1.0,23,1,1.5999857779041964,0.0799992888952098,1.5999857779041964
0,0,0,1,0,112500.0,343800.0,12478.5,225000.0,6,1,4,1,1,0.00702,-8064.0,-3374,1,1,0,1,0,0,8,2.0,2,2,6,12,0,0,0,0,0,0,9,0.6791119893015655,0.813917469762627,2.0,0.0,2.0,0.0,-954.0,0,1,0,0,0,0,0,0,0,0,0,0,0,0,0,0,0,0,0,0,0.0,0.0,0.0,0.0,1.0,3.0,54,15,3.0559728357970157,0.1109190140532084,3.0559728357970157
0,0,1,0,0,103500.0,90000.0,10152.0,90000.0,6,3,4,1,1,0.025164,-6010.0,-3851,1,0,0,1,1,0,18,2.0,2,2,0,17,0,0,0,0,0,0,57,0.6961404217687601,0.3425288720742255,3.0,0.0,3.0,0.0,-1525.0,0,1,0,0,0,0,0,0,0,0,0,0,0,0,0,0,0,0,0,0,0.0,0.0,0.0,0.0,0.0,4.0,55,0,0.8695568158761751,0.0980860088308325,0.8695568158761751
0,0,0,1,0,112500.0,835380.0,23571.0,675000.0,6,7,4,1,1,0.025164,-202.0,-1890,1,1,0,1,0,0,6,2.0,2,2,5,14,0,0,0,0,0,0,5,0.6633290211668562,0.4938628816996244,12.0,0.0,12.0,0.0,-784.0,0,1,0,0,0,0,0,0,0,0,0,0,0,0,0,0,0,0,0,0,0.0,0.0,0.0,2.0,0.0,1.0,50,30,7.425533995253375,0.2095181376165545,7.425533995253375
1,1,1,1,0,135000.0,180000.0,9000.0,180000.0,6,1,1,1,1,0.025164,-2138.0,-392,1,1,0,1,0,0,3,2.0,2,2,0,11,0,0,0,0,0,0,42,0.4398741108422412,0.3170317785834444,0.0,0.0,0.0,0.0,-257.0,0,0,0,0,0,0,0,0,0,0,0,0,0,0,0,0,0,0,0,0,0.0,0.0,0.0,0.0,2.0,2.0,27,9,1.3333234568632826,0.0666661728431641,1.3333234568632826
0,0,0,1,0,67500.0,873000.0,28849.5,873000.0,6,3,1,1,1,0.010966,-11962.0,-4401,1,0,0,1,0,0,18,2.0,2,2,1,10,0,0,0,1,0,0,57,0.2007754035972499,0.5352762504724826,0.0,0.0,0.0,0.0,-2037.0,0,0,0,0,1,0,0,0,0,0,0,0,0,0,0,0,0,0,0,0,0.0,0.0,0.0,0.0,0.0,1.0,62,0,12.933141731233611,0.4273936682419519,12.933141731233611
0,1,0,1,2,112500.0,239850.0,28593.0,225000.0,6,1,4,1,1,0.009549,-6609.0,-4011,1,1,1,1,1,0,18,4.0,2,2,6,11,0,0,0,0,1,1,26,0.4572135199491705,0.520897599048938,1.0,0.0,1.0,0.0,-1275.0,0,1,0,0,0,0,0,0,0,0,0,0,0,0,0,0,0,0,0,0,0.0,0.0,0.0,0.0,0.0,0.0,37,13,2.131981049057342,0.2541577408200816,2.131981049057342
0,0,1,1,2,135000.0,479700.0,56929.5,450000.0,6,7,4,1,1,0.028663,-4027.0,-4401,1,1,0,1,1,0,6,4.0,2,2,2,7,0,0,0,0,0,0,5,0.4442751946626749,0.7136313997323308,0.0,0.0,0.0,0.0,-896.0,0,1,0,0,0,0,0,0,0,0,0,0,0,0,0,0,0,0,0,0,0.0,0.0,0.0,1.0,0.0,1.0,33,2,3.553307012540648,0.4216968763194346,3.553307012540648
0,0,0,0,0,135000.0,640080.0,23121.0,450000.0,6,4,1,1,4,0.001276,-1198.0,-3695,1,1,0,1,0,0,3,2.0,2,2,4,6,0,0,0,0,0,0,41,0.1467733027122036,0.6986675550534175,1.0,1.0,1.0,1.0,-1776.0,0,1,0,0,0,0,0,0,0,0,0,0,0,0,0,0,0,0,0,0,0.0,0.0,0.0,0.0,0.0,2.0,42,0,4.741298212605833,0.1712653980340886,4.741298212605833
0,1,0,1,0,135000.0,508495.5,24592.5,454500.0,5,7,4,1,1,0.019101,-2025.0,-4723,1,1,0,1,0,0,16,2.0,2,2,2,11,0,0,0,0,1,1,4,0.7422086913985644,0.6528965519806539,0.0,0.0,0.0,0.0,-2150.0,0,1,0,0,0,0,0,0,0,0,0,0,0,0,0,0,0,0,0,0,0.0,0.0,0.0,0.0,0.0,8.0,43,0,3.766605432552352,0.1821653172939459,3.766605432552352
0,1,1,0,1,112500.0,900000.0,25924.5,900000.0,6,1,1,1,0,0.0145199999999999,-938.0,-3345,1,1,0,1,0,0,3,3.0,2,2,0,9,0,0,0,0,0,0,42,0.6114185102677335,0.4884551844437485,0.0,0.0,0.0,0.0,-472.0,0,1,0,0,0,0,0,0,0,0,0,0,0,1,0,0,0,0,0,0,0.0,0.0,0.0,0.0,0.0,0.0,29,5,7.999928889520982,0.2304379516626518,7.999928889520982
0,0,0,1,0,135000.0,755190.0,36459.0,675000.0,6,7,4,5,4,0.008019,-2.0,-4221,1,1,1,1,1,0,14,1.0,2,2,4,17,0,0,0,1,1,0,42,0.5053155057880442,0.7544061731797895,1.0,1.0,1.0,0.0,-413.0,0,1,0,0,0,0,0,0,0,0,0,0,0,0,0,0,0,0,0,0,0.0,1.0,0.0,0.0,0.0,1.0,41,3,5.593958563269902,0.2700646661876578,5.593958563269902
0,0,0,1,0,40500.0,247500.0,14337.0,247500.0,6,1,4,0,1,0.00712,-3154.0,-3479,1,1,0,1,0,0,2,2.0,2,2,1,11,0,0,0,0,0,0,11,0.6694059471441643,0.6706517530862718,0.0,0.0,0.0,0.0,-41.0,0,1,0,0,0,0,0,0,0,0,0,0,0,0,0,0,0,0,0,0,0.0,0.0,0.0,0.0,2.0,1.0,55,4,6.110960223204366,0.3539912594750747,6.110960223204366
0,0,1,0,1,405000.0,409500.0,10930.5,409500.0,6,7,1,1,1,0.015221,-12690.0,-4218,1,1,0,1,0,0,10,3.0,2,2,6,13,0,0,0,0,0,0,29,0.5627141061025026,0.6940926425266661,0.0,0.0,0.0,0.0,-2524.0,0,1,0,0,0,0,0,0,0,0,0,0,0,0,0,0,0,0,0,0,0.0,0.0,0.0,0.0,0.0,2.0,36,8,1.0111086145466308,0.0269888222498216,1.0111086145466308
0,1,0,0,2,180000.0,500490.0,51282.0,450000.0,1,7,4,1,5,0.006207,-10952.0,-4178,1,1,0,1,1,0,8,4.0,2,2,5,18,1,1,0,1,1,0,33,0.7214582568521488,0.5352762504724826,0.0,0.0,0.0,0.0,-638.0,0,0,0,0,0,0,1,0,0,0,0,0,0,0,0,0,0,0,0,0,0.0,0.0,0.0,0.0,0.0,1.0,33,4,2.7804845528635957,0.2848984172310154,2.7804845528635957
0,0,0,0,3,67500.0,900000.0,26316.0,900000.0,6,7,4,1,2,0.031329,-6035.0,-6049,1,1,0,1,0,0,14,5.0,2,2,5,15,0,0,0,0,0,0,42,0.6352660188380713,0.3170317785834444,9.0,1.0,9.0,0.0,-2613.0,0,1,0,0,0,0,0,0,0,0,0,0,0,0,0,0,0,0,0,0,0.0,0.0,0.0,0.0,1.0,3.0,38,4,13.333135805395475,0.3898608909497637,13.333135805395475
0,0,0,1,0,180000.0,213156.0,8163.0,139500.0,1,1,4,1,1,0.006233,-9539.0,-2946,1,1,0,1,0,0,18,2.0,2,2,6,13,0,0,0,0,0,0,5,0.6943055686963661,0.5585066276769286,0.0,0.0,0.0,0.0,-1640.0,0,1,0,0,0,0,0,0,0,0,0,0,0,0,0,0,0,0,0,0,0.0,0.0,0.0,1.0,0.0,3.0,53,3,1.1841934211476604,0.0453497480569552,1.1841934211476604
0,1,1,0,0,270000.0,1687266.0,64264.5,1575000.0,6,7,4,1,1,0.072508,-7509.0,-1033,1,1,1,1,1,1,8,2.0,1,1,4,18,0,0,0,0,0,0,55,0.7220203947053732,0.6769925032909132,0.0,0.0,0.0,0.0,-841.0,0,0,0,0,0,0,1,0,0,0,0,0,0,0,0,0,0,0,0,0,0.0,0.0,0.0,1.0,0.0,1.0,36,6,6.249110188480784,0.2380157851267217,6.249110188480784
0,1,1,1,0,90000.0,448056.0,21015.0,315000.0,1,7,4,1,1,0.022625,-29.0,-1197,1,1,0,1,0,0,4,2.0,2,2,2,11,0,0,0,0,0,0,11,0.4689353109511926,0.524496446363472,6.0,0.0,6.0,0.0,-680.0,0,1,0,0,0,0,0,0,0,0,0,0,0,0,0,0,0,0,0,0,0.0,0.0,0.0,0.0,0.0,2.0,48,6,4.978344685059055,0.2334974055843824,4.978344685059055
0,0,0,1,0,337500.0,2013840.0,83241.0,1800000.0,6,7,1,1,1,0.018801,-161.0,-3185,1,1,0,1,0,0,3,2.0,2,2,5,7,0,0,0,0,0,0,39,0.5512808225537346,0.6413682574954046,7.0,0.0,7.0,0.0,-1073.0,0,1,0,0,0,0,0,0,0,0,0,0,0,0,0,0,0,0,0,0,0.0,0.0,0.0,1.0,0.0,0.0,53,28,5.966915653583249,0.2466392692169801,5.966915653583249
0,0,0,0,1,90000.0,265851.0,18630.0,229500.0,6,7,4,2,1,0.025164,-4741.0,-4741,1,1,0,1,0,0,11,2.0,2,2,4,14,0,0,0,0,0,0,30,0.6577343839509505,0.5046813193144684,2.0,0.0,2.0,0.0,-1734.0,0,1,0,0,0,0,0,0,0,0,0,0,0,0,0,0,0,0,0,0,0.0,0.0,0.0,0.0,0.0,2.0,37,6,2.953867179253564,0.2069977000255552,2.953867179253564
0,1,1,0,3,180000.0,755190.0,36459.0,675000.0,6,4,4,1,1,0.02461,-5706.0,-4236,1,1,0,1,0,0,8,5.0,2,2,4,12,0,0,0,0,0,0,5,0.5536003179643616,0.6817058776720116,0.0,0.0,0.0,0.0,-1080.0,0,1,0,0,0,0,0,0,0,0,0,0,0,0,0,0,0,0,0,0,0.0,0.0,0.0,0.0,0.0,2.0,35,3,4.195476691796157,0.2025488747284737,4.195476691796157
0,0,1,1,0,135000.0,1002870.0,42619.5,922500.0,5,7,4,1,1,0.030755,-11232.0,-908,1,1,0,1,0,0,15,2.0,2,2,5,15,0,0,0,0,0,0,30,0.5030469066641139,0.5352762504724826,3.0,1.0,3.0,0.0,0.0,0,1,0,0,0,0,0,0,0,0,0,0,0,0,0,0,0,0,0,0,0.0,0.0,0.0,0.0,0.0,1.0,47,13,7.428611639913778,0.3156976614988037,7.428611639913778
0,1,1,1,0,225000.0,868797.0,34587.0,702000.0,5,1,4,1,1,0.072508,-11284.0,-2989,1,1,0,1,1,0,4,2.0,1,1,0,13,0,0,0,0,0,0,5,0.7074341761370105,0.6658549219640212,5.0,0.0,5.0,0.0,-1591.0,0,1,0,0,0,0,0,0,0,0,0,0,0,0,0,0,0,0,0,0,0.0,0.0,0.0,1.0,0.0,0.0,53,2,3.8613028386540496,0.1537193168030364,3.8613028386540496
0,1,1,1,0,126000.0,545040.0,25537.5,450000.0,6,1,4,0,1,0.025164,-4150.0,-2881,1,1,0,1,0,0,8,2.0,2,2,3,10,0,0,0,0,0,0,5,0.5384673314888372,0.5531646987710016,2.0,1.0,2.0,0.0,-1821.0,0,1,0,0,0,0,0,0,0,0,0,0,0,0,0,0,0,0,0,0,0.0,0.0,0.0,0.0,0.0,2.0,27,1,4.325679954920993,0.2026769628812469,4.325679954920993
0,0,0,1,0,189000.0,269550.0,14751.0,225000.0,6,7,4,3,1,0.010006,-1107.0,-148,1,1,0,1,0,0,11,1.0,2,1,2,10,0,0,0,0,0,0,30,0.3869705153145964,0.4650692149562261,2.0,0.0,2.0,0.0,0.0,0,1,0,0,0,0,0,0,0,0,0,0,0,0,0,0,0,0,0,0,0.0,0.0,0.0,0.0,0.0,0.0,27,3,1.4261829302490463,0.0780472060994386,1.4261829302490463
0,0,0,1,0,180000.0,675000.0,28597.5,675000.0,1,1,4,1,1,0.0228,-8969.0,-3555,1,1,1,1,0,0,3,2.0,2,2,4,18,0,0,0,0,0,0,30,0.6672246292539669,0.5370699579791587,4.0,0.0,3.0,0.0,-682.0,0,1,0,0,0,0,0,0,0,0,0,0,0,0,0,0,0,0,0,0,0.0,0.0,0.0,0.0,0.0,1.0,54,11,3.749979166782407,0.1588741173660146,3.749979166782407
0,0,0,1,0,94500.0,364896.0,18760.5,315000.0,6,3,4,1,1,0.002042,-911.0,-2502,1,0,0,1,0,0,18,2.0,3,3,2,10,0,0,0,0,0,0,57,0.4993130551216878,0.5352762504724826,0.0,0.0,0.0,0.0,-871.0,0,0,0,0,1,0,0,0,0,0,0,0,0,0,0,0,0,0,0,0,0.0,0.0,0.0,0.0,0.0,1.0,56,0,3.861292473095523,0.1985217087649866,3.861292473095523
0,0,0,1,1,202500.0,753840.0,24448.5,540000.0,6,1,1,0,1,0.00702,-3377.0,-4089,1,1,0,1,0,0,14,3.0,2,2,5,14,0,0,0,0,0,0,47,0.6924226172438448,0.5370699579791587,1.0,0.0,1.0,0.0,0.0,0,1,0,0,0,0,0,0,0,0,0,0,0,0,0,0,0,0,0,0,0.0,0.0,0.0,0.0,1.0,0.0,40,5,3.7226482832183545,0.1207327371222858,3.7226482832183545
0,0,0,1,0,90000.0,942300.0,27679.5,675000.0,6,1,4,5,1,0.008068,-4990.0,-4241,1,1,1,1,0,0,18,1.0,3,3,1,9,0,0,0,0,0,0,51,0.297709392511142,0.8528284668510541,2.0,0.0,2.0,0.0,-1586.0,0,1,0,0,0,0,0,0,0,0,0,0,0,0,0,0,0,0,0,0,0.0,0.0,0.0,0.0,2.0,3.0,56,0,10.469883667959245,0.3075465828157465,10.469883667959245
0,0,0,1,0,51750.0,284400.0,10345.5,225000.0,6,3,4,5,1,0.0228,-1247.0,-4633,1,0,0,1,0,0,18,1.0,2,2,4,9,0,0,0,0,0,0,57,0.6280107660545569,0.4031416766587513,0.0,0.0,0.0,0.0,-1254.0,0,1,0,0,0,0,0,0,0,0,0,0,0,0,0,0,0,0,0,0,0.0,0.0,0.0,0.0,0.0,1.0,58,0,5.49554597978783,0.1999091804989275,5.49554597978783
0,1,1,1,0,90000.0,152820.0,18265.5,135000.0,6,1,4,1,1,0.0031219999999999,-602.0,-3928,1,1,0,1,1,0,6,2.0,3,3,0,15,0,0,0,0,0,0,5,0.6134272354847407,0.5082869913916046,0.0,0.0,0.0,0.0,-497.0,0,1,0,0,0,0,0,0,0,0,0,0,0,0,0,0,0,0,0,0,0.0,0.0,0.0,0.0,0.0,1.0,42,6,1.6979811335429609,0.2029477450250552,1.6979811335429609
0,1,1,0,0,112500.0,254700.0,23566.5,225000.0,6,7,4,1,1,0.00823,-713.0,-1839,1,1,0,1,0,0,8,2.0,2,2,4,14,0,0,0,0,0,0,42,0.1634739107144257,0.3807996826489149,2.0,0.0,2.0,0.0,-679.0,0,1,0,0,0,0,0,0,0,0,0,0,0,0,0,0,0,0,0,0,0.0,0.0,0.0,0.0,0.0,6.0,29,1,2.263979875734438,0.2094781379721069,2.263979875734438
0,0,0,1,1,135000.0,172021.5,20542.5,148500.0,6,4,4,1,1,0.032561,-8628.0,-5267,1,1,0,1,0,0,11,3.0,1,1,0,18,0,0,0,0,0,0,11,0.6767055220632967,0.501075160239048,0.0,0.0,0.0,0.0,-424.0,0,1,0,0,0,0,0,0,0,0,0,0,0,0,0,0,0,0,0,0,0.0,0.0,0.0,0.0,0.0,2.0,39,1,1.2742238946378175,0.1521655395145221,1.2742238946378175
0,1,0,0,0,270000.0,326439.0,12433.5,229500.0,6,3,4,0,1,0.00712,-3277.0,-4650,1,0,0,1,0,0,18,2.0,2,2,2,8,0,0,0,0,0,0,57,0.6867682874873686,0.7738956942145427,1.0,0.0,1.0,0.0,-2171.0,0,0,0,0,1,0,0,0,0,0,0,0,0,0,0,0,0,0,0,0,1.0,0.0,0.0,0.0,0.0,2.0,59,0,1.2090288554486834,0.0460498294450761,1.2090288554486834
0,0,0,1,0,112500.0,364896.0,18630.0,315000.0,6,7,4,1,1,0.0105,-1972.0,-2786,1,1,1,1,1,0,0,2.0,3,3,0,11,0,0,0,0,0,0,42,0.6208003242887082,0.6577838002083306,1.0,0.0,1.0,0.0,-1618.0,0,1,0,0,0,0,0,0,0,0,0,0,0,0,0,0,0,0,0,0,0.0,0.0,0.0,0.0,0.0,3.0,53,9,3.243491168967387,0.1655985280130843,3.243491168967387
0,0,0,1,0,180000.0,755856.0,30784.5,652500.0,6,1,2,0,1,0.030755,-8630.0,-1298,1,1,0,1,0,0,14,2.0,2,2,4,17,0,0,0,0,0,0,47,0.5813576779689474,0.1963339662134567,2.0,0.0,2.0,0.0,-401.0,0,0,0,0,0,0,0,0,0,0,0,0,0,0,0,0,0,0,0,0,0.0,0.0,0.0,0.0,0.0,0.0,23,1,4.199176671240715,0.1710240498663896,4.199176671240715
0,0,0,0,0,189000.0,590337.0,28530.0,477000.0,1,4,4,1,1,0.00496,-2828.0,-2830,1,1,0,1,0,0,18,2.0,2,2,0,15,0,0,0,1,1,0,39,0.521348058205651,0.4400578303966329,0.0,0.0,0.0,0.0,-1562.0,0,1,0,0,0,0,0,0,0,0,0,0,0,0,0,0,0,0,0,0,0.0,0.0,0.0,0.0,0.0,1.0,40,4,3.1234596642345807,0.1509515822667605,3.1234596642345807
0,0,0,1,0,90000.0,302206.5,16524.0,229500.0,6,1,4,0,1,0.0116569999999999,-8264.0,-2588,1,1,0,1,1,0,2,2.0,1,1,2,12,0,0,0,0,1,1,38,0.7713045402758811,0.5352762504724826,0.0,0.0,0.0,0.0,-1675.0,0,1,0,0,0,0,0,0,0,0,0,0,0,0,0,0,0,0,0,0,0.0,0.0,0.0,0.0,1.0,0.0,38,1,3.3578126909701003,0.1835979600226664,3.3578126909701003
0,0,1,1,2,216000.0,1009566.0,36391.5,904500.0,6,7,4,1,1,0.026392,-5912.0,-2082,1,1,1,1,0,0,3,4.0,2,2,0,12,0,0,0,1,1,0,42,0.66230759897735,0.2622489709189549,1.0,0.0,1.0,0.0,-1024.0,0,1,0,0,0,0,0,0,0,0,0,0,0,0,0,0,0,0,0,0,0.0,0.0,0.0,0.0,0.0,0.0,32,3,4.673895028263758,0.1684783866741357,4.673895028263758
0,0,0,1,0,45000.0,45000.0,4846.5,45000.0,6,7,4,1,1,0.018634,-301.0,-4173,1,1,1,1,0,0,17,2.0,2,2,0,15,0,0,0,0,0,0,6,0.576923205474005,0.5814837058057234,0.0,0.0,0.0,0.0,-1636.0,0,0,0,0,0,0,1,0,0,0,0,0,0,0,0,0,0,0,0,0,0.0,0.0,0.0,1.0,0.0,3.0,41,1,0.999977778271594,0.1076976067198506,0.999977778271594
0,0,1,0,1,202500.0,310734.0,32760.0,274500.0,6,1,4,1,1,0.008575,-2157.0,-2784,1,1,0,1,0,1,14,3.0,2,2,6,19,1,1,0,1,1,0,42,0.7585072784611905,0.5352762504724826,0.0,0.0,0.0,0.0,-467.0,0,1,0,0,0,0,0,0,0,0,0,0,0,0,0,0,0,0,0,0,0.0,0.0,0.0,1.0,0.0,2.0,40,0,1.5344813112034017,0.1617769788791166,1.5344813112034017
0,0,0,1,0,63000.0,152820.0,14886.0,135000.0,6,3,4,3,1,0.032561,-11476.0,-3870,1,0,0,1,0,0,18,1.0,1,1,3,12,0,0,0,0,0,0,57,0.6019743671407933,0.7992967832109371,1.0,1.0,1.0,1.0,-321.0,0,0,0,0,1,0,0,0,0,0,0,0,0,0,0,0,0,0,0,0,0.0,0.0,0.0,0.0,0.0,0.0,67,0,2.4256757829240807,0.2362819637783527,2.4256757829240807
0,0,1,1,2,225000.0,970380.0,25596.0,810000.0,6,1,1,1,1,0.002506,-521.0,-756,1,1,0,1,0,0,0,4.0,2,2,0,7,0,0,0,0,0,0,2,0.645818731265154,0.6363761710860439,9.0,0.0,8.0,0.0,-408.0,0,1,0,0,0,0,0,0,0,0,0,0,0,0,0,0,0,0,0,0,0.0,0.0,0.0,0.0,0.0,0.0,26,3,4.312780832085191,0.1137594944022471,4.312780832085191
0,0,0,0,0,180000.0,675000.0,34290.0,675000.0,6,7,4,2,1,0.010966,-1015.0,-4934,1,1,1,1,1,0,3,1.0,2,2,5,17,0,0,0,0,0,0,28,0.5830544747490947,0.5352762504724826,6.0,0.0,6.0,0.0,-416.0,0,1,0,0,0,0,0,0,0,0,0,0,0,0,0,0,0,0,0,0,0.0,0.0,0.0,0.0,0.0,1.0,33,4,3.749979166782407,0.1904989416725462,3.749979166782407
0,0,0,0,0,135000.0,343800.0,16155.0,225000.0,6,7,4,1,2,0.032561,-3041.0,-1602,1,1,0,1,0,0,18,2.0,1,1,4,13,0,0,0,0,0,0,33,0.6988580127324348,0.6296742509538716,0.0,0.0,0.0,0.0,-409.0,0,1,0,0,0,0,0,0,0,0,0,0,0,0,0,0,0,0,0,0,0.0,0.0,0.0,0.0,0.0,1.0,49,5,2.5466478026088697,0.1196657802534796,2.5466478026088697
0,1,1,1,0,202500.0,528633.0,38817.0,472500.0,6,7,4,1,1,0.032561,-5200.0,-1589,1,1,0,1,1,0,4,2.0,1,1,1,17,0,0,0,0,0,0,11,0.7262228066868663,0.6109913280868294,4.0,0.0,4.0,0.0,0.0,0,1,0,0,0,0,0,0,0,0,0,0,0,0,0,0,0,0,0,0,0.0,0.0,0.0,0.0,0.0,0.0,49,11,2.6105204418743613,0.1916879422817665,2.6105204418743613
0,1,1,1,0,247500.0,543037.5,39514.5,463500.0,6,7,4,2,1,0.022625,-457.0,-3384,1,1,0,1,0,0,8,1.0,2,2,0,11,0,0,0,0,0,0,5,0.5053319046155221,0.5352762504724826,2.0,0.0,2.0,0.0,-2469.0,0,1,0,0,0,0,0,0,0,0,0,0,0,0,0,0,0,0,0,0,0.0,0.0,0.0,0.0,0.0,1.0,54,8,2.194082044112953,0.1596539003882812,2.194082044112953
0,0,0,0,0,103500.0,90000.0,9693.0,90000.0,6,7,4,3,2,0.009175,-10149.0,-2925,1,1,1,1,0,0,3,1.0,2,2,1,16,0,0,0,0,0,0,28,0.7058521203646159,0.4048783643353997,0.0,0.0,0.0,0.0,-643.0,0,1,0,0,0,0,0,0,0,0,0,0,0,0,0,0,0,0,0,0,0.0,0.0,0.0,0.0,3.0,3.0,53,23,0.8695568158761751,0.093651269069864,0.8695568158761751
0,1,0,0,0,85500.0,521280.0,22086.0,450000.0,6,3,2,1,1,0.028663,-12551.0,-4198,1,0,0,1,1,0,18,2.0,2,2,2,11,0,0,0,0,0,0,57,0.3129339684726302,0.5937175866150576,0.0,0.0,0.0,0.0,-2617.0,0,1,0,0,0,0,0,0,0,0,0,0,0,0,0,0,0,0,0,0,0.0,0.0,0.0,0.0,0.0,3.0,62,0,6.096770798002362,0.2583127682717161,6.096770798002362
0,0,0,1,0,76500.0,229230.0,24201.0,202500.0,6,7,4,1,1,0.015221,-7726.0,-4925,1,1,1,1,1,0,2,2.0,2,2,5,14,0,0,0,0,0,0,39,0.4443777778690432,0.4135967602644276,0.0,0.0,0.0,0.0,-1686.0,0,1,0,0,0,0,0,0,0,0,0,0,0,0,0,0,0,0,0,0,0.0,0.0,0.0,0.0,0.0,2.0,40,6,2.996431419197134,0.3163488058979621,2.996431419197134
0,1,1,1,0,135000.0,112068.0,11214.0,99000.0,6,7,1,0,1,0.020713,-5956.0,-2455,1,1,0,1,0,0,8,2.0,3,3,6,13,0,0,0,0,1,1,7,0.5704306018013819,0.5352762504724826,0.0,0.0,0.0,0.0,-2088.0,0,0,0,0,0,0,1,0,0,0,0,0,0,0,0,0,0,0,0,0,0.0,0.0,0.0,0.0,0.0,1.0,51,0,0.8301271842430796,0.0830660513625825,0.8301271842430796
0,0,1,1,0,180000.0,469147.5,24084.0,351000.0,6,7,4,1,1,0.030755,-7981.0,-2660,1,1,0,1,0,0,3,2.0,2,2,4,10,0,0,0,0,1,1,53,0.621397284466278,0.7281412993111438,0.0,0.0,0.0,0.0,-925.0,0,1,0,0,0,0,0,0,0,0,0,0,0,0,0,0,0,0,0,0,0.0,0.0,0.0,0.0,0.0,5.0,52,21,2.606360520219332,0.1337992566707962,2.606360520219332
0,0,0,1,0,81000.0,545040.0,20677.5,450000.0,5,7,4,1,1,0.01885,-4194.0,-3249,1,1,1,1,1,0,14,2.0,2,2,4,10,0,0,0,0,0,0,42,0.5178655563422684,0.5352762504724826,0.0,0.0,0.0,0.0,0.0,0,1,0,0,0,0,0,0,0,0,0,0,0,0,0,0,0,0,0,0,0.0,0.0,0.0,0.0,0.0,1.0,53,10,6.728805817212133,0.2552746262391822,6.728805817212133
0,0,0,1,0,31500.0,239850.0,25960.5,225000.0,6,3,4,1,1,0.010276,-11791.0,-4645,1,0,0,1,0,0,18,2.0,2,2,0,12,0,0,0,0,0,0,57,0.6107532882556483,0.7091891096653581,1.0,0.0,1.0,0.0,-1.0,0,0,0,0,1,0,0,0,0,0,0,0,0,0,0,0,0,0,0,0,0.0,0.0,0.0,0.0,0.0,0.0,67,0,7.614043998603219,0.8241166947081046,7.614043998603219
0,0,0,1,0,54000.0,253737.0,14697.0,229500.0,6,1,4,1,1,0.035792,-6453.0,-1294,1,1,0,1,1,0,0,2.0,2,2,6,14,0,0,0,0,0,0,51,0.6064767987472164,0.7636399214572418,0.0,0.0,0.0,0.0,-2138.0,0,1,0,0,0,0,0,0,0,0,0,0,0,0,0,0,0,0,0,0,0.0,0.0,0.0,1.0,0.0,5.0,48,0,4.698746319512602,0.2721616266365437,4.698746319512602
0,0,0,0,0,202500.0,1190340.0,63549.0,1125000.0,1,7,4,1,1,0.00496,-4833.0,-774,1,1,0,1,0,0,14,2.0,2,2,2,14,0,0,0,0,1,1,28,0.5927810061818202,0.8245949709919925,0.0,0.0,0.0,0.0,-1065.0,0,1,0,0,0,0,0,0,0,0,0,0,0,0,0,0,0,0,0,0,0.0,0.0,0.0,0.0,0.0,3.0,47,3,5.878193194107683,0.3138206724905062,5.878193194107683
0,0,0,1,0,85500.0,119925.0,12852.0,112500.0,6,7,4,1,1,0.01885,-2595.0,-3976,1,1,1,1,1,0,14,2.0,2,2,4,17,0,0,0,0,0,0,42,0.6420885333667294,0.6279908192952864,0.0,0.0,0.0,0.0,-2410.0,0,1,0,0,0,0,0,0,0,0,0,0,0,0,0,0,0,0,0,0,0.0,0.0,0.0,0.0,1.0,2.0,39,1,1.4026151740915311,0.1503140314148372,1.4026151740915311
0,0,0,1,0,135000.0,728460.0,57685.5,675000.0,6,4,4,1,1,0.015221,-6928.0,-1980,1,1,1,1,0,0,3,2.0,2,2,5,8,0,0,0,0,0,0,39,0.0676584068159574,0.1895952597360396,8.0,0.0,8.0,0.0,-1244.0,0,1,0,0,0,0,0,0,0,0,0,0,0,0,0,0,0,0,0,0,0.0,0.0,0.0,0.0,1.0,2.0,42,23,5.395960029925704,0.4272968348382605,5.395960029925704
0,0,0,1,1,135000.0,545040.0,26640.0,450000.0,6,1,4,0,1,0.022625,-4347.0,-4214,1,1,0,1,0,0,18,3.0,2,2,4,10,0,0,0,0,1,1,5,0.7466643120173493,0.5478104658520093,8.0,2.0,8.0,1.0,-2447.0,0,1,0,0,0,0,0,0,0,0,0,0,0,0,0,0,0,0,0,0,0.0,0.0,0.0,2.0,0.0,3.0,42,7,4.037303427382019,0.1973318716157658,4.037303427382019
0,0,0,1,0,72000.0,555273.0,17910.0,463500.0,1,7,4,1,1,0.015221,-9233.0,-3453,1,1,0,1,0,0,8,2.0,2,2,0,13,0,0,0,0,0,0,30,0.4873268675786014,0.7194907850918436,3.0,0.0,3.0,0.0,0.0,0,1,0,0,0,0,0,0,0,0,0,0,0,0,0,0,0,0,0,0,0.0,0.0,0.0,2.0,1.0,0.0,54,23,7.712017888640435,0.2487465451868724,7.712017888640435
0,1,1,1,0,211500.0,143910.0,14148.0,135000.0,6,4,1,1,1,0.0105,-6681.0,-2208,1,1,1,1,1,0,3,2.0,3,3,4,9,0,0,0,0,0,0,39,0.6667000403244485,0.5919766183185521,0.0,0.0,0.0,0.0,-2897.0,0,1,0,0,0,0,0,0,0,0,0,0,0,0,0,0,0,0,0,0,0.0,0.0,0.0,0.0,0.0,0.0,51,27,0.6804223147881098,0.0668933007408948,0.6804223147881098
0,0,0,1,0,112500.0,787131.0,26145.0,679500.0,6,3,4,1,1,0.0196889999999999,-145.0,-3551,1,0,0,1,1,0,18,2.0,2,2,6,8,0,0,0,0,0,0,57,0.1707007858577975,0.4048783643353997,2.0,0.0,2.0,0.0,0.0,0,0,0,0,1,0,0,0,0,0,0,0,0,0,0,0,0,0,0,0,0.0,0.0,0.0,0.0,3.0,6.0,56,0,6.996657807486156,0.2323979342405845,6.996657807486156
0,0,0,1,0,108000.0,1339884.0,39172.5,1170000.0,6,4,1,1,1,0.032561,-7048.0,-4393,1,1,0,1,0,0,3,2.0,1,1,1,10,0,0,0,0,0,0,39,0.7579661136130497,0.5902333386185574,3.0,0.0,3.0,0.0,-2624.0,0,1,0,0,0,0,0,0,0,0,0,0,0,0,0,0,0,0,0,0,0.0,0.0,0.0,0.0,0.0,0.0,60,18,12.406218460940176,0.3627049749539356,12.406218460940176
0,1,0,1,1,112500.0,517500.0,26550.0,517500.0,6,7,4,3,1,0.035792,-2505.0,-3326,1,1,0,1,0,0,4,2.0,2,2,4,11,0,0,0,0,0,0,11,0.5778623264925185,0.8016009030071296,1.0,0.0,1.0,0.0,-2470.0,0,0,0,0,0,0,1,0,0,0,0,0,0,0,0,0,0,0,0,0,0.0,0.0,0.0,0.0,0.0,4.0,29,8,4.599959111474565,0.2359979022408689,4.599959111474565
0,0,0,0,1,126000.0,770292.0,32764.5,688500.0,6,4,4,1,1,0.00496,-10601.0,-1006,1,1,0,1,0,0,18,3.0,2,2,5,14,0,0,0,0,0,0,33,0.6041676528505224,0.7958031328748403,0.0,0.0,0.0,0.0,-1078.0,0,1,0,0,0,0,0,0,0,0,0,0,0,0,0,0,0,0,0,0,0.0,0.0,0.0,0.0,0.0,2.0,47,28,6.113380052539266,0.2600336505265831,6.113380052539266
0,0,0,0,1,144000.0,521280.0,28408.5,450000.0,6,1,4,2,1,0.019101,-7328.0,-4493,1,1,0,1,0,0,18,2.0,2,2,4,11,0,0,0,0,0,0,42,0.5744607287321212,0.6397075677637197,0.0,0.0,0.0,0.0,-2549.0,0,1,0,0,0,0,0,0,0,0,0,0,0,0,0,0,0,0,0,0,0.0,0.0,0.0,0.0,1.0,4.0,45,10,3.6199748612856855,0.1972798800008333,3.6199748612856855
0,0,0,1,0,126000.0,270000.0,19332.0,270000.0,6,3,4,1,1,0.008625,-10765.0,-403,1,0,0,1,1,0,18,2.0,2,2,1,11,0,0,0,0,0,0,57,0.2786150879729077,0.4418358231994413,1.0,0.0,1.0,0.0,-380.0,0,0,0,0,1,0,0,0,0,0,0,0,0,0,0,0,0,0,0,0,0.0,0.0,0.0,0.0,0.0,2.0,46,0,2.1428401361893954,0.1534273537511607,2.1428401361893954
0,0,0,1,0,157500.0,652500.0,21177.0,652500.0,6,3,4,5,1,0.016612,-10301.0,-4285,1,0,0,1,0,0,18,1.0,2,2,5,12,0,0,0,0,0,0,57,0.3598772127827427,0.5352762504724826,5.0,0.0,5.0,0.0,-1744.0,0,0,0,0,1,0,0,0,0,0,0,0,0,0,0,0,0,0,0,0,0.0,0.0,0.0,0.0,0.0,1.0,65,0,4.142830839169275,0.134456289166418,4.142830839169275
0,0,0,1,0,134100.0,263686.5,14854.5,238500.0,6,3,4,5,1,0.018029,-8269.0,-2745,1,0,0,1,0,0,18,1.0,3,2,0,9,0,0,0,0,0,0,57,0.5912440160225296,0.5352762504724826,2.0,0.0,2.0,0.0,-605.0,0,0,0,0,1,0,0,0,0,0,0,0,0,0,0,0,0,0,0,0,0.0,0.0,0.0,0.0,0.0,1.0,53,0,1.9663276187351324,0.1107709860478296,1.9663276187351324
0,0,1,1,0,405000.0,733176.0,23782.5,612000.0,6,3,4,2,1,0.035792,-4552.0,-4095,1,0,0,1,0,0,18,1.0,2,2,6,10,0,0,0,0,0,0,57,0.7486734421822231,0.3740208032583212,1.0,0.0,1.0,0.0,-927.0,0,0,0,0,1,0,0,0,0,0,0,0,0,0,0,0,0,0,0,0,0.0,0.0,1.0,0.0,0.0,4.0,60,0,1.8103066412181696,0.0587220772294389,1.8103066412181696
0,0,0,1,0,135000.0,473760.0,45445.5,450000.0,6,7,4,1,1,0.02461,-13138.0,-4678,1,1,0,1,1,0,18,2.0,2,2,0,15,0,0,0,0,0,0,39,0.7738863110317513,0.6769925032909132,0.0,0.0,0.0,0.0,-3.0,0,1,0,0,0,0,0,0,0,0,0,0,0,0,0,0,0,0,0,0,0.0,0.0,0.0,0.0,0.0,0.0,58,1,3.5093073384641595,0.3366308397715572,3.5093073384641595
0,0,0,1,0,103500.0,265500.0,28593.0,265500.0,5,7,4,1,1,0.015221,-1551.0,-2936,1,1,0,1,0,0,3,2.0,2,2,2,10,0,0,0,0,0,0,28,0.4923597582253961,0.511891801533151,0.0,0.0,0.0,0.0,-1164.0,0,1,0,0,0,0,0,0,0,0,0,0,0,0,0,0,0,0,0,0,0.0,0.0,0.0,1.0,0.0,4.0,28,3,2.5651926068347164,0.2762582004038608,2.5651926068347164
0,1,0,1,0,67500.0,45000.0,4725.0,45000.0,6,3,4,3,1,0.04622,-13356.0,-4448,1,0,0,1,0,0,18,1.0,1,1,4,12,0,0,0,0,0,0,57,0.7628543224960314,0.5352762504724826,0.0,0.0,0.0,0.0,-2644.0,0,0,0,0,1,0,0,0,0,0,0,0,0,0,0,0,0,0,0,0,0.0,0.0,0.0,0.0,0.0,1.0,57,0,0.6666567902697738,0.0699989629783262,0.6666567902697738
0,0,0,1,1,180000.0,263686.5,27819.0,238500.0,6,7,4,1,1,0.022625,-3172.0,-3953,1,1,0,1,0,0,8,3.0,2,2,2,14,0,0,0,0,0,0,55,0.7009203360844978,0.6023863442690867,0.0,0.0,0.0,0.0,-195.0,0,1,0,0,0,0,0,0,0,0,0,0,0,0,0,0,0,0,0,0,0.0,0.0,0.0,0.0,1.0,0.0,41,9,1.4649168615729913,0.1545491413936589,1.4649168615729913
0,1,1,1,0,360000.0,2156400.0,59431.5,1800000.0,5,4,1,1,1,0.035792,-3825.0,-3889,1,1,1,1,1,0,10,2.0,2,2,1,16,0,0,0,0,0,0,30,0.6129604316576116,0.5937175866150576,3.0,0.0,3.0,0.0,-1459.0,0,0,0,0,0,0,1,0,0,0,0,0,0,0,0,0,0,0,0,0,0.0,0.0,0.0,0.0,0.0,2.0,30,6,5.98998336115733,0.1650870414248849,5.98998336115733
0,1,1,1,1,171000.0,269550.0,19300.5,225000.0,6,7,1,1,1,0.00823,-6273.0,-1298,1,1,0,1,0,0,3,3.0,2,2,2,17,0,0,0,0,0,0,41,0.5139770931230321,0.4866531565147181,0.0,0.0,0.0,0.0,-766.0,0,1,0,0,0,0,0,0,0,0,0,0,0,0,0,0,0,0,0,0,0.0,0.0,0.0,0.0,0.0,1.0,25,2,1.5763065713066005,0.1128677610072455,1.5763065713066005
0,0,0,0,0,135000.0,355500.0,22846.5,355500.0,1,3,4,5,1,0.0145199999999999,-1243.0,-4965,1,0,0,1,0,0,18,1.0,2,2,2,10,0,0,0,0,0,0,57,0.3465497929287625,0.5531646987710016,1.0,0.0,1.0,0.0,-2.0,0,0,0,0,1,0,0,0,0,0,0,0,0,0,0,0,0,0,0,0,0.0,0.0,0.0,0.0,0.0,6.0,65,0,2.633313827304983,0.1692320797623721,2.633313827304983
0,0,1,1,1,135000.0,472500.0,48546.0,472500.0,6,1,4,2,1,0.032561,-1323.0,-2016,1,1,0,1,0,1,2,2.0,1,1,6,14,0,0,0,0,0,0,5,0.3746684276263276,0.4489622731076524,0.0,0.0,0.0,0.0,0.0,0,1,0,0,0,0,0,0,0,0,0,0,0,0,0,0,0,0,0,0,0.0,0.0,0.0,0.0,2.0,1.0,35,9,3.4999740742661167,0.3595973363160273,3.4999740742661167
1,0,0,0,0,202500.0,270000.0,13500.0,270000.0,6,7,4,1,1,0.003813,-8815.0,-4298,1,1,0,1,1,0,10,2.0,2,2,6,7,0,0,0,0,0,0,28,0.5336597752305375,0.445396241560834,1.0,0.0,1.0,0.0,-2504.0,0,0,0,0,0,0,0,0,0,0,0,0,0,0,0,0,0,0,0,0,0.0,0.0,0.0,0.0,0.0,7.0,59,12,1.3333267490037086,0.0666663374501854,1.3333267490037086
0,0,1,1,0,112500.0,414792.0,22630.5,315000.0,6,7,1,0,1,0.016612,-8993.0,-1958,1,1,0,1,1,0,0,2.0,2,2,4,11,0,0,0,0,1,1,5,0.4263610445698053,0.4974688893052743,1.0,0.0,1.0,0.0,-285.0,0,1,0,0,0,0,0,0,0,0,0,0,0,0,0,0,0,0,0,0,0.0,0.0,0.0,0.0,2.0,4.0,25,7,3.68700722660243,0.2011582119270051,3.68700722660243
0,0,0,0,0,112500.0,760225.5,30150.0,679500.0,6,7,4,1,1,0.030755,-1923.0,-1923,1,1,0,1,0,0,3,2.0,2,2,5,9,0,0,0,1,1,0,28,0.5880322768436382,0.4311917977993083,1.0,0.0,1.0,0.0,-1339.0,0,1,0,0,0,0,0,0,0,0,0,0,0,0,0,0,0,0,0,0,0.0,0.0,0.0,2.0,0.0,4.0,31,3,6.757499933333926,0.2679976177989529,6.757499933333926
0,0,0,0,0,157500.0,450000.0,21888.0,450000.0,6,7,4,1,1,0.025164,-2230.0,-2819,1,1,0,1,1,0,11,2.0,2,2,5,8,0,0,0,0,0,0,30,0.3332401408452477,0.1940678276718812,1.0,0.0,1.0,0.0,-568.0,0,1,0,0,0,0,0,0,0,0,0,0,0,0,0,0,0,0,0,0,0.0,0.0,0.0,0.0,0.0,2.0,40,20,2.8571247166684657,0.1389705462187541,2.8571247166684657
1,0,0,1,1,175500.0,270000.0,13500.0,270000.0,6,7,4,0,1,0.018634,-5965.0,-4800,1,1,0,1,0,0,18,3.0,2,2,5,11,0,0,0,0,1,1,33,0.3883772721312289,0.1229554179088549,1.0,0.0,1.0,0.0,0.0,0,0,0,0,0,0,0,0,0,0,0,0,0,0,0,0,0,0,0,0,0.0,0.0,0.0,0.0,4.0,0.0,36,17,1.5384527723488757,0.0769226386174437,1.5384527723488757
0,0,1,1,2,369000.0,781920.0,42417.0,675000.0,6,7,1,1,1,0.0145199999999999,-1586.0,-2066,1,1,1,1,0,0,10,4.0,2,2,6,7,0,0,0,1,1,0,33,0.6320731198007741,0.3490552510751822,0.0,0.0,0.0,0.0,-790.0,0,0,0,0,0,0,1,0,0,0,0,0,0,0,0,0,0,0,0,0,0.0,0.0,0.0,1.0,0.0,1.0,43,2,2.1190186476459414,0.1149509079921192,2.1190186476459414
0,1,1,1,1,292500.0,900000.0,46084.5,900000.0,6,7,1,1,1,0.0096569999999999,-399.0,-3916,1,1,0,1,1,0,18,3.0,2,2,1,13,0,0,0,0,0,0,5,0.6543147560766495,0.4014074137749511,0.0,0.0,0.0,0.0,-1460.0,0,1,0,0,0,0,0,0,0,0,0,0,0,0,0,0,0,0,0,0,0.0,0.0,0.0,0.0,0.0,2.0,36,10,3.076912557563906,0.1575533075100598,3.076912557563906
0,0,0,1,0,117000.0,533668.5,22738.5,477000.0,6,3,4,5,1,0.010966,-10046.0,-3508,1,0,0,1,0,0,18,1.0,2,2,5,17,0,0,0,0,0,0,57,0.5398093801106358,0.6594055320683344,0.0,0.0,0.0,0.0,0.0,0,1,0,0,0,0,0,0,0,0,0,0,0,0,0,0,0,0,0,0,0.0,0.0,0.0,0.0,0.0,1.0,55,0,4.561230245895334,0.1943444927821129,4.561230245895334
0,0,0,0,1,112500.0,675000.0,21906.0,675000.0,6,1,1,1,1,0.015221,-373.0,-382,1,1,0,1,0,0,18,3.0,2,2,2,14,0,0,0,1,1,0,4,0.4449231679864405,0.5352762504724826,0.0,0.0,0.0,0.0,-1557.0,0,1,0,0,0,0,0,0,0,0,0,0,0,0,0,0,0,0,0,0,0.0,0.0,0.0,0.0,0.0,1.0,33,4,5.999946667140737,0.1947182691709407,5.999946667140737
0,0,1,1,1,270000.0,1256400.0,36864.0,900000.0,6,4,1,3,1,0.072508,-690.0,-2741,1,1,0,1,0,0,0,2.0,1,1,1,13,0,1,1,0,0,0,35,0.5590571442830816,0.5971924268337128,0.0,0.0,0.0,0.0,-445.0,0,0,0,0,0,0,1,0,0,0,0,0,0,0,0,0,0,0,0,0,0.0,0.0,0.0,0.0,0.0,0.0,36,1,4.653316098829263,0.1365328276561938,4.653316098829263
1,0,0,1,0,90000.0,180000.0,9000.0,180000.0,6,1,4,0,1,0.025164,-7925.0,-599,1,1,1,1,1,0,12,2.0,2,2,0,13,0,0,0,0,0,0,43,0.2861836852056012,0.5352762504724826,2.0,0.0,2.0,0.0,-270.0,0,0,0,0,0,0,0,0,0,0,0,0,0,0,0,0,0,0,0,0,0.0,0.0,0.0,0.0,0.0,1.0,21,2,1.9999777780246888,0.0999988889012344,1.9999777780246888
0,0,0,1,0,85050.0,107820.0,7362.0,90000.0,1,3,3,1,1,0.00712,-78.0,-1393,1,0,0,1,0,0,18,2.0,2,2,6,16,0,0,0,0,0,0,57,0.6667048995261936,0.5989262182569273,10.0,0.0,9.0,0.0,-40.0,0,0,0,0,1,0,0,0,0,0,0,0,0,0,0,0,0,0,0,0,0.0,0.0,0.0,0.0,2.0,0.0,59,0,1.2677099622579393,0.0865598288085972,1.2677099622579393
0,0,0,1,0,135000.0,167895.0,20052.0,157500.0,6,7,4,1,1,0.010006,-10188.0,-1087,1,1,1,1,0,0,10,2.0,2,2,4,13,0,0,0,0,0,0,43,0.2464849985914457,0.5352762504724826,2.0,0.0,2.0,0.0,-446.0,0,1,0,0,0,0,0,0,0,0,0,0,0,0,0,0,0,0,0,0,0.0,0.0,0.0,0.0,0.0,1.0,48,2,1.2436574543892267,0.1485322330945696,1.2436574543892267
0,0,1,1,0,360000.0,1584000.0,61155.0,1584000.0,6,7,4,1,1,0.010006,-2780.0,-1144,1,1,0,1,0,0,0,2.0,2,1,4,12,0,0,0,0,0,0,13,0.6237249820133042,0.5352762504724826,9.0,0.0,9.0,0.0,-1438.0,0,0,0,0,0,0,1,0,0,0,0,0,0,0,0,0,0,0,0,0,0.0,0.0,0.0,0.0,0.0,1.0,48,8,4.399987777811728,0.1698745281263107,4.399987777811728
0,0,1,1,0,225000.0,1075932.0,40000.5,922500.0,5,7,4,0,1,0.016612,-8792.0,-2166,1,1,0,1,0,0,8,2.0,2,2,0,12,0,0,0,0,0,0,20,0.7709224426123277,0.4956658291397297,0.0,0.0,0.0,0.0,-962.0,0,0,0,0,0,0,1,0,0,0,0,0,0,0,0,0,0,0,0,0,0.0,0.0,0.0,0.0,1.0,1.0,51,28,4.78189874711668,0.1777792098701783,4.78189874711668
0,0,0,0,0,112500.0,239850.0,23494.5,225000.0,1,3,4,1,1,0.006852,-15436.0,-4256,1,0,0,1,0,0,18,2.0,3,3,0,6,0,0,0,0,0,0,57,0.2766984822512689,0.7662336700704004,0.0,0.0,0.0,0.0,0.0,0,0,0,1,0,0,0,0,0,0,0,0,0,0,0,0,0,0,0,0,0.0,0.0,0.0,0.0,0.0,2.0,67,0,2.131981049057342,0.2088381436609452,2.131981049057342
0,0,1,0,0,270000.0,1057266.0,44793.0,945000.0,6,3,1,5,1,0.015221,-2905.0,-4458,1,0,0,1,1,0,18,1.0,2,2,1,14,0,0,0,0,0,0,57,0.4816359116001449,0.2512394458905693,0.0,0.0,0.0,0.0,-1782.0,0,0,0,0,1,0,0,0,0,0,0,0,0,0,0,0,0,0,0,0,0.0,0.0,0.0,0.0,1.0,1.0,63,0,3.9157854970907513,0.1658993855578312,3.9157854970907513
0,0,1,1,0,202500.0,1170000.0,36868.5,1170000.0,1,3,1,1,1,0.020713,-8624.0,-4170,1,0,0,1,1,0,18,2.0,3,1,4,7,0,0,0,0,0,0,57,0.1963353127017092,0.5352762504724826,0.0,0.0,0.0,0.0,0.0,0,1,0,0,0,0,0,0,0,0,0,0,0,0,0,0,0,0,0,0,0.0,0.0,0.0,0.0,0.0,1.0,57,0,5.777749245682737,0.1820657675764564,5.777749245682737
0,0,0,0,0,112500.0,640080.0,31261.5,450000.0,6,1,4,1,1,0.006629,-2134.0,-409,1,1,0,1,0,0,14,2.0,2,2,4,10,0,0,0,1,1,0,51,0.3653051427350428,0.5352762504724826,3.0,0.0,3.0,0.0,-477.0,0,1,0,0,0,0,0,0,0,0,0,0,0,0,0,0,0,0,0,0,0.0,0.0,0.0,0.0,0.0,1.0,23,2,5.689549426227322,0.2778775299775113,5.689549426227322
0,0,0,0,0,135000.0,640080.0,24259.5,450000.0,6,1,4,3,2,0.032561,-9610.0,-2405,1,1,0,1,0,0,14,1.0,1,1,3,13,0,0,0,0,0,0,5,0.6370426077328033,0.5352762504724826,0.0,0.0,0.0,0.0,-1543.0,0,1,0,0,0,0,0,0,0,0,0,0,0,0,0,0,0,0,0,0,0.0,0.0,0.0,0.0,0.0,1.0,43,1,4.741298212605833,0.1796986688987489,4.741298212605833
0,0,0,1,1,63000.0,663093.0,21519.0,553500.0,6,1,4,0,1,0.018209,-6476.0,-4210,1,1,0,1,0,0,14,3.0,3,3,0,13,0,0,0,0,0,0,5,0.4316802172476199,0.7352209993926424,0.0,0.0,0.0,0.0,-1138.0,0,1,0,0,0,0,0,0,0,0,0,0,0,0,0,0,0,0,0,0,0.0,0.0,0.0,0.0,0.0,0.0,34,4,10.525118648910334,0.3415660068887795,10.525118648910334
0,0,1,0,2,189000.0,2517300.0,69354.0,2250000.0,6,7,1,1,1,0.019101,-2890.0,-2890,1,1,0,1,0,0,14,4.0,2,2,1,12,0,0,0,0,0,0,5,0.7897160920938024,0.7700870700124128,8.0,0.0,8.0,0.0,-1.0,0,1,0,0,0,0,0,0,0,0,0,0,0,0,0,0,0,0,0,0,0.0,0.0,0.0,0.0,0.0,0.0,38,15,13.318977148269056,0.3669504394156644,13.318977148269056
0,0,0,1,0,135000.0,299772.0,16866.0,247500.0,6,3,4,5,1,0.018029,-9813.0,-4170,1,0,0,1,0,0,18,1.0,3,3,1,6,0,0,0,0,0,0,57,0.1604053214783667,0.7476633896301825,6.0,2.0,6.0,1.0,-2132.0,0,1,0,0,0,0,0,0,0,0,0,0,0,0,0,0,0,0,0,0,0.0,0.0,0.0,0.0,1.0,1.0,62,0,2.2205168850601105,0.1249324079080895,2.2205168850601105
0,0,0,1,0,180000.0,792162.0,38241.0,630000.0,6,7,4,1,1,0.002506,-11816.0,-1263,1,1,0,1,0,0,18,2.0,2,2,5,2,0,0,0,0,0,0,30,0.734089751251357,0.2650494299443805,3.0,0.0,3.0,0.0,-332.0,0,1,0,0,0,0,0,0,0,0,0,0,0,0,0,0,0,0,0,0,0.0,0.0,0.0,1.0,0.0,1.0,48,12,4.400875550691385,0.2124488197287793,4.400875550691385
0,0,0,0,0,135000.0,1113840.0,44302.5,900000.0,6,7,4,1,1,0.04622,-11435.0,-1046,1,1,1,1,1,0,18,2.0,1,1,4,13,0,0,0,0,1,1,5,0.6617302405753813,0.6545292802242897,0.0,0.0,0.0,0.0,-132.0,0,1,0,0,0,0,0,0,0,0,0,0,0,0,0,0,0,0,0,0,0.0,0.0,0.0,0.0,0.0,0.0,47,2,8.250605551069992,0.3281642358204754,8.250605551069992
0,0,1,1,0,175500.0,675000.0,53460.0,675000.0,6,7,4,1,1,0.020713,-8624.0,-1949,1,1,0,1,0,0,18,2.0,3,3,5,10,0,0,0,0,1,1,3,0.3259922613475016,0.5352762504724826,2.0,0.0,2.0,0.0,-1730.0,0,1,0,0,0,0,0,0,0,0,0,0,0,0,0,0,0,0,0,0,0.0,0.0,0.0,0.0,0.0,7.0,50,23,3.846131930872189,0.3046136489250773,3.846131930872189
0,0,0,1,0,90000.0,472500.0,44991.0,454500.0,6,4,1,1,1,0.00702,-3646.0,-251,1,1,1,1,0,0,3,2.0,2,2,5,9,0,0,0,0,0,0,11,0.6236736591303335,0.7380196196295241,0.0,0.0,0.0,0.0,-195.0,0,1,0,0,0,0,0,0,0,0,0,0,0,0,0,0,0,0,0,0,0.0,0.0,0.0,0.0,0.0,1.0,45,4,5.249941667314808,0.4998944456172709,5.249941667314808
0,1,1,0,0,234000.0,1984500.0,54571.5,1984500.0,6,7,1,0,1,0.010006,-4308.0,-3463,1,1,0,1,0,0,10,2.0,2,1,4,11,0,0,0,0,0,0,11,0.7353555951749945,0.5352762504724826,3.0,0.0,3.0,0.0,-4.0,0,1,0,0,0,0,0,0,0,0,0,0,0,0,0,0,1,0,0,0,0.0,0.0,0.0,0.0,0.0,0.0,34,2,8.480732988320563,0.2332105418352913,8.480732988320563
0,1,0,1,1,135000.0,760225.5,32337.0,679500.0,6,7,4,1,5,0.020713,-4974.0,-1850,1,1,0,1,0,0,10,3.0,3,3,0,5,0,0,0,1,1,0,42,0.0768479732775567,0.4650692149562261,0.0,0.0,0.0,0.0,0.0,0,1,0,0,0,0,0,0,0,0,0,0,0,0,0,0,0,0,0,0,0.0,0.0,0.0,0.0,1.0,0.0,29,1,5.631258286975652,0.2395315590254887,5.631258286975652
0,1,1,1,1,180000.0,625536.0,32517.0,540000.0,6,7,1,1,1,0.009549,-8560.0,-4606,1,1,1,1,1,0,8,3.0,2,2,4,18,0,0,0,0,0,0,5,0.6344498783503687,0.3217352821966848,0.0,0.0,0.0,0.0,0.0,0,0,0,0,0,0,1,0,0,0,0,0,0,0,1,0,0,0,0,0,0.0,0.0,0.0,0.0,0.0,0.0,39,1,3.475180693440592,0.1806489963944644,3.475180693440592
0,0,0,1,0,108000.0,273024.0,17577.0,216000.0,1,3,4,1,1,0.035792,-9496.0,-3945,1,0,0,1,1,0,18,2.0,2,2,6,11,0,0,0,0,0,0,57,0.0194948087142911,0.5814837058057234,5.0,1.0,5.0,1.0,-1254.0,0,0,0,0,1,0,0,0,0,0,0,0,0,0,0,0,0,0,0,0,0.0,0.0,0.0,0.0,0.0,3.0,64,0,2.527976592809326,0.1627484930695086,2.527976592809326
0,0,0,1,0,121500.0,781920.0,25101.0,675000.0,1,3,4,5,1,0.016612,-2414.0,-3862,1,0,0,1,0,0,18,1.0,2,2,6,14,0,0,0,0,0,0,57,0.508474760004394,0.4507472818545589,0.0,0.0,0.0,0.0,0.0,0,0,0,0,1,0,0,0,0,0,0,0,0,0,0,0,0,0,0,0,0.0,0.0,0.0,0.0,0.0,0.0,56,0,6.435502588456062,0.2065908922560308,6.435502588456062
0,0,0,1,0,126000.0,1018899.0,29920.5,850500.0,6,7,4,3,1,0.006629,-6303.0,-58,1,1,1,1,1,0,2,1.0,2,2,0,4,0,0,0,0,0,0,38,0.5229794466523957,0.5352762504724826,0.0,0.0,0.0,0.0,-46.0,0,1,0,0,0,0,0,0,0,0,0,0,0,0,0,0,0,0,0,0,0.0,0.0,0.0,0.0,0.0,1.0,45,0,8.086435821937922,0.2374624010920548,8.086435821937922
0,0,0,1,0,108000.0,327024.0,12456.0,270000.0,6,3,4,5,1,0.0088659999999999,-3923.0,-4708,1,0,0,1,1,0,18,1.0,2,2,0,11,0,0,0,0,0,0,57,0.3950308710133037,0.524496446363472,0.0,0.0,0.0,0.0,-1363.0,0,0,0,0,1,0,0,0,0,0,0,0,0,0,0,0,0,0,0,0,0.0,0.0,0.0,0.0,0.0,7.0,60,0,3.0279719632225626,0.1153322654419866,3.0279719632225626
0,0,0,0,0,112500.0,193572.0,9963.0,171000.0,6,3,4,5,1,0.02461,-8891.0,-3988,1,0,0,1,0,0,18,1.0,2,2,5,11,0,0,0,0,0,0,57,0.6753405593992771,0.3425288720742255,0.0,0.0,0.0,0.0,-2.0,0,0,0,0,1,0,0,0,0,0,0,0,0,0,0,0,0,0,0,0,0.0,0.0,0.0,0.0,0.0,0.0,55,0,1.7206247055581727,0.0885592128069972,1.7206247055581727
0,0,0,1,0,67500.0,544491.0,20133.0,454500.0,6,7,4,2,1,0.022625,-9438.0,-2485,1,1,0,1,0,0,2,1.0,2,2,6,10,0,0,0,0,0,0,13,0.2453495532540649,0.8463780633178121,0.0,0.0,0.0,0.0,0.0,0,1,0,0,0,0,0,0,0,0,0,0,0,0,0,0,0,0,0,0,0.0,0.0,0.0,0.0,0.0,1.0,52,5,8.066413830906209,0.2982622479666968,8.066413830906209
0,0,0,1,0,63000.0,646920.0,18670.5,540000.0,0,3,4,5,1,0.02461,-6968.0,-4374,1,0,0,1,0,0,18,1.0,2,2,1,17,0,0,0,0,0,0,57,0.3680015839322153,0.6848276586890367,1.0,0.0,1.0,0.0,0.0,0,0,0,0,1,0,0,0,0,0,0,0,0,0,0,0,0,0,0,0,0.0,0.0,0.0,0.0,0.0,0.0,60,0,10.268408437961302,0.296352438850177,10.268408437961302
0,0,0,0,1,90000.0,144000.0,11506.5,144000.0,6,1,4,1,1,0.004849,-2482.0,-588,1,1,0,1,0,0,14,3.0,2,2,0,13,0,0,0,0,0,0,42,0.4964757942389188,0.5352762504724826,2.0,0.0,2.0,0.0,-304.0,0,1,0,0,0,0,0,0,0,0,0,0,0,0,0,0,0,0,0,0,0.0,0.0,0.0,0.0,0.0,1.0,25,2,1.5999822224197509,0.1278485794602282,1.5999822224197509
0,0,0,1,0,202500.0,1113840.0,47322.0,900000.0,6,3,1,5,1,0.035792,-1131.0,-4745,1,0,0,1,0,0,18,1.0,2,2,5,13,0,0,0,0,0,0,57,0.2488277805265089,0.7194907850918436,0.0,0.0,0.0,0.0,-1903.0,0,0,0,0,1,0,0,0,0,0,0,0,0,0,0,0,0,0,0,0,0.0,0.0,0.0,0.0,0.0,3.0,64,0,5.500417281889966,0.2336877348753833,5.500417281889966
0,0,0,0,0,144000.0,532494.0,30568.5,454500.0,6,7,4,1,1,0.009175,-4964.0,-865,1,1,1,1,0,0,3,2.0,2,2,3,10,0,0,0,0,1,1,1,0.6484004418288353,0.5352762504724826,1.0,0.0,1.0,0.0,-377.0,0,1,0,0,0,0,0,0,0,0,0,0,0,0,0,0,0,0,0,0,0.0,0.0,0.0,0.0,1.0,2.0,47,27,3.69784932049083,0.21227977583489,3.69784932049083
0,1,0,1,1,202500.0,180000.0,20358.0,180000.0,6,7,4,1,1,0.0116569999999999,-229.0,-2172,1,1,1,1,1,0,18,3.0,1,1,2,14,0,0,0,0,0,0,5,0.7380110046333236,0.4329616670974407,1.0,0.0,1.0,0.0,-748.0,0,1,0,0,0,0,0,0,0,0,0,0,0,0,0,0,0,0,0,0,0.0,0.0,1.0,1.0,0.0,2.0,44,1,0.8888844993358057,0.1005328368748796,0.8888844993358057
0,1,0,1,0,117000.0,199080.0,15858.0,157500.0,1,7,4,1,1,0.008625,-4447.0,-2363,1,1,1,1,0,0,16,2.0,2,2,5,12,0,1,1,0,1,1,5,0.4209469161123929,0.1862929496555374,0.0,0.0,0.0,0.0,-282.0,0,1,0,0,0,0,0,0,0,0,0,0,0,0,0,0,0,0,0,0,0.0,0.0,0.0,0.0,0.0,0.0,26,5,1.7015239185989863,0.1355373030999735,1.7015239185989863
0,1,1,1,0,180000.0,675000.0,46980.0,675000.0,6,1,4,1,1,0.028663,-1464.0,-3512,1,1,0,1,0,0,10,2.0,2,2,6,15,0,0,0,0,0,0,33,0.8020333676236702,0.8357765157975799,4.0,1.0,4.0,0.0,-2331.0,0,0,0,0,0,0,1,0,0,0,0,0,0,0,0,0,0,0,0,0,0.0,0.0,0.0,0.0,0.0,2.0,55,11,3.749979166782407,0.2609985500080555,3.749979166782407
0,0,0,1,0,67500.0,247500.0,9459.0,247500.0,6,3,4,2,1,0.028663,-9159.0,-4341,1,0,0,1,1,0,18,1.0,2,2,2,9,0,0,0,0,0,0,57,0.3329486776629225,0.5352762504724826,1.0,1.0,1.0,1.0,-865.0,0,1,0,0,0,0,0,0,0,0,0,0,0,0,0,0,0,0,0,0,0.0,0.0,0.0,0.0,0.0,1.0,59,0,3.666612346483756,0.1401312573147064,3.666612346483756
0,0,0,0,2,90000.0,948582.0,27864.0,679500.0,6,1,4,1,1,0.014464,-723.0,-653,1,1,0,1,0,0,14,4.0,2,2,4,5,0,0,0,0,0,0,42,0.5980697875939309,0.5352762504724826,2.0,0.0,2.0,0.0,-2271.0,0,1,0,0,0,0,0,0,0,0,0,0,0,0,0,0,0,0,0,0,0.0,0.0,0.0,0.0,0.0,0.0,35,5,10.539682892412308,0.3095965600382218,10.539682892412308
0,0,0,1,0,90000.0,474048.0,28773.0,360000.0,6,7,4,1,1,0.007114,-6094.0,-264,1,1,0,1,1,0,14,2.0,2,2,5,11,0,0,0,0,0,0,5,0.2596016355924837,0.4938628816996244,1.0,0.0,1.0,0.0,-1640.0,0,1,0,0,0,0,0,0,0,0,0,0,0,0,0,0,0,0,0,0,0.0,0.0,0.0,0.0,0.0,2.0,45,11,5.26714147620582,0.3196964478172465,5.26714147620582
1,1,1,0,1,225000.0,270000.0,13500.0,270000.0,6,3,1,1,1,0.018634,-697.0,-249,1,0,0,1,1,0,18,3.0,2,2,5,18,0,0,0,0,0,0,57,0.5007727151978785,0.7530673920730478,5.0,0.0,5.0,0.0,-243.0,0,0,0,0,0,0,0,0,0,0,0,0,0,0,0,0,0,0,0,0,0.0,0.0,0.0,0.0,0.0,0.0,39,0,1.1999946666903702,0.0599997333345185,1.1999946666903702
0,0,1,1,0,87750.0,926365.5,36738.0,828000.0,5,7,4,1,1,0.007305,-7263.0,-4648,1,1,1,1,1,0,14,2.0,3,3,1,7,0,0,0,0,0,0,42,0.5973283861992881,0.7180328113294772,0.0,0.0,0.0,0.0,-1804.0,0,1,0,0,0,0,0,0,0,0,0,0,0,0,0,0,0,0,0,0,0.0,0.0,0.0,0.0,1.0,0.0,41,5,10.55675149001151,0.4186618955909334,10.55675149001151
0,1,0,1,0,180000.0,1288350.0,37800.0,1125000.0,6,3,4,1,1,0.006305,-4169.0,-4720,1,0,0,1,0,0,18,2.0,3,3,1,9,0,0,0,0,0,0,57,0.2448074120471529,0.6956219298394389,3.0,0.0,3.0,0.0,-1083.0,0,1,0,0,0,0,0,0,0,0,0,0,0,0,0,0,0,0,0,0,0.0,0.0,0.0,0.0,0.0,1.0,60,0,7.15746023633202,0.2099988333398147,7.15746023633202
0,0,0,0,0,126000.0,647046.0,17199.0,463500.0,6,1,2,1,1,0.008575,-345.0,-2228,1,1,0,1,0,0,14,2.0,2,2,6,10,0,0,0,0,1,1,42,0.4542574219907799,0.1317701325313814,2.0,0.0,2.0,0.0,-2.0,0,1,0,0,0,0,0,0,0,0,0,0,0,0,0,0,0,0,0,0,0.0,0.0,0.0,0.0,0.0,0.0,26,2,5.135244958373346,0.1364989166752644,5.135244958373346
1,0,0,1,1,157500.0,405000.0,20250.0,405000.0,0,7,1,2,1,0.028663,-3758.0,-3757,1,1,0,1,0,0,6,2.0,2,2,6,12,0,1,1,0,1,1,4,0.6057145697736246,0.5352762504724826,0.0,0.0,0.0,0.0,0.0,0,0,0,0,0,0,0,0,0,0,0,0,0,0,0,0,0,0,0,0,0.0,0.0,0.0,0.0,0.0,1.0,39,0,2.571412245001619,0.1285706122500809,2.571412245001619
0,1,1,1,0,270000.0,755190.0,36459.0,675000.0,6,7,4,0,1,0.010006,-292.0,-1214,1,1,1,1,1,0,4,2.0,2,2,1,15,0,0,0,0,0,0,5,0.6856476244229417,0.1604889306273446,0.0,0.0,0.0,0.0,-203.0,0,0,0,0,0,0,1,0,0,0,0,0,0,0,0,0,0,0,0,0,0.0,0.0,0.0,0.0,0.0,0.0,48,7,2.7969896407791084,0.1350328332117288,2.7969896407791084
0,0,0,1,0,171000.0,314100.0,19111.5,225000.0,6,7,4,0,1,0.006207,-7442.0,-4205,1,1,1,1,0,0,14,2.0,2,2,4,13,0,0,0,0,0,0,5,0.6077599288079951,0.2392262794694045,0.0,0.0,0.0,0.0,-8.0,0,1,0,0,0,0,0,0,0,0,0,0,0,0,0,0,0,0,0,0,0.0,0.0,0.0,0.0,0.0,3.0,41,14,1.8368313635592772,0.1117625043128402,1.8368313635592772
1,1,0,1,0,67500.0,202500.0,10125.0,202500.0,6,3,4,2,1,0.01885,-8949.0,-3713,1,0,0,1,0,0,18,1.0,2,2,1,12,0,0,0,0,0,0,57,0.6898786304194569,0.5352762504724826,0.0,0.0,0.0,0.0,-701.0,0,0,0,0,0,0,0,0,0,0,0,0,0,0,0,0,0,0,0,0,0.0,0.0,0.0,0.0,0.0,1.0,61,0,2.999955556213982,0.1499977778106991,2.999955556213982
0,0,0,1,0,202500.0,2085120.0,63351.0,1800000.0,6,3,1,1,1,0.006233,-2770.0,-2870,1,0,0,1,0,0,18,2.0,2,2,6,11,0,0,0,0,0,0,57,0.6254631784690547,0.7352209993926424,3.0,0.0,3.0,0.0,-349.0,0,0,0,0,1,0,0,0,0,0,0,0,0,0,0,0,1,0,0,0,0.0,0.0,0.0,0.0,1.0,4.0,52,0,10.296838040305971,0.3128428995412368,10.296838040305971
0,0,0,0,1,225000.0,607050.0,48091.5,562500.0,6,7,2,3,2,0.04622,-9205.0,-3900,1,1,0,1,0,1,10,2.0,1,1,2,19,0,0,0,0,0,0,20,0.7018272022138025,0.5370699579791587,0.0,0.0,0.0,0.0,-2534.0,0,0,0,0,1,0,0,0,0,0,0,0,0,0,0,0,0,0,0,0,0.0,0.0,0.0,0.0,0.0,4.0,41,22,2.6979880089421826,0.2137390500486664,2.6979880089421826
0,0,0,0,0,99000.0,1056447.0,31018.5,922500.0,5,1,4,1,1,0.025164,-2281.0,-3068,1,1,0,1,0,0,14,2.0,2,2,4,10,0,0,0,0,0,0,42,0.3084428519661686,0.7583930617144343,2.0,0.0,2.0,0.0,0.0,0,1,0,0,0,0,0,0,0,0,0,0,0,0,0,0,0,0,0,0,0.0,0.0,0.0,0.0,0.0,4.0,28,5,10.671074029555257,0.3133150170200301,10.671074029555257
1,0,0,1,1,135000.0,270000.0,13500.0,270000.0,6,1,4,1,1,0.018209,-1499.0,-2763,1,1,0,1,1,0,6,3.0,3,3,5,14,0,0,0,0,0,0,24,0.6027129037882599,0.6817058776720116,2.0,0.0,2.0,0.0,-591.0,0,0,0,0,0,0,0,0,0,0,0,0,0,0,0,0,0,0,0,0,0.0,0.0,0.0,0.0,0.0,1.0,33,5,1.999985185294924,0.0999992592647461,1.999985185294924
0,0,1,0,0,360000.0,697500.0,20394.0,697500.0,6,7,1,0,1,0.008019,-569.0,-680,1,1,1,1,1,0,10,2.0,2,2,5,17,0,0,0,0,0,0,5,0.6321595682494963,0.4866531565147181,1.0,0.0,1.0,0.0,-725.0,0,0,0,0,0,0,1,0,0,0,0,0,0,0,0,0,0,0,0,0,0.0,0.0,0.0,0.0,0.0,2.0,50,8,1.9374946180705053,0.056649842639326,1.9374946180705053
0,0,0,1,0,112500.0,76410.0,7686.0,67500.0,6,3,4,5,1,0.04622,-4663.0,-3850,1,0,0,1,0,0,18,1.0,1,1,0,15,0,0,0,0,0,0,57,0.2499329940365324,0.2176285202779586,0.0,0.0,0.0,0.0,-681.0,0,0,0,0,1,0,0,0,0,0,0,0,0,0,0,0,0,0,0,0,0.0,0.0,0.0,0.0,2.0,9.0,61,0,0.6791939627203314,0.0683193927165091,0.6791939627203314
0,0,0,1,0,135000.0,269550.0,18234.0,225000.0,6,7,4,1,1,0.035792,-4955.0,-4057,1,1,1,1,0,0,8,2.0,2,2,1,14,0,0,0,0,0,0,5,0.215072032545397,0.5567274263630174,2.0,1.0,2.0,0.0,-1610.0,0,1,0,0,0,0,0,0,0,0,0,0,0,0,0,0,0,0,0,0,0.0,0.0,0.0,3.0,0.0,6.0,34,1,1.9966518766527652,0.1350656661802505,1.9966518766527652
0,0,0,0,0,99000.0,407520.0,29655.0,360000.0,6,1,4,1,1,0.035792,-5400.0,-1426,1,1,0,1,0,0,10,2.0,2,2,2,10,0,0,0,1,1,0,51,0.668747466793132,0.0691742267133691,3.0,1.0,3.0,0.0,-236.0,0,1,0,0,0,0,0,0,0,0,0,0,0,0,0,0,0,0,0,0,0.0,0.0,0.0,0.0,0.0,2.0,31,1,4.116322057352956,0.2995424288643549,4.116322057352956
1,0,0,1,0,90000.0,202500.0,10125.0,202500.0,1,7,4,1,1,0.010147,-2748.0,-359,1,1,1,1,1,0,6,2.0,2,2,3,10,0,1,1,0,1,1,26,0.0375097508105546,0.5352762504724826,0.0,0.0,0.0,0.0,-652.0,0,0,0,0,0,0,0,0,0,0,0,0,0,0,0,0,0,0,0,0,0.0,0.0,0.0,0.0,0.0,1.0,21,1,2.2499750002777748,0.1124987500138887,2.2499750002777748
1,1,0,0,1,135000.0,180000.0,9000.0,180000.0,6,1,4,1,3,0.00702,-7231.0,-3172,1,1,0,1,0,0,8,3.0,2,2,0,14,0,0,0,0,1,1,33,0.3629305395251911,0.6528965519806539,3.0,0.0,3.0,0.0,-19.0,0,0,0,0,0,0,0,0,0,0,0,0,0,0,0,0,0,0,0,0,0.0,0.0,0.0,1.0,1.0,2.0,28,2,1.3333234568632826,0.0666661728431641,1.3333234568632826
0,0,0,0,2,78750.0,545040.0,25537.5,450000.0,6,1,1,1,1,0.002134,-267.0,-3096,1,1,0,1,0,0,0,4.0,3,3,4,6,0,0,0,0,0,0,11,0.6883232363821603,0.3996756156233169,2.0,0.0,2.0,0.0,-460.0,0,1,0,0,0,0,0,0,0,0,0,0,0,0,0,0,0,0,0,0,0.0,0.0,0.0,0.0,0.0,0.0,29,1,6.92105497073053,0.3242815964241723,6.92105497073053
1,0,1,0,0,103500.0,180000.0,9000.0,180000.0,1,1,4,3,1,0.007305,-6250.0,-4151,1,1,0,1,0,0,14,1.0,3,3,1,9,0,0,0,0,0,0,5,0.2746114057488006,0.8245949709919925,0.0,0.0,0.0,0.0,-68.0,0,0,0,0,0,0,0,0,0,0,0,0,0,0,0,0,0,0,0,0,0.0,0.0,0.0,0.0,0.0,2.0,33,1,1.73911363175235,0.0869556815876175,1.73911363175235
0,0,0,0,0,157500.0,216144.0,13941.0,171000.0,6,7,4,1,1,0.030755,-7030.0,-1383,1,1,0,1,0,0,0,2.0,2,2,1,10,0,0,0,0,0,0,5,0.6013297322670057,0.3944954053123993,0.0,0.0,0.0,0.0,-1362.0,0,1,0,0,0,0,0,0,0,0,0,0,0,0,0,0,0,0,0,0,0.0,0.0,0.0,0.0,0.0,5.0,48,6,1.3723341439101977,0.088513723722389,1.3723341439101977
0,0,0,1,0,135000.0,545040.0,26640.0,450000.0,6,1,2,3,1,0.035792,-4926.0,-4926,1,1,0,1,0,0,3,1.0,2,2,6,12,0,0,0,0,0,0,51,0.7490970124250248,0.5352762504724826,1.0,1.0,1.0,1.0,-3221.0,0,1,0,0,0,0,0,0,0,0,0,0,0,0,0,0,0,0,0,0,0.0,0.0,0.0,0.0,0.0,1.0,38,1,4.037303427382019,0.1973318716157658,4.037303427382019
0,0,0,0,0,90000.0,450000.0,19066.5,450000.0,6,7,4,2,1,0.026392,-7254.0,-4351,1,1,1,1,1,0,14,1.0,2,2,5,9,0,0,0,0,0,0,42,0.6536863245992444,0.6925590674998008,3.0,0.0,3.0,0.0,-2114.0,0,1,0,0,0,0,0,0,0,0,0,0,0,0,0,0,0,0,0,0,0.0,0.0,0.0,1.0,0.0,3.0,37,3,4.999944445061722,0.2118476461372651,4.999944445061722
0,1,1,1,1,225000.0,1046142.0,30717.0,913500.0,6,7,4,1,1,0.022625,-2288.0,-3404,1,1,0,1,0,0,4,3.0,2,2,4,13,0,0,0,0,0,0,42,0.5597955289917338,0.4031416766587513,3.0,0.0,3.0,0.0,-980.0,0,1,0,0,0,0,0,0,0,0,0,0,0,0,0,0,0,0,0,0,0.0,0.0,0.0,0.0,0.0,2.0,35,0,4.649499335558509,0.1365193932471411,4.649499335558509
0,0,0,1,0,90000.0,273636.0,26784.0,247500.0,6,3,4,3,1,0.035792,-3400.0,-4076,1,0,0,1,0,0,18,1.0,2,2,3,11,0,0,0,0,0,0,57,0.3652088151156295,0.5190973382084597,0.0,0.0,0.0,0.0,-294.0,0,0,0,0,1,0,0,0,0,0,0,0,0,0,0,0,0,0,0,0,0.0,0.0,0.0,0.0,0.0,3.0,56,0,3.040366218153132,0.2975966933700736,3.040366218153132
0,0,0,1,0,139500.0,101880.0,10206.0,90000.0,1,7,4,2,1,0.019101,-3648.0,-1707,1,1,0,1,1,0,18,1.0,2,2,4,17,0,0,0,0,0,0,4,0.7295707611630373,0.6347055309763198,0.0,0.0,0.0,0.0,-1866.0,0,1,0,0,0,0,0,0,0,0,0,0,0,0,0,0,0,0,0,0,0.0,0.0,0.0,0.0,0.0,3.0,49,11,0.7303173453953735,0.073160765872646,0.7303173453953735
0,0,0,0,1,135000.0,364230.0,26032.5,337500.0,6,7,4,3,2,0.04622,-5340.0,-3818,1,1,0,1,0,0,8,2.0,1,1,0,14,0,0,0,0,0,0,5,0.5679371712863535,0.7623356180684377,0.0,0.0,0.0,0.0,-358.0,0,1,0,0,0,0,0,0,0,0,0,0,0,0,0,0,0,0,0,0,0.0,0.0,0.0,0.0,0.0,2.0,33,3,2.697980014962852,0.1928319049488522,2.697980014962852
1,0,0,1,0,108000.0,337500.0,16875.0,337500.0,6,1,4,1,1,0.0096569999999999,-1294.0,-1705,1,1,0,1,0,1,14,2.0,2,2,0,10,0,0,0,0,0,0,42,0.582570634209491,0.5388627065779676,0.0,0.0,0.0,0.0,-1441.0,0,0,0,0,0,0,0,0,0,0,0,0,0,0,0,0,0,0,0,0,0.0,0.0,0.0,0.0,0.0,4.0,49,3,3.1249710650827307,0.1562485532541365,3.1249710650827307
0,0,0,1,3,135000.0,325908.0,16767.0,247500.0,6,4,4,1,1,0.010147,-1328.0,-4520,1,1,0,1,0,0,11,5.0,2,2,5,15,0,0,0,0,0,0,30,0.4083369050044323,0.6109913280868294,0.0,0.0,0.0,0.0,-311.0,0,1,0,0,0,0,0,0,0,0,0,0,0,0,0,0,0,0,0,0,0.0,0.0,0.0,0.0,0.0,0.0,40,6,2.41411545099666,0.1241990800068147,2.41411545099666
0,0,0,0,1,202500.0,265536.0,12901.5,180000.0,6,1,4,2,2,0.04622,-2767.0,-3983,1,1,0,1,0,0,18,2.0,1,1,2,11,0,0,0,0,1,1,16,0.6983699597902969,0.7180328113294772,5.0,0.0,5.0,0.0,0.0,0,1,0,0,0,0,0,0,0,0,0,0,0,0,0,0,0,0,0,0,0.0,0.0,1.0,0.0,0.0,0.0,33,3,1.3112824134201806,0.0637107964898938,1.3112824134201806
0,0,0,1,0,67500.0,173092.5,12177.0,157500.0,6,3,4,1,1,0.031329,-10952.0,-4564,1,0,0,1,0,0,18,2.0,2,2,5,8,0,0,0,0,0,0,57,0.5605390359596119,0.4866531565147181,0.0,0.0,0.0,0.0,-1009.0,0,1,0,0,0,0,0,0,0,0,0,0,0,0,0,0,0,0,0,0,0.0,0.0,0.0,1.0,0.0,1.0,65,0,2.564295343772685,0.1803973274470008,2.564295343772685
0,0,0,1,0,94500.0,101880.0,10053.0,90000.0,6,3,4,0,1,0.035792,-2883.0,-4595,1,0,0,1,0,0,18,2.0,2,2,4,10,0,0,0,0,0,0,57,0.6803164286328254,0.7238369900414456,0.0,0.0,0.0,0.0,-1954.0,0,1,0,0,0,0,0,0,0,0,0,0,0,0,0,0,0,0,0,0,0.0,0.0,0.0,0.0,0.0,1.0,60,0,1.078083829800743,0.1063798266685008,1.078083829800743
0,0,0,0,0,315000.0,675000.0,34510.5,675000.0,6,7,1,3,1,0.072508,-1855.0,-4575,1,1,1,1,1,1,18,1.0,1,1,1,20,0,0,0,0,0,0,5,0.7473751125435586,0.3123653692278984,2.0,0.0,2.0,0.0,-573.0,0,1,0,0,0,0,0,0,0,0,0,0,0,0,0,0,0,0,0,0,0.0,0.0,0.0,0.0,0.0,1.0,34,0,2.14285034015765,0.1095567950577934,2.14285034015765
0,1,1,0,2,202500.0,854901.0,33399.0,738000.0,5,7,4,1,5,0.014464,-2516.0,-1015,1,1,0,1,1,0,4,4.0,2,2,1,9,0,0,0,0,1,1,5,0.7041284329773645,0.2498850627504553,0.0,0.0,0.0,0.0,-916.0,0,1,0,0,0,0,0,0,0,0,0,0,0,0,0,0,0,0,0,0,0.0,0.0,0.0,0.0,0.0,0.0,41,4,4.221712485370443,0.1649325188517587,4.221712485370443
0,0,0,1,0,112500.0,263686.5,20961.0,238500.0,6,7,4,3,1,0.018801,-2147.0,-3281,1,1,0,1,0,0,8,1.0,2,2,6,9,0,0,0,1,1,1,5,0.5847811651792365,0.3217352821966848,1.0,0.0,1.0,0.0,-436.0,0,1,0,0,0,0,0,0,0,0,0,0,0,0,0,0,0,0,0,0,0.0,0.0,0.0,0.0,0.0,0.0,29,0,2.343859165696305,0.1863183438369436,2.343859165696305
0,0,0,1,0,112500.0,450000.0,20979.0,450000.0,6,4,4,1,1,0.006233,-2240.0,-3079,1,1,0,1,1,0,2,2.0,2,2,5,14,0,0,0,0,0,0,30,0.5637738533076135,0.0576392903477425,12.0,0.0,12.0,0.0,-1065.0,0,0,0,1,0,0,0,0,0,0,0,0,0,0,0,0,0,0,0,0,0.0,0.0,0.0,0.0,0.0,1.0,33,11,3.999964444760491,0.1864783424147341,3.999964444760491
0,0,1,1,0,171000.0,675000.0,34596.0,675000.0,6,7,1,3,1,0.022625,-3819.0,-4550,1,1,1,1,1,0,14,1.0,2,2,5,18,0,0,0,0,0,0,5,0.5611045660031938,0.7121551551910698,3.0,2.0,3.0,1.0,-367.0,0,1,0,0,0,0,0,0,0,0,0,0,0,0,0,0,0,0,0,0,0.0,0.0,0.0,0.0,0.0,1.0,32,3,3.947345337161771,0.2023146063473313,3.947345337161771
0,0,1,1,1,135000.0,297000.0,23809.5,297000.0,6,7,4,1,1,0.028663,-991.0,-4050,1,1,0,1,0,0,6,3.0,2,2,1,13,0,0,0,0,0,0,30,0.6846947724303312,0.5884877883422673,0.0,0.0,0.0,0.0,-1794.0,0,1,0,0,0,0,0,0,0,0,0,0,0,0,0,0,0,0,0,0,0.0,0.0,0.0,0.0,2.0,7.0,41,19,2.199983703824416,0.1763653602565907,2.199983703824416
0,1,1,1,2,247500.0,285723.0,22108.5,238500.0,6,4,1,1,3,0.010032,-2036.0,-4081,1,1,0,1,0,0,6,4.0,2,2,4,9,0,0,0,0,0,0,31,0.5819429999135621,0.5620604831738043,3.0,0.0,3.0,0.0,0.0,0,1,0,0,0,0,0,0,0,0,0,0,0,0,0,0,0,0,0,0,0.0,0.0,0.0,0.0,0.0,1.0,34,10,1.1544316992658616,0.0893269118104573,1.1544316992658616
0,0,0,1,0,135000.0,414000.0,23764.5,414000.0,6,1,1,5,1,0.0145199999999999,-3155.0,-1519,1,1,0,1,0,0,0,1.0,2,2,4,11,0,0,0,0,0,0,5,0.2331056493322453,0.5352762504724826,0.0,0.0,0.0,0.0,-1584.0,0,1,0,0,0,0,0,0,0,0,0,0,0,0,0,0,0,0,0,0,0.0,0.0,0.0,0.0,0.0,0.0,49,3,3.06664395078555,0.1760320293923748,3.06664395078555
0,0,0,1,0,67500.0,170640.0,13612.5,135000.0,5,4,4,3,5,0.01885,-7629.0,-481,1,1,0,1,0,0,10,1.0,2,2,1,13,0,0,0,0,0,0,35,0.0100202014650112,0.5352762504724826,2.0,1.0,2.0,1.0,0.0,0,1,0,0,0,0,0,0,0,0,0,0,0,0,0,0,0,0,0,0,0.0,0.0,0.0,0.0,0.0,1.0,21,2,2.527962548702982,0.2016636790566065,2.527962548702982
0,0,1,0,2,135000.0,1009566.0,36391.5,904500.0,1,1,4,1,1,0.030755,-3302.0,-3332,1,1,0,1,0,0,12,4.0,2,2,6,12,0,0,0,0,0,0,5,0.6629284530316562,0.4507472818545589,0.0,0.0,0.0,0.0,-975.0,0,1,0,0,0,0,0,0,0,0,0,0,0,0,0,0,0,0,0,0,0.0,0.0,0.0,0.0,0.0,4.0,33,4,7.478211272509093,0.2695646698913341,7.478211272509093
0,0,0,1,1,112500.0,238896.0,16092.0,189000.0,6,7,4,3,1,0.018634,-9931.0,-4405,1,1,0,1,0,0,18,2.0,2,2,6,15,0,0,0,0,0,0,5,0.5262134591927317,0.2055981385493208,0.0,0.0,0.0,0.0,0.0,0,1,0,0,0,0,0,0,0,0,0,0,0,0,0,0,0,0,0,0,0.0,0.0,0.0,0.0,0.0,5.0,44,6,2.123501124434449,0.1430387285446351,2.123501124434449
0,0,0,1,0,90000.0,254700.0,17149.5,225000.0,6,7,4,2,1,0.022625,-5387.0,-4363,1,1,1,1,0,1,18,1.0,2,2,6,10,0,0,0,0,0,0,33,0.6201463362144465,0.1054731864873376,1.0,0.0,0.0,0.0,-1592.0,0,1,0,0,0,0,0,0,0,0,0,0,0,0,0,0,0,0,0,0,0.0,0.0,0.0,0.0,1.0,2.0,37,6,2.8299685559049346,0.1905478828013022,2.8299685559049346
0,0,1,0,0,360000.0,1546020.0,45202.5,1350000.0,6,1,4,2,1,0.020713,-1427.0,-2574,1,1,1,1,1,0,10,1.0,3,2,1,17,0,0,0,0,0,0,5,0.5869723847054449,0.5352762504724826,8.0,1.0,8.0,0.0,-1099.0,0,1,0,0,0,0,0,0,0,0,0,0,0,0,0,0,0,0,0,0,0.0,0.0,0.0,0.0,0.0,1.0,52,3,4.294488070866469,0.1255621512162466,4.294488070866469
0,0,1,1,0,144000.0,808650.0,26217.0,675000.0,1,7,4,0,1,0.030755,-5267.0,-5966,1,1,0,1,0,0,10,2.0,2,2,2,15,0,0,0,0,0,0,47,0.5311228990838794,0.5352762504724826,0.0,0.0,0.0,0.0,-602.0,0,0,0,0,0,0,1,0,0,0,0,0,0,0,0,0,0,0,0,0,0.0,0.0,0.0,0.0,0.0,1.0,43,12,5.61558600287498,0.1820612356858633,5.61558600287498
0,0,0,1,0,315000.0,900000.0,24750.0,900000.0,6,1,1,3,1,0.0145199999999999,-3139.0,-3278,1,1,0,1,1,0,14,1.0,2,2,1,11,0,1,1,0,1,1,51,0.6461037890254693,0.4794489811780563,1.0,0.0,1.0,0.0,-1033.0,0,0,0,0,0,0,0,0,0,0,0,0,0,0,0,0,0,0,0,0,0.0,0.0,0.0,1.0,1.0,6.0,30,6,2.857133786876867,0.0785711791391138,2.857133786876867
0,1,1,1,3,112500.0,278505.0,20394.0,211500.0,1,7,4,1,1,0.016612,-714.0,-2181,1,1,0,1,0,1,8,5.0,2,2,2,13,0,0,0,0,1,1,5,0.5045010170198161,0.2225807646753351,1.0,1.0,1.0,1.0,-707.0,0,1,0,0,0,0,0,0,0,0,0,0,0,0,0,0,0,0,0,0,0.0,0.0,0.0,1.0,0.0,3.0,26,4,2.475577994862268,0.1812783886365454,2.475577994862268
1,0,0,1,0,112500.0,270000.0,13500.0,270000.0,6,1,4,1,1,0.030755,-2490.0,-511,1,1,0,1,0,0,8,2.0,2,2,6,16,0,0,0,0,0,0,24,0.0543221332289816,0.2721336844147212,1.0,0.0,1.0,0.0,-416.0,0,0,0,0,0,0,0,0,0,0,0,0,0,0,0,0,0,0,0,0,0.0,0.0,0.0,0.0,1.0,1.0,21,2,2.3999786668562946,0.1199989333428147,2.3999786668562946
0,0,1,1,1,153000.0,495000.0,29070.0,495000.0,6,1,1,5,1,0.018209,-3577.0,-5017,1,1,0,1,1,0,8,2.0,3,3,5,8,0,0,0,0,0,0,5,0.4993786577564345,0.6479768603302221,0.0,0.0,0.0,0.0,-2195.0,0,1,0,0,0,0,0,0,0,0,0,0,0,0,0,0,0,0,0,0,0.0,0.0,0.0,0.0,0.0,2.0,40,7,3.235272972072078,0.1899987581780511,3.235272972072078
0,1,1,1,0,81000.0,441657.0,15993.0,310500.0,1,3,4,1,1,0.00712,-9390.0,-4736,1,0,0,1,1,0,18,2.0,2,2,2,9,0,0,0,0,0,0,57,0.1953537989258013,0.6658549219640212,1.0,1.0,1.0,1.0,-565.0,0,1,0,0,0,0,0,0,0,0,0,0,0,0,0,0,0,0,0,0,0.0,0.0,0.0,0.0,3.0,1.0,64,0,5.4524882408859145,0.1974420068888038,5.4524882408859145
0,1,1,1,1,202500.0,350181.0,41688.0,328500.0,1,7,4,1,1,0.025164,-167.0,-4410,1,1,0,1,0,1,8,3.0,2,2,4,13,0,0,0,0,0,0,13,0.4474574404970684,0.1595195404777181,0.0,0.0,0.0,0.0,-350.0,0,1,0,0,0,0,0,0,0,0,0,0,0,0,0,0,0,0,0,0,0.0,0.0,0.0,0.0,1.0,1.0,36,1,1.7292803492328432,0.2058656500461726,1.7292803492328432
0,0,0,0,0,135000.0,900000.0,45954.0,900000.0,6,1,1,1,1,0.026392,-9870.0,-1342,1,1,1,1,1,0,10,2.0,2,2,6,10,0,0,0,0,0,0,5,0.3728309445464816,0.4400578303966329,4.0,0.0,4.0,0.0,-359.0,0,1,0,0,0,0,0,0,0,0,0,0,0,0,0,0,0,0,0,0,0.0,0.0,0.0,0.0,0.0,6.0,48,2,6.666617284316413,0.340397478537196,6.666617284316413
0,1,0,0,0,76500.0,247275.0,19953.0,225000.0,6,7,4,1,1,0.019101,-2675.0,-4564,1,1,0,1,0,0,8,2.0,2,2,6,17,0,0,0,0,0,0,5,0.65801492990581,0.7421816117614419,1.0,0.0,1.0,0.0,0.0,0,1,0,0,0,0,0,0,0,0,0,0,0,0,0,0,0,0,0,0,0.0,0.0,0.0,0.0,0.0,0.0,40,1,3.2323106887491666,0.2608201199984314,3.2323106887491666
0,0,1,0,1,126000.0,729792.0,33948.0,630000.0,6,1,4,1,1,0.01885,-5516.0,-4254,1,1,0,1,0,1,14,3.0,2,2,5,10,0,0,0,0,0,0,51,0.3968090726698575,0.3859146722745145,3.0,0.0,3.0,0.0,-2534.0,0,1,0,0,0,0,0,0,0,0,0,0,0,0,0,0,0,0,0,0,0.0,0.0,0.0,2.0,0.0,1.0,34,10,5.791954032110857,0.2694264331235466,5.791954032110857
0,1,0,1,0,157500.0,360000.0,24057.0,360000.0,6,7,4,3,1,0.019101,-6962.0,-4135,1,1,0,1,0,0,2,1.0,2,2,5,12,0,0,0,0,1,1,5,0.7114324871980113,0.0817255924524642,0.0,0.0,0.0,0.0,-3422.0,0,1,0,0,0,0,0,0,0,0,0,0,0,0,0,0,0,0,0,0,0.0,0.0,0.0,0.0,0.0,7.0,35,7,2.2856997733347724,0.1527418873530961,2.2856997733347724
0,1,1,1,0,171000.0,835380.0,40320.0,675000.0,6,1,4,1,5,0.008575,-3993.0,-1963,1,1,0,1,0,0,14,2.0,2,2,3,15,0,0,0,1,1,0,42,0.6734005517578332,0.524496446363472,0.0,0.0,0.0,0.0,-804.0,0,1,0,0,0,0,0,0,0,0,0,0,0,0,0,0,0,0,0,0,0.0,0.0,0.0,0.0,0.0,1.0,25,2,4.885234589271408,0.2357880948064631,4.885234589271408
0,1,1,1,0,67500.0,76410.0,8748.0,67500.0,6,7,4,3,1,0.019101,-4632.0,-2936,1,1,0,1,0,0,10,1.0,2,2,1,15,0,0,0,0,0,0,31,0.5076276111014222,0.5352762504724826,0.0,0.0,0.0,0.0,0.0,0,1,0,0,0,0,0,0,0,0,0,0,0,0,0,0,0,0,0,0,0.0,0.0,0.0,0.0,0.0,1.0,53,1,1.131983229878076,0.129598080028444,1.131983229878076
0,0,0,1,0,112500.0,571446.0,18562.5,477000.0,6,3,4,2,1,0.0096569999999999,-12021.0,-616,1,0,0,1,0,0,18,1.0,2,2,0,10,0,0,0,0,0,0,57,0.6105089233721966,0.6347055309763198,0.0,0.0,0.0,0.0,-762.0,0,1,0,0,0,0,0,0,0,0,0,0,0,0,0,0,0,0,0,0,0.0,0.0,0.0,0.0,1.0,1.0,60,0,5.079474849112453,0.1649985333463702,5.079474849112453
0,0,0,0,0,81000.0,521280.0,26613.0,450000.0,6,7,1,1,1,0.010556,-4929.0,-1045,1,1,1,1,0,0,5,2.0,3,3,1,19,0,0,0,0,0,0,11,0.6835133461914255,0.6161216908872079,0.0,0.0,0.0,0.0,-1952.0,0,1,0,0,0,0,0,0,0,0,0,0,0,0,0,0,0,0,0,0,0.0,0.0,0.0,0.0,0.0,1.0,47,13,6.435476105233269,0.3285514993642053,6.435476105233269
0,1,1,1,3,225000.0,495985.5,32422.5,409500.0,6,7,4,1,1,0.02461,-245.0,-4384,1,1,0,1,0,0,8,5.0,2,2,2,15,0,0,0,0,1,1,5,0.4358910703011076,0.5352762504724826,7.0,0.0,7.0,0.0,-1573.0,0,1,0,0,0,0,0,0,0,0,0,0,0,0,0,0,0,0,0,0,0.0,1.0,0.0,0.0,0.0,2.0,57,2,2.204370202799099,0.1440993595584019,2.204370202799099
0,1,0,0,0,202500.0,1665000.0,57874.5,1665000.0,6,7,1,1,1,0.035792,-2454.0,-4357,1,1,1,1,0,0,4,2.0,2,2,1,13,0,0,0,0,0,0,5,0.7206093402320917,0.3589512285783967,0.0,0.0,0.0,0.0,-1910.0,0,1,0,0,0,0,0,0,0,0,0,0,0,0,0,0,0,0,0,0,0.0,0.0,0.0,1.0,0.0,2.0,31,2,8.222181618856203,0.2857985886489449,8.222181618856203
0,1,0,0,0,202500.0,1078200.0,31522.5,900000.0,6,3,4,3,1,0.026392,-5359.0,-4856,1,0,0,1,1,0,18,1.0,2,2,1,17,0,0,0,0,0,0,57,0.6168233740678924,0.5334816299804352,3.0,0.0,3.0,0.0,-1961.0,0,1,0,0,0,0,0,0,0,0,0,0,0,0,0,0,0,0,0,0,0.0,0.0,0.0,0.0,2.0,1.0,44,0,5.324418151021477,0.155665897946183,5.324418151021477
0,0,0,0,0,315000.0,1125000.0,47794.5,1125000.0,6,7,1,2,1,0.028663,-8339.0,-1143,1,1,0,1,0,0,14,1.0,2,2,2,15,0,0,0,0,0,0,11,0.6122598369036232,0.6296742509538716,0.0,0.0,0.0,0.0,-2402.0,0,1,0,0,0,0,0,0,0,0,0,0,0,0,0,0,0,0,0,0,0.0,0.0,0.0,0.0,0.0,2.0,48,11,3.571417233596084,0.151728089752096,3.571417233596084
0,0,1,0,1,341550.0,1574532.0,59971.5,1350000.0,6,1,1,3,1,0.072508,-5838.0,-4239,1,1,0,1,1,0,3,2.0,1,1,4,14,0,1,1,0,1,1,26,0.7075337372482275,0.3944954053123993,1.0,1.0,1.0,0.0,-2421.0,0,1,0,0,0,0,0,0,0,0,0,0,0,0,0,0,0,0,0,0,0.0,0.0,0.0,1.0,0.0,1.0,33,5,4.609946977171784,0.1755857836750587,4.609946977171784
0,0,0,1,0,225000.0,700830.0,20214.0,585000.0,6,3,4,0,1,0.008019,-3149.0,-3149,1,0,0,1,1,0,18,2.0,2,2,4,14,0,0,0,0,0,0,57,0.4497346731116392,0.7476633896301825,0.0,0.0,0.0,0.0,-2568.0,0,0,0,0,1,0,0,0,0,0,0,0,0,0,0,0,0,0,0,0,0.0,0.0,0.0,0.0,0.0,1.0,55,0,3.114786156505971,0.0898396007128857,3.114786156505971
0,0,0,1,0,117000.0,292500.0,19543.5,292500.0,0,3,4,5,1,0.035792,-3946.0,-5126,1,0,0,1,0,0,18,1.0,2,2,4,17,0,0,0,0,0,0,57,0.700383718068155,0.3672910183026313,1.0,1.0,1.0,1.0,-1681.0,0,1,0,0,0,0,0,0,0,0,0,0,0,0,0,0,0,0,0,0,0.0,0.0,0.0,1.0,0.0,4.0,62,0,2.4999786326612594,0.1670370338715053,2.4999786326612594
0,1,0,1,0,157500.0,194922.0,14701.5,157500.0,6,1,4,3,1,0.020713,-5852.0,-3629,1,1,0,1,1,0,8,1.0,3,3,0,8,0,0,0,0,1,1,5,0.30157333426193,0.2822484337007223,0.0,0.0,0.0,0.0,-1364.0,0,1,0,0,0,0,0,0,0,0,0,0,0,0,0,0,0,0,0,0,0.0,0.0,0.0,0.0,1.0,0.0,37,0,1.2375921422721126,0.0933422644935587,1.2375921422721126
0,0,0,1,0,202500.0,1350000.0,42520.5,1350000.0,6,3,4,1,1,0.026392,-15998.0,-3938,1,0,0,1,0,0,18,2.0,2,2,4,17,0,0,0,0,0,0,57,0.4249390060807579,0.7738956942145427,0.0,0.0,0.0,0.0,-426.0,0,1,0,0,0,0,0,0,0,0,0,0,0,0,0,0,0,0,0,0,0.0,0.0,0.0,0.0,0.0,6.0,62,0,6.666633745018543,0.2099767408556007,6.666633745018543
0,0,0,1,0,202500.0,392427.0,22041.0,324000.0,6,3,4,0,1,0.003813,-5009.0,-4258,1,0,0,1,0,0,18,2.0,2,2,0,7,0,0,0,0,0,0,57,0.5452095684567538,0.7194907850918436,1.0,0.0,1.0,0.0,-1367.0,0,0,0,0,1,0,0,0,0,0,0,0,0,0,0,0,0,0,0,0,0.0,0.0,0.0,0.0,0.0,5.0,61,0,1.937901541226957,0.1088439069436694,1.937901541226957
0,1,1,1,0,360000.0,835380.0,40320.0,675000.0,6,1,1,3,1,0.04622,-3551.0,-900,1,1,0,1,0,0,10,1.0,1,1,2,12,0,0,0,0,0,0,5,0.6546856242737169,0.4471785780453068,0.0,0.0,0.0,0.0,-294.0,0,0,0,0,0,0,1,0,0,0,0,0,0,0,0,0,0,0,0,0,0.0,0.0,0.0,0.0,0.0,1.0,47,2,2.320493554184572,0.111999688889753,2.320493554184572
0,0,0,0,0,67500.0,900000.0,26316.0,900000.0,6,7,4,1,1,0.009549,-8448.0,-105,1,1,0,1,1,0,3,2.0,2,2,3,13,0,0,0,0,0,0,28,0.5833999772839324,0.3825018041447388,0.0,0.0,0.0,0.0,-2203.0,0,1,0,0,0,0,0,0,0,0,0,0,0,0,0,0,0,0,0,0,0.0,0.0,0.0,0.0,0.0,0.0,45,20,13.333135805395475,0.3898608909497637,13.333135805395475
0,0,0,1,1,90000.0,254700.0,30357.0,225000.0,6,1,4,0,1,0.00712,-8578.0,-4560,1,1,0,1,0,0,14,3.0,2,2,0,15,0,0,0,0,0,0,42,0.4474844732788905,0.4884551844437485,0.0,0.0,0.0,0.0,-1701.0,0,1,0,0,0,0,0,0,0,0,0,0,0,0,0,0,0,0,0,0,0.0,0.0,0.0,0.0,0.0,4.0,44,0,2.8299685559049346,0.3372962522638637,2.8299685559049346
0,0,1,1,0,112500.0,343377.0,19840.5,283500.0,6,1,4,1,1,0.025164,-6168.0,-734,1,1,0,1,0,0,18,2.0,2,2,4,13,0,0,0,0,0,0,5,0.7012136374705649,0.4543210601605785,0.0,0.0,0.0,0.0,-1724.0,0,1,0,0,0,0,0,0,0,0,0,0,0,0,0,0,0,0,0,0,0.0,0.0,0.0,0.0,0.0,2.0,47,6,3.0522128692189403,0.17635843236949,3.0522128692189403
0,0,1,1,0,90000.0,1546020.0,42642.0,1350000.0,6,3,4,1,1,0.072508,-10156.0,-4506,1,0,0,1,1,0,18,2.0,1,1,1,15,0,0,0,0,0,0,57,0.709854177406774,0.3859146722745145,0.0,0.0,0.0,0.0,-3091.0,0,0,0,0,1,0,0,0,0,0,0,0,0,0,0,0,0,0,0,0,0.0,0.0,0.0,0.0,0.0,3.0,63,0,17.17780913545405,0.4737947356140487,17.17780913545405
0,0,0,1,0,157500.0,900000.0,26446.5,900000.0,6,7,1,2,1,0.018801,-4209.0,-801,1,1,0,1,0,0,0,1.0,2,2,4,8,0,0,0,0,1,1,38,0.5628755261285419,0.7910749129911773,0.0,0.0,0.0,0.0,-469.0,0,1,0,0,0,0,0,0,0,0,0,0,0,0,0,0,0,0,0,0,0.0,0.0,0.0,0.0,0.0,0.0,47,1,5.714249433336931,0.1679132195986057,5.714249433336931
0,0,0,1,1,270000.0,840006.0,53811.0,733500.0,6,1,4,2,1,0.0116569999999999,-5768.0,-5764,1,1,0,1,0,1,0,2.0,1,1,0,12,0,0,0,0,0,0,42,0.5859222968984772,0.7713615919194317,0.0,0.0,0.0,0.0,-613.0,0,1,0,0,0,0,0,0,0,0,0,0,0,0,0,0,0,0,0,0,0.0,0.0,0.0,0.0,0.0,3.0,40,2,3.1111218106599607,0.1992992618545857,3.1111218106599607
0,0,1,0,0,99000.0,1029681.0,33214.5,859500.0,6,7,4,1,1,0.00733,-5667.0,-4441,1,1,1,1,1,0,14,2.0,2,2,3,13,0,0,0,0,0,0,26,0.6777189158477637,0.5334816299804352,1.0,0.0,1.0,0.0,-2616.0,0,1,0,0,0,0,0,0,0,0,0,0,0,0,0,0,0,0,0,0,0.0,0.0,0.0,0.0,0.0,0.0,41,2,10.400713124109858,0.3354966111453419,10.400713124109858
0,1,0,0,0,207000.0,450000.0,29533.5,450000.0,6,1,1,1,5,0.009334,-4556.0,-2667,1,1,1,1,0,0,3,2.0,2,2,5,15,1,1,0,1,1,0,46,0.6913177576174939,0.266456808245056,0.0,0.0,0.0,0.0,-126.0,0,0,0,0,0,0,0,0,0,1,0,0,0,0,0,0,0,0,0,0,0.0,0.0,0.0,0.0,0.0,1.0,27,3,2.173902541533616,0.1426732238008512,2.173902541533616
0,1,0,1,0,135000.0,187704.0,13729.5,148500.0,4,7,4,3,5,0.031329,-727.0,-2278,1,1,0,1,0,0,8,1.0,2,2,4,12,0,0,0,0,0,0,22,0.5956125250768408,0.3344541255096772,0.0,0.0,0.0,0.0,-1296.0,0,1,0,0,0,0,0,0,0,0,0,0,0,0,0,0,0,0,0,0,0.0,0.0,0.0,0.0,0.0,1.0,26,3,1.390389700817031,0.1016992466722468,1.390389700817031
0,0,0,0,0,67500.0,675000.0,26154.0,675000.0,6,7,1,1,1,0.028663,-1077.0,-1085,1,1,0,1,1,0,14,2.0,2,2,0,12,0,0,0,0,1,1,47,0.3831956928932218,0.4418358231994413,0.0,0.0,0.0,0.0,-117.0,0,1,0,0,0,0,0,0,0,0,0,0,0,0,0,0,0,0,0,0,0.0,0.0,0.0,0.0,0.0,6.0,29,5,9.999851854046607,0.3874609265047925,9.999851854046607
0,0,0,0,1,225000.0,676629.0,41526.0,612000.0,6,7,4,0,2,0.018634,-5933.0,-2867,1,1,0,1,0,0,18,3.0,2,2,5,15,0,0,0,0,0,0,5,0.4916765705297185,0.3001077565791181,2.0,2.0,2.0,2.0,-1740.0,0,1,0,0,0,0,0,0,0,0,0,0,0,0,0,0,0,0,0,0,0.0,0.0,0.0,0.0,2.0,8.0,35,4,3.007226634548291,0.1845591797369789,3.007226634548291
0,0,0,1,0,45000.0,113746.5,9247.5,103500.0,6,3,4,1,1,0.035792,-2421.0,-4857,1,0,0,1,0,0,18,2.0,2,2,0,10,0,0,0,0,0,0,57,0.6029432735351308,0.7032033049040319,0.0,0.0,0.0,0.0,0.0,0,1,0,0,0,0,0,0,0,0,0,0,0,0,0,0,0,0,0,0,0.0,0.0,0.0,1.0,0.0,4.0,58,0,2.527643830137108,0.2054954334348125,2.527643830137108
0,0,0,0,0,72000.0,177768.0,8550.0,135000.0,6,7,4,3,2,0.014464,-7474.0,-3300,1,1,0,1,0,0,2,1.0,2,2,1,9,0,0,0,0,0,0,5,0.0442089369293356,0.5352762504724826,1.0,1.0,1.0,1.0,-2062.0,0,1,0,0,0,0,0,0,0,0,0,0,0,0,0,0,0,0,0,0,0.0,0.0,0.0,1.0,0.0,2.0,54,12,2.4689657088096,0.1187483507173511,2.4689657088096
0,1,1,0,2,121500.0,450000.0,16965.0,450000.0,6,7,4,1,1,0.030755,-5315.0,-4534,1,1,1,1,1,0,16,4.0,2,2,2,16,0,0,0,0,0,0,28,0.5875395279192321,0.6722428897082422,1.0,1.0,1.0,1.0,-1609.0,0,1,0,0,0,0,0,0,0,0,0,0,0,0,0,0,0,0,0,0,0.0,0.0,0.0,0.0,1.0,4.0,42,5,3.703673220796537,0.1396284804240294,3.703673220796537
0,1,0,0,4,148500.0,770913.0,24997.5,643500.0,1,7,1,1,1,0.006207,-2354.0,-3915,1,1,0,1,0,0,3,6.0,2,2,4,15,0,0,0,0,0,0,41,0.6962930458311208,0.6006575372857061,2.0,0.0,2.0,0.0,-1931.0,0,1,0,0,0,0,0,0,0,0,0,0,0,0,0,0,0,0,0,0,0.0,0.0,0.0,0.0,0.0,2.0,41,8,5.191298375095117,0.1683321997831664,5.191298375095117
0,0,0,0,0,45000.0,288873.0,11020.5,238500.0,6,3,4,1,1,0.035792,-10543.0,-4261,1,0,0,1,0,0,18,2.0,2,2,4,9,0,0,0,0,0,0,57,0.6736121294504197,0.6058362647264226,0.0,0.0,0.0,0.0,-1451.0,0,1,0,0,0,0,0,0,0,0,0,0,0,0,0,0,0,0,0,0,0.0,0.0,0.0,0.0,0.0,2.0,60,0,6.419257349836671,0.2448945578987133,6.419257349836671
1,1,1,1,0,450000.0,1350000.0,67500.0,1350000.0,6,1,1,1,1,0.028663,-3089.0,-4670,1,1,0,1,0,0,10,2.0,2,2,0,13,0,0,0,0,0,0,36,0.5903294244913765,0.7281412993111438,0.0,0.0,0.0,0.0,-541.0,0,0,0,0,0,0,0,0,0,0,0,0,0,0,0,0,0,0,0,0,0.0,0.0,0.0,0.0,0.0,2.0,42,3,2.999993333348148,0.1499996666674074,2.999993333348148
0,0,0,1,2,90000.0,288972.0,14751.0,207000.0,6,4,4,2,1,0.010643,-10987.0,-4059,1,1,0,1,0,0,14,3.0,2,2,1,10,0,0,0,0,0,0,5,0.7536599227839219,0.6380435278721609,1.0,1.0,1.0,1.0,-767.0,0,1,0,0,0,0,0,0,0,0,0,0,0,0,0,0,0,0,0,0,0.0,0.0,0.0,0.0,0.0,2.0,36,2,3.2107643248408357,0.1638981789091232,3.2107643248408357
1,0,0,1,0,67500.0,180000.0,9000.0,180000.0,6,4,4,1,1,0.035792,-4476.0,-1367,1,1,0,1,0,0,11,2.0,2,2,2,10,0,0,0,0,1,1,30,0.5823685437880264,0.7324033228040929,0.0,0.0,0.0,0.0,-372.0,0,0,0,0,0,0,0,0,0,0,0,0,0,0,0,0,0,0,0,0,0.0,0.0,0.0,0.0,0.0,0.0,48,1,2.666627161079095,0.1333313580539547,2.666627161079095
0,0,0,0,2,112500.0,1467612.0,58203.0,1350000.0,6,1,4,1,1,0.0116569999999999,-6798.0,-1777,1,1,0,1,1,0,14,4.0,1,1,4,14,0,0,0,0,0,0,42,0.6685682069015044,0.5298898341969072,0.0,0.0,0.0,0.0,-1598.0,0,1,0,0,0,0,0,0,0,0,0,0,0,0,0,0,0,0,0,0,0.0,0.0,0.0,0.0,0.0,0.0,40,9,13.045324041564076,0.5173554012853219,13.045324041564076
0,0,0,0,1,81000.0,254700.0,27153.0,225000.0,1,1,2,0,5,0.031329,-5520.0,-3107,1,1,0,1,1,0,3,3.0,2,2,5,16,0,0,0,0,0,0,42,0.5056708110964598,0.5352762504724826,3.0,0.0,3.0,0.0,-1688.0,0,1,0,0,0,0,0,0,0,0,0,0,0,0,0,0,0,0,0,0,0.0,0.0,0.0,0.0,0.0,2.0,28,2,3.144405624621918,0.3352180837273614,3.144405624621918
0,0,1,1,1,135000.0,532494.0,29731.5,454500.0,1,1,1,1,1,0.0105,-5518.0,-2726,1,1,0,1,1,0,10,3.0,3,3,4,17,0,0,0,0,0,0,5,0.5653919335605969,0.6925590674998008,0.0,0.0,0.0,0.0,-1480.0,0,1,0,0,0,0,0,0,0,0,0,0,0,0,0,0,0,0,0,0,0.0,0.0,0.0,0.0,0.0,2.0,30,2,3.9443707824386487,0.2202317019873927,3.9443707824386487
0,0,1,0,0,90000.0,490495.5,27387.0,454500.0,6,7,4,1,1,0.005313,-6535.0,-4374,1,1,0,1,0,0,14,2.0,2,2,5,9,0,0,0,0,1,1,11,0.6215207476323418,0.3825018041447388,0.0,0.0,0.0,0.0,-1871.0,0,1,0,0,0,0,0,0,0,0,0,0,0,0,0,0,0,0,0,0,0.0,0.0,0.0,0.0,0.0,0.0,36,14,5.4498894456728255,0.3042966189264564,5.4498894456728255
0,1,1,0,0,202500.0,225000.0,18040.5,225000.0,6,4,2,3,5,0.006629,-5506.0,-3353,1,1,1,1,0,0,18,1.0,2,2,4,6,0,0,0,0,0,0,33,0.348955395880807,0.5352762504724826,1.0,0.0,1.0,0.0,-1333.0,0,1,0,0,0,0,0,0,0,0,0,0,0,0,0,0,0,0,0,0,1.0,1.0,0.0,0.0,0.0,0.0,30,5,1.1111056241697572,0.0890884489459311,1.1111056241697572
0,0,1,1,1,135000.0,592560.0,32274.0,450000.0,6,7,4,1,1,0.035792,-8009.0,-4296,1,1,0,1,0,0,3,3.0,2,2,2,15,0,0,0,0,1,1,38,0.69896845287055,0.5352762504724826,2.0,0.0,2.0,0.0,-290.0,0,1,0,0,0,0,0,0,0,0,0,0,0,0,0,0,0,0,0,0,0.0,0.0,0.0,0.0,0.0,1.0,38,3,4.389300819993926,0.2390648958155865,4.389300819993926
0,0,0,0,0,90000.0,675000.0,27490.5,675000.0,1,7,4,1,1,0.028663,-4557.0,-2825,1,1,1,1,1,0,11,2.0,2,2,5,12,0,0,0,0,1,1,30,0.4840985816180581,0.7874761977281463,0.0,0.0,0.0,0.0,-2253.0,0,1,0,0,0,0,0,0,0,0,0,0,0,0,0,0,0,0,0,0,0.0,0.0,0.0,0.0,0.0,0.0,36,1,7.499916667592582,0.3054466061488206,7.499916667592582
0,0,0,1,2,171000.0,490495.5,50391.0,454500.0,1,7,1,1,1,0.01885,-7536.0,-2345,1,1,1,1,1,0,10,4.0,2,2,5,10,0,0,0,0,0,0,15,0.6826091370099766,0.2955826421513093,3.0,0.0,3.0,0.0,-402.0,0,1,0,0,0,0,0,0,0,0,0,0,0,0,0,0,0,0,0,0,0.0,0.0,0.0,0.0,1.0,1.0,36,3,2.8683779627019725,0.2946824872369167,2.8683779627019725
0,0,0,1,0,67500.0,255960.0,9324.0,202500.0,6,7,4,0,1,0.002134,-277.0,-1551,1,1,0,1,0,0,11,2.0,3,3,1,9,0,0,0,0,1,1,30,0.6205789442693185,0.6528965519806539,3.0,1.0,3.0,0.0,-2533.0,0,1,0,0,0,0,0,0,0,0,0,0,0,0,0,0,0,0,0,0,0.0,0.0,0.0,0.0,0.0,0.0,49,28,3.791943823054473,0.1381312869438971,3.791943823054473
0,0,0,0,0,67500.0,270000.0,13716.0,270000.0,6,4,1,1,1,0.018634,-11248.0,-3434,1,1,0,1,0,0,3,2.0,2,2,0,16,0,0,0,0,0,0,28,0.7760827842037114,0.6848276586890367,0.0,0.0,0.0,0.0,-3.0,0,1,0,0,0,0,0,0,0,0,0,0,0,0,0,0,1,0,0,0,0.0,0.0,0.0,0.0,0.0,0.0,54,26,3.9999407416186425,0.203196989674227,3.9999407416186425
0,0,0,1,0,135000.0,113760.0,7533.0,90000.0,1,7,4,3,1,0.005084,-3449.0,-2855,1,1,0,1,0,0,8,1.0,2,2,4,10,0,0,0,0,0,0,6,0.3667564258970397,0.5971924268337128,0.0,0.0,0.0,0.0,-1090.0,0,1,0,0,0,0,0,0,0,0,0,0,0,0,0,0,0,0,0,0,0.0,0.0,0.0,0.0,0.0,2.0,52,5,0.8426604247375945,0.0557995866697283,0.8426604247375945
0,0,0,1,0,90000.0,225000.0,17775.0,225000.0,6,7,4,2,1,0.018634,-6058.0,-3116,1,1,1,1,0,0,11,1.0,2,2,0,10,0,0,0,0,0,0,30,0.6510529953644946,0.6658549219640212,1.0,0.0,1.0,0.0,-338.0,0,1,0,0,0,0,0,0,0,0,0,0,0,0,0,0,0,0,0,0,0.0,0.0,0.0,0.0,0.0,2.0,28,7,2.499972222530861,0.197497805579938,2.499972222530861
0,1,1,1,0,81000.0,450000.0,29430.0,450000.0,6,3,4,1,1,0.031329,-4154.0,-4522,1,0,0,1,0,0,18,2.0,2,2,0,9,0,0,0,0,0,0,57,0.593577837873483,0.7597121819739279,3.0,0.0,3.0,0.0,-771.0,0,0,0,0,1,0,0,0,0,0,0,0,0,0,0,0,0,0,0,0,0.0,0.0,0.0,0.0,1.0,1.0,60,0,5.555486969296675,0.3633288477920026,5.555486969296675
0,1,1,1,0,135000.0,545040.0,31419.0,450000.0,6,7,1,1,1,0.022625,-5542.0,-4306,1,1,0,1,0,0,10,2.0,2,2,6,13,0,0,0,0,0,0,7,0.5965233833630926,0.7407990879702335,3.0,0.0,3.0,0.0,-1609.0,0,0,0,0,0,0,1,0,0,0,0,0,0,0,0,0,0,0,0,0,0.0,0.0,0.0,0.0,0.0,0.0,44,2,4.037303427382019,0.2327316093954859,4.037303427382019
0,0,0,1,0,157500.0,247275.0,22680.0,225000.0,6,1,4,3,1,0.006629,-636.0,-162,1,1,0,1,0,1,18,1.0,2,2,5,10,0,0,0,0,0,0,42,0.0530292729001778,0.5352762504724826,3.0,0.0,3.0,0.0,-615.0,0,0,0,1,0,0,0,0,0,0,0,0,0,0,0,0,0,0,0,0,0.0,0.0,0.0,0.0,0.0,1.0,37,2,1.5699900318093218,0.1439990857200906,1.5699900318093218
0,0,0,1,0,157500.0,607500.0,57681.0,607500.0,1,7,4,1,1,0.010006,-11825.0,-1248,1,1,1,1,1,0,14,2.0,2,2,4,10,0,0,0,0,0,0,51,0.6382754180124531,0.5954562029091491,2.0,0.0,2.0,0.0,-1123.0,0,0,0,0,0,0,1,0,0,0,0,0,0,0,0,0,0,0,0,0,0.0,0.0,0.0,0.0,0.0,0.0,49,9,3.8571183675024288,0.3662262461825639,3.8571183675024288
0,1,0,1,0,180000.0,830214.0,24403.5,693000.0,6,1,4,1,1,0.025164,-2260.0,-2877,1,1,0,1,0,0,8,2.0,2,2,5,11,0,0,0,0,0,0,7,0.2352862197231059,0.0005272652387098,4.0,0.0,4.0,0.0,0.0,0,0,0,0,0,0,1,0,0,0,0,0,0,0,0,0,0,0,0,0,0.0,0.0,0.0,0.0,1.0,3.0,52,0,4.612274376253465,0.1355742468097399,4.612274376253465
1,0,0,0,1,135000.0,135000.0,6750.0,135000.0,6,7,4,1,1,0.018801,-5894.0,-3233,1,1,0,1,0,0,10,3.0,2,2,5,15,0,0,0,1,0,1,51,0.4943165569140841,0.4276573700350293,3.0,0.0,3.0,0.0,-1475.0,0,0,0,0,0,0,0,0,0,0,0,0,0,0,0,0,0,0,0,0,0.0,0.0,0.0,0.0,0.0,9.0,31,5,0.999992592647462,0.049999629632373,0.999992592647462
0,0,0,1,0,225000.0,1440000.0,54846.0,1440000.0,1,7,4,1,1,0.008625,-634.0,-1055,1,1,1,1,0,0,10,2.0,2,2,5,13,0,0,0,0,0,0,5,0.5524057113379078,0.2580842039460289,5.0,2.0,5.0,0.0,-318.0,0,1,0,0,0,0,0,0,0,0,0,0,0,0,0,0,0,0,0,0,0.0,0.0,0.0,0.0,0.0,4.0,47,3,6.399971555681975,0.2437589166270372,6.399971555681975
0,0,0,1,0,90000.0,269550.0,19300.5,225000.0,6,7,4,5,1,0.010032,-10907.0,-1275,1,1,0,1,0,0,1,1.0,2,2,6,8,0,0,0,0,0,0,39,0.2550839267924914,0.5352762504724826,1.0,0.0,1.0,0.0,-1046.0,0,1,0,0,0,0,0,0,0,0,0,0,0,0,0,0,0,0,0,0,0.0,0.0,0.0,0.0,0.0,1.0,48,10,2.9949667225919714,0.2144476172486972,2.9949667225919714
0,1,1,1,0,157500.0,418743.0,33214.5,342000.0,1,7,4,3,1,0.010006,-2675.0,-1964,1,1,0,1,0,0,8,1.0,2,2,2,9,0,0,0,0,0,0,16,0.7329356386763468,0.2940831009471255,0.0,0.0,0.0,0.0,-306.0,0,1,0,0,0,0,0,0,0,0,0,0,0,0,0,0,0,0,0,0,0.0,0.0,0.0,1.0,0.0,4.0,25,3,2.658668833848674,0.2108843753372994,2.658668833848674
0,0,0,1,1,198000.0,469152.0,25578.0,405000.0,1,3,4,1,1,0.01885,-8780.0,-2017,1,0,0,1,0,0,18,3.0,2,2,4,10,0,0,0,0,0,0,57,0.594553417197462,0.5352762504724826,1.0,0.0,1.0,0.0,-231.0,0,1,0,0,0,0,0,0,0,0,0,0,0,0,0,0,0,0,0,0,0.0,0.0,0.0,0.0,0.0,2.0,50,0,2.369442578572836,0.1291811657516881,2.369442578572836
0,0,0,0,0,184500.0,1078200.0,31522.5,900000.0,6,7,1,1,1,0.072508,-1949.0,-3596,1,1,0,1,0,0,3,2.0,1,1,1,18,0,0,0,0,0,0,4,0.7273517752999057,0.5549467685334323,5.0,0.0,5.0,0.0,0.0,0,1,0,0,0,0,0,0,0,0,0,0,0,0,0,0,0,0,0,0,0.0,0.0,0.0,0.0,0.0,0.0,33,12,5.843870764928103,0.1708527325055149,5.843870764928103
0,0,0,0,2,112500.0,1350000.0,37255.5,1350000.0,6,1,1,1,1,0.00702,-1656.0,-4211,1,1,1,1,1,0,0,4.0,2,2,3,10,0,0,0,0,0,0,42,0.6523931408142849,0.5352762504724826,2.0,0.0,2.0,0.0,-1567.0,0,1,0,0,0,0,0,0,0,0,0,0,0,0,0,0,0,0,0,0,0.0,0.0,0.0,0.0,0.0,1.0,38,4,11.999893334281474,0.331157056381721,11.999893334281474
0,1,0,0,0,90000.0,552555.0,28341.0,477000.0,6,7,4,1,1,0.020246,-5666.0,-148,1,1,0,1,0,0,8,2.0,3,3,0,13,0,0,0,0,0,0,39,0.4747608288279229,0.8327850252992314,0.0,0.0,0.0,0.0,-2057.0,0,1,0,0,0,0,0,0,0,0,0,0,0,0,0,0,0,0,0,0,0.0,0.0,0.0,1.0,0.0,0.0,45,7,6.139431784091288,0.3148965011499872,6.139431784091288
0,1,1,1,0,157500.0,539100.0,22837.5,450000.0,6,1,2,3,1,0.025164,-5233.0,-3996,1,1,0,1,0,0,18,1.0,2,2,3,11,0,0,0,0,0,0,5,0.1771057350557881,0.5495965024956946,3.0,0.0,3.0,0.0,0.0,0,0,0,0,0,0,1,0,0,0,0,0,0,0,0,0,0,0,0,0,0.0,0.0,0.0,0.0,0.0,1.0,31,1,3.4228354105688217,0.1449990793709246,3.4228354105688217
0,0,0,1,0,67500.0,257391.0,18432.0,238500.0,6,3,4,5,1,0.031329,-953.0,-4874,1,0,0,1,0,0,18,1.0,2,2,4,17,0,0,0,0,0,0,57,0.5397659218869771,0.6940926425266661,3.0,0.0,3.0,0.0,-782.0,0,1,0,0,0,0,0,0,0,0,0,0,0,0,0,0,0,0,0,0,0.0,0.0,0.0,0.0,0.0,0.0,59,0,3.813143508985052,0.2730626212944993,3.813143508985052
0,1,1,1,0,225000.0,1102171.5,43839.0,945000.0,6,7,4,1,1,0.022625,-2721.0,-1813,1,1,0,1,0,0,4,2.0,2,2,6,11,0,0,0,0,0,0,1,0.5653435724507161,0.5352762504724826,0.0,0.0,0.0,0.0,-472.0,0,0,0,0,0,0,1,0,0,0,0,0,0,0,0,0,0,0,0,0,0.0,0.0,0.0,0.0,1.0,1.0,36,6,4.898518228807872,0.1948391340482931,4.898518228807872
0,0,0,1,0,157500.0,296280.0,15255.0,225000.0,1,4,1,1,1,0.019101,-13481.0,-3213,1,1,0,1,0,0,18,2.0,2,2,5,11,0,0,0,0,0,0,11,0.5272382987504137,0.6801388218428291,0.0,0.0,0.0,0.0,-1259.0,0,1,0,0,0,0,0,0,0,0,0,0,0,0,0,0,0,0,0,0,0.0,0.0,1.0,0.0,0.0,0.0,53,19,1.8811309134545176,0.0968565278950609,1.8811309134545176
0,1,0,1,0,157500.0,131922.0,7969.5,94500.0,6,7,4,1,1,0.018801,-1775.0,-4239,1,1,0,1,0,0,8,2.0,2,2,1,13,0,0,0,0,0,0,5,0.114305444876715,0.4223696523543468,4.0,0.0,4.0,0.0,0.0,0,1,0,0,0,0,0,0,0,0,0,0,0,0,0,0,0,0,0,0,0.0,0.0,0.0,1.0,0.0,1.0,44,2,0.8375946819385274,0.0505996787321985,0.8375946819385274
0,0,0,1,0,180000.0,281493.0,10849.5,243000.0,7,7,4,1,1,0.02461,-995.0,-2924,1,1,0,1,0,0,18,2.0,2,2,4,12,0,0,0,0,0,0,5,0.642279476302161,0.3376727217405312,3.0,0.0,3.0,0.0,0.0,0,1,0,0,0,0,0,0,0,0,0,0,0,0,0,0,0,0,0,0,0.0,0.0,0.0,0.0,0.0,0.0,33,11,1.5638413119927113,0.0602746651407492,1.5638413119927113
0,1,1,1,0,157500.0,1272888.0,37345.5,1111500.0,6,3,4,1,1,0.0196889999999999,-6366.0,-3541,1,0,0,1,1,0,18,2.0,2,2,1,9,0,0,0,0,0,0,57,0.7374398083533742,0.6940926425266661,0.0,0.0,0.0,0.0,-3155.0,0,1,0,0,0,0,0,0,0,0,0,0,0,0,0,0,0,0,0,0,0.0,0.0,0.0,0.0,0.0,2.0,54,0,8.08177725855709,0.2371127802363159,8.08177725855709
0,1,1,1,1,315000.0,1113840.0,44302.5,900000.0,6,7,4,3,2,0.007114,-6218.0,-4762,1,1,0,1,0,0,4,2.0,2,2,1,17,0,0,0,0,1,1,5,0.4123369454987437,0.248535557339522,0.0,0.0,0.0,0.0,-573.0,0,1,0,0,0,0,0,0,0,0,0,0,0,0,0,0,0,0,0,0,0.0,0.0,0.0,0.0,0.0,1.0,35,1,3.5359887746388106,0.1406424106590137,3.5359887746388106
0,1,0,0,3,180000.0,497520.0,32521.5,450000.0,1,1,4,1,1,0.035792,-3227.0,-429,1,1,0,1,0,0,4,5.0,2,2,4,12,0,0,0,0,1,1,33,0.6696188430128643,0.6642482627052363,2.0,0.0,2.0,0.0,0.0,0,0,0,0,0,0,1,0,0,0,0,0,0,0,0,0,0,0,0,0,0.0,0.0,0.0,0.0,0.0,1.0,37,2,2.7639846445297525,0.1806739962555763,2.7639846445297525
0,0,1,1,0,67500.0,74182.5,5404.5,67500.0,1,3,4,5,1,0.008575,-10866.0,-268,1,0,0,1,0,0,18,1.0,2,2,2,13,0,0,0,0,0,0,57,0.4394700626559494,0.3672910183026313,2.0,0.0,2.0,0.0,-632.0,0,1,0,0,0,0,0,0,0,0,0,0,0,0,0,0,0,0,0,0,0.0,0.0,0.0,0.0,0.0,1.0,58,0,1.098983718759722,0.0800654805113998,1.098983718759722
0,0,0,0,1,270000.0,1125000.0,44617.5,1125000.0,6,7,4,1,1,0.026392,-615.0,-4221,1,1,0,1,0,0,10,3.0,2,2,0,12,0,0,0,0,0,0,42,0.6948529664629602,0.3622772470384314,1.0,0.0,1.0,0.0,-1248.0,0,1,0,0,0,0,0,0,0,0,0,0,0,0,0,0,0,0,0,0,0.0,0.0,0.0,0.0,0.0,2.0,39,6,4.166651234625057,0.1652493879652297,4.166651234625057
0,1,0,0,1,157500.0,132444.0,13230.0,117000.0,0,7,4,2,5,0.035792,-7951.0,-4203,1,1,0,1,0,0,16,2.0,2,2,4,11,0,0,0,0,0,0,4,0.5659614260608526,0.6512602186973006,0.0,0.0,0.0,0.0,0.0,0,1,0,0,0,0,0,0,0,0,0,0,0,0,0,0,0,0,0,0,0.0,0.0,0.0,0.0,2.0,1.0,41,5,0.8409089466098628,0.0839994666700528,0.8409089466098628
0,0,1,0,0,270000.0,1506816.0,47443.5,1350000.0,5,7,4,3,1,0.0105,-8890.0,-3920,1,1,0,1,0,0,17,1.0,3,3,4,16,0,0,0,0,0,0,11,0.5353845179450489,0.3062022983135042,0.0,0.0,0.0,0.0,-1.0,0,1,0,0,0,0,0,0,0,0,0,0,0,0,0,0,0,0,0,0,0.0,0.0,0.0,0.0,0.0,0.0,44,6,5.580779330446925,0.1757160158666079,5.580779330446925
0,0,0,1,0,292500.0,835605.0,24561.0,697500.0,6,3,4,1,1,0.00963,-11427.0,-4363,1,0,0,1,0,0,18,2.0,2,2,4,12,0,0,0,0,0,0,57,0.1766695429871967,0.6706517530862718,0.0,0.0,0.0,0.0,-1245.0,0,1,0,0,0,0,0,0,0,0,0,0,0,0,0,0,0,0,0,0,0.0,0.0,0.0,0.0,0.0,1.0,64,0,2.8567594640702083,0.083968943695919,2.8567594640702083
0,1,1,0,0,180000.0,395766.0,20335.5,283500.0,6,7,4,1,5,0.014464,-5402.0,-2319,1,1,0,1,0,0,8,2.0,2,2,2,3,0,0,0,0,0,0,5,0.5872904374612883,0.3622772470384314,5.0,3.0,5.0,3.0,-991.0,0,0,0,0,0,0,1,0,0,0,0,0,0,0,0,0,0,0,0,0,0.0,0.0,0.0,0.0,0.0,3.0,42,7,2.198687785067861,0.1129743723645979,2.198687785067861
0,0,0,1,1,90000.0,66222.0,7987.5,58500.0,6,7,4,3,1,0.031329,-3297.0,-2267,1,1,0,1,0,0,14,2.0,2,2,6,10,0,0,0,0,0,0,42,0.162144567666238,0.5352762504724826,0.0,0.0,0.0,0.0,-574.0,0,1,0,0,0,0,0,0,0,0,0,0,0,0,0,0,0,0,0,0,0.0,0.0,0.0,0.0,0.0,1.0,26,6,0.7357918245352829,0.0887490138998455,0.7357918245352829
0,1,0,1,0,67500.0,544491.0,17694.0,454500.0,6,7,4,1,1,0.003813,-4031.0,-1766,1,1,1,1,1,0,18,2.0,2,2,4,10,0,0,0,0,0,0,39,0.4255162266888847,0.4329616670974407,0.0,0.0,0.0,0.0,-845.0,0,1,0,0,0,0,0,0,0,0,0,0,0,0,0,0,0,0,0,0,0.0,0.0,0.0,0.0,0.0,2.0,49,26,8.066413830906209,0.262129449934075,8.066413830906209
1,1,0,1,0,157500.0,180000.0,9000.0,180000.0,6,7,1,0,1,0.014464,-7762.0,-4191,1,1,0,1,0,0,8,2.0,2,2,1,3,0,0,0,0,0,0,24,0.3135643370674045,0.524496446363472,0.0,0.0,0.0,0.0,-275.0,0,0,0,0,0,0,0,0,0,0,0,0,0,0,0,0,0,0,0,0,0.0,0.0,0.0,0.0,1.0,0.0,37,1,1.1428498866673862,0.0571424943333693,1.1428498866673862
0,1,1,1,0,157500.0,808650.0,23773.5,675000.0,1,7,4,1,1,0.022625,-7138.0,-3721,1,1,0,1,0,0,8,2.0,2,2,2,13,0,0,0,0,1,1,5,0.6657323552010452,0.7738956942145427,0.0,0.0,0.0,0.0,0.0,0,1,0,0,0,0,0,0,0,0,0,0,0,0,0,0,0,0,0,0,0.0,0.0,0.0,4.0,0.0,0.0,58,9,5.134253115853233,0.150941898781595,5.134253115853233
0,1,1,0,0,135000.0,269550.0,14620.5,225000.0,6,7,4,3,1,0.0116569999999999,-5852.0,-4023,1,1,1,1,0,0,8,1.0,1,1,4,18,0,0,0,0,0,0,5,0.4149039453635305,0.7209441499436497,0.0,0.0,0.0,0.0,-1556.0,0,1,0,0,0,0,0,0,0,0,0,0,0,0,0,0,0,0,0,0,0.0,0.0,0.0,0.0,0.0,1.0,33,4,1.9966518766527652,0.1082991977837201,1.9966518766527652
0,1,1,1,2,180000.0,1324422.0,38853.0,1156500.0,6,7,4,1,1,0.0088659999999999,-6553.0,-4852,1,1,0,1,0,0,10,4.0,2,2,6,15,0,0,0,0,0,0,5,0.0487366532624469,0.1963339662134567,0.0,0.0,0.0,0.0,0.0,0,1,0,0,0,0,0,0,0,0,0,0,0,0,0,0,0,0,0,0,0.0,0.0,0.0,4.0,1.0,1.0,38,7,7.357859123004872,0.2158488008399953,7.357859123004872
0,0,1,1,0,180000.0,454500.0,17739.0,454500.0,6,7,4,1,1,0.026392,-10987.0,-2104,1,1,0,1,1,0,8,2.0,2,2,6,15,0,0,0,0,0,0,5,0.532881470776146,0.7165702448010511,3.0,0.0,3.0,0.0,-356.0,0,0,0,0,0,0,1,0,0,0,0,0,0,0,0,0,0,0,0,0,0.0,0.0,0.0,0.0,0.0,0.0,50,6,2.5249859723001538,0.0985494525030416,2.5249859723001538
0,0,0,0,0,112500.0,239850.0,23494.5,225000.0,6,3,3,5,1,0.01885,-746.0,-4865,1,0,0,1,0,0,18,1.0,2,2,5,9,0,0,0,0,0,0,57,0.3983751021182877,0.6109913280868294,0.0,0.0,0.0,0.0,-4.0,0,1,0,0,0,0,0,0,0,0,0,0,0,0,0,0,0,0,0,0,0.0,0.0,0.0,0.0,0.0,2.0,68,0,2.131981049057342,0.2088381436609452,2.131981049057342
0,0,1,1,1,360000.0,280170.0,29547.0,247500.0,6,7,1,1,1,0.010276,-1165.0,-2763,1,1,0,1,0,0,0,3.0,2,2,6,10,0,0,0,1,1,1,5,0.7810477109966883,0.511891801533151,0.0,0.0,0.0,0.0,-1107.0,0,1,0,0,0,0,0,0,0,0,0,0,0,0,0,0,0,0,0,0,0.0,0.0,0.0,1.0,0.0,1.0,33,3,0.7782478382004494,0.0820747720145221,0.7782478382004494
1,0,0,1,1,99000.0,315000.0,15750.0,315000.0,6,7,1,1,1,0.02461,-547.0,-3925,1,1,0,1,0,0,3,3.0,2,2,6,11,0,0,0,0,0,0,51,0.62507889864914,0.6577838002083306,5.0,1.0,5.0,1.0,-327.0,0,0,0,0,0,0,0,0,0,0,0,0,0,0,0,0,0,0,0,0,0.0,0.0,0.0,0.0,0.0,0.0,32,1,3.1817860425652267,0.1590893021282613,3.1817860425652267
0,0,0,1,0,67500.0,64678.5,7092.0,58500.0,0,3,3,1,1,0.008068,-11940.0,-3698,1,0,0,1,0,0,18,2.0,3,3,5,5,0,0,0,0,0,0,57,0.0256161269876164,0.3689687382528466,0.0,0.0,0.0,0.0,0.0,0,1,0,0,0,0,0,0,0,0,0,0,0,0,0,0,0,0,0,0,1.0,0.0,0.0,1.0,0.0,4.0,57,0,0.958185804654746,0.1050651101465163,0.958185804654746
0,0,0,1,3,90000.0,499500.0,16240.5,499500.0,6,7,4,1,1,0.020246,-2184.0,-2843,1,1,1,1,1,0,3,5.0,3,3,6,15,0,0,0,0,0,0,28,0.1482941694027961,0.6925590674998008,1.0,0.0,1.0,0.0,-153.0,0,1,0,0,0,0,0,0,0,0,0,0,0,0,0,0,0,0,0,0,0.0,0.0,0.0,0.0,0.0,3.0,31,4,5.549938334018511,0.1804479950222775,5.549938334018511
0,0,0,1,0,180000.0,942300.0,30528.0,675000.0,6,7,4,3,5,0.018634,-8952.0,-2547,1,1,0,1,0,0,8,1.0,2,2,4,12,0,0,0,0,0,0,5,0.5941896393339847,0.3572932680336494,2.0,0.0,2.0,0.0,-1325.0,0,1,0,0,0,0,0,0,0,0,0,0,0,0,0,0,0,0,0,0,0.0,0.0,0.0,0.0,0.0,0.0,29,4,5.23497091682824,0.1695990577830123,5.23497091682824
0,1,1,1,1,225000.0,1206954.0,35419.5,945000.0,1,7,4,1,1,0.0096569999999999,-67.0,-3380,1,1,0,1,0,0,4,3.0,2,2,5,10,0,0,0,0,1,1,5,0.6257909722365053,0.3328505641648731,0.0,0.0,0.0,0.0,0.0,0,1,0,0,0,0,0,0,0,0,0,0,0,0,0,0,0,0,0,0,0.0,0.0,0.0,0.0,0.0,0.0,31,2,5.364216159039293,0.157419300358665,5.364216159039293
0,0,0,0,3,67500.0,450000.0,21888.0,450000.0,6,7,4,1,1,0.015221,-151.0,-1274,1,1,1,1,1,0,14,5.0,2,2,1,7,0,0,0,0,0,0,42,0.3268144116598485,0.3723336657058204,0.0,0.0,0.0,0.0,-1420.0,0,1,0,0,0,0,0,0,0,0,0,0,0,0,0,0,0,0,0,0,0.0,0.0,0.0,0.0,1.0,3.0,28,4,6.666567902697738,0.3242618627872179,6.666567902697738
0,0,0,0,0,157500.0,421708.5,11124.0,333630.0,6,7,4,1,1,0.02461,-949.0,-1209,1,1,0,1,1,0,8,2.0,2,2,6,11,0,0,0,0,0,0,55,0.6658783269461993,0.3328505641648731,0.0,0.0,0.0,0.0,-1730.0,0,1,0,0,0,0,0,0,0,0,0,0,0,0,1,0,0,0,0,0,0.0,0.0,0.0,0.0,0.0,6.0,48,10,2.677497285731519,0.0706281229960444,2.677497285731519
0,0,0,0,1,247500.0,545040.0,25537.5,450000.0,6,7,4,0,1,0.00823,-7031.0,-4022,1,1,0,1,0,0,8,3.0,2,2,1,16,0,0,0,0,1,1,1,0.1725380904510571,0.4740512892789932,0.0,0.0,0.0,0.0,-2373.0,0,1,0,0,0,0,0,0,0,0,0,0,0,0,0,0,0,0,0,0,0.0,0.0,0.0,0.0,0.0,5.0,36,16,2.2021729205134526,0.1031814012872675,2.2021729205134526
0,0,0,1,4,112500.0,117000.0,12600.0,117000.0,5,7,4,1,1,0.028663,-4631.0,-4162,1,1,0,1,0,0,8,6.0,2,2,2,12,0,0,0,0,0,0,7,0.2265068731262381,0.4920600938649263,0.0,0.0,0.0,0.0,0.0,0,1,0,0,0,0,0,0,0,0,0,0,0,0,0,0,0,0,0,0,0.0,0.0,1.0,0.0,0.0,7.0,35,2,1.0399907556377277,0.1119990044532937,1.0399907556377277
0,0,0,1,2,90000.0,364896.0,19233.0,315000.0,6,7,4,1,1,0.002134,-3958.0,-2955,1,1,0,1,0,0,7,4.0,3,3,2,7,0,0,0,0,0,0,39,0.1590055149601032,0.5352762504724826,1.0,1.0,1.0,1.0,-614.0,0,1,0,0,0,0,0,0,0,0,0,0,0,0,0,0,0,0,0,0,0.0,0.0,0.0,0.0,0.0,4.0,36,16,4.054354951611649,0.2136976255819379,4.054354951611649
0,0,0,1,0,126000.0,272520.0,17563.5,225000.0,6,1,4,1,1,0.010556,-2325.0,-3643,1,1,0,1,0,0,8,2.0,3,3,2,11,0,0,0,0,0,0,5,0.6592146127676519,0.6956219298394389,0.0,0.0,0.0,0.0,-2527.0,0,1,0,0,0,0,0,0,0,0,0,0,0,0,0,0,0,0,0,0,0.0,0.0,0.0,0.0,0.0,0.0,56,13,2.1628399774604965,0.1393917508591201,2.1628399774604965
0,0,1,0,0,202500.0,607500.0,39411.0,607500.0,6,7,1,2,1,0.020713,-2798.0,-2279,1,1,0,1,0,0,18,1.0,3,2,2,11,0,0,0,0,0,0,5,0.5628324820889055,0.7136313997323308,0.0,0.0,0.0,0.0,-4.0,0,0,0,0,0,0,1,0,0,0,0,0,0,0,0,0,0,0,0,0,0.0,0.0,0.0,0.0,0.0,0.0,35,2,2.9999851852583443,0.1946212611295746,2.9999851852583443
0,0,0,1,0,135000.0,640080.0,31261.5,450000.0,6,7,4,1,1,0.022625,-8990.0,-1750,1,1,0,1,0,0,14,2.0,2,2,4,16,0,0,0,0,0,0,5,0.6375783953010936,0.5352762504724826,0.0,0.0,0.0,0.0,-448.0,0,1,0,0,0,0,0,0,0,0,0,0,0,0,0,0,0,0,0,0,0.0,0.0,0.0,0.0,0.0,3.0,40,10,4.741298212605833,0.2315649513707305,4.741298212605833
0,0,0,1,0,112500.0,971280.0,51745.5,900000.0,6,1,4,1,1,0.015221,-1796.0,-415,1,1,1,1,1,0,18,2.0,2,2,0,13,0,0,0,0,0,0,5,0.7002093133956221,0.7121551551910698,0.0,0.0,0.0,0.0,-349.0,0,1,0,0,0,0,0,0,0,0,0,0,0,0,0,0,0,0,0,0,0.0,0.0,0.0,1.0,0.0,0.0,46,1,8.633523257571044,0.4599559115030088,8.633523257571044
0,1,0,1,0,180000.0,164952.0,9468.0,130500.0,0,7,4,2,3,0.02461,-3739.0,-2624,1,1,0,1,0,0,18,1.0,2,2,4,14,0,0,0,1,1,0,5,0.6956082125007162,0.8128226070575616,0.0,0.0,0.0,0.0,0.0,0,1,0,0,0,0,0,0,0,0,0,0,0,0,0,0,0,0,0,0,0.0,0.0,0.0,1.0,0.0,2.0,53,3,0.9163949089171728,0.0525997077794012,0.9163949089171728
0,0,0,0,1,67500.0,225171.0,13905.0,171000.0,6,3,4,5,1,0.019101,-5886.0,-4249,1,0,0,1,0,0,18,2.0,2,2,1,13,0,0,0,0,0,0,57,0.0398893767584698,0.5352762504724826,0.0,0.0,0.0,0.0,0.0,0,0,0,0,1,0,0,0,0,0,0,0,0,0,0,0,0,0,0,0,0.0,0.0,0.0,0.0,0.0,1.0,61,0,3.335817247151894,0.2059969481933601,3.335817247151894
0,0,0,0,0,90000.0,900000.0,29745.0,900000.0,6,7,4,1,1,0.035792,-4538.0,-3496,1,1,0,1,0,0,14,2.0,2,2,4,8,0,0,0,0,0,0,47,0.5652146034122628,0.6279908192952864,1.0,0.0,1.0,0.0,-2440.0,0,1,0,0,0,0,0,0,0,0,0,0,0,0,0,0,0,0,0,0,0.0,0.0,0.0,0.0,0.0,0.0,44,8,9.999888890123444,0.3304963278185798,9.999888890123444
0,1,1,0,1,315000.0,521280.0,28408.5,450000.0,6,1,1,1,1,0.018029,-19.0,-4102,1,1,0,1,0,0,10,3.0,3,3,5,5,0,0,0,0,0,0,7,0.3763247450406224,0.2970866116472028,0.0,0.0,0.0,0.0,0.0,0,0,0,0,0,0,1,0,0,0,0,0,0,0,0,0,0,0,0,0,0.0,0.0,0.0,0.0,0.0,2.0,32,1,1.6548518893590811,0.0901854279827683,1.6548518893590811
0,1,0,1,2,270000.0,529348.5,29686.5,490500.0,6,1,4,1,1,0.04622,-279.0,-2110,1,1,0,1,0,1,12,4.0,1,1,1,18,0,1,1,0,0,0,38,0.3484587602926053,0.5726825047161584,0.0,0.0,0.0,0.0,-1533.0,0,1,0,0,0,0,0,0,0,0,0,0,0,0,0,0,0,0,0,0,0.0,0.0,0.0,0.0,1.0,6.0,37,6,1.9605427387305971,0.109949592779286,1.9605427387305971
0,1,0,1,0,180000.0,350181.0,41557.5,328500.0,6,4,4,1,1,0.002506,-393.0,-2918,1,1,0,1,0,0,18,2.0,2,2,6,2,0,0,0,0,0,0,31,0.6095100913878477,0.6769925032909132,2.0,0.0,2.0,0.0,-578.0,0,1,0,0,0,0,0,0,0,0,0,0,0,0,0,0,0,0,0,0,0.0,0.0,1.0,0.0,0.0,0.0,29,0,1.945439192004489,0.2308737173682368,1.945439192004489
0,0,0,1,1,180000.0,252000.0,9630.0,252000.0,1,1,4,0,1,0.018209,-1888.0,-4205,1,1,0,1,0,0,8,3.0,3,3,3,13,0,0,0,0,0,0,4,0.0396255699281247,0.5656079814115492,0.0,0.0,0.0,0.0,0.0,0,1,0,0,0,0,0,0,0,0,0,0,0,0,0,0,0,0,0,0,0.0,0.0,0.0,0.0,1.0,4.0,42,3,1.399992222265432,0.053499702779429,1.399992222265432
0,0,0,0,0,72000.0,450000.0,16965.0,450000.0,6,1,4,3,5,0.008068,-2325.0,-802,1,1,1,1,0,0,8,1.0,3,3,5,6,0,0,0,0,0,0,5,0.0027894601037498,0.3328505641648731,0.0,0.0,0.0,0.0,-40.0,0,1,0,0,0,0,0,0,0,0,0,0,0,0,0,0,0,0,0,0,0.0,0.0,0.0,0.0,2.0,2.0,22,3,6.24991319565006,0.2356217274760072,6.24991319565006
0,0,0,0,0,144000.0,472500.0,20146.5,472500.0,1,1,1,1,1,0.022625,-7109.0,-3260,1,1,0,1,0,0,10,2.0,2,2,5,8,0,0,0,0,1,1,11,0.6828649174672407,0.7801436381572275,1.0,0.0,1.0,0.0,-2938.0,0,1,0,0,0,0,0,0,0,0,0,0,0,0,0,0,0,0,0,0,0.0,0.0,0.0,0.0,0.0,0.0,54,13,3.2812272136999048,0.1399052784355664,3.2812272136999048
0,1,0,1,1,180000.0,254700.0,25321.5,225000.0,6,7,1,1,1,0.035792,-6103.0,-3718,1,1,1,1,1,0,4,3.0,2,2,0,15,0,0,0,0,1,1,5,0.0679389677679581,0.7295666907060153,6.0,0.0,6.0,0.0,-1671.0,0,1,0,0,0,0,0,0,0,0,0,0,0,0,0,0,0,0,0,0,0.0,0.0,0.0,2.0,0.0,0.0,33,2,1.4149921389325617,0.140674218476564,1.4149921389325617
0,1,1,1,2,202500.0,1030302.0,40990.5,832500.0,6,7,4,1,2,0.020713,-5171.0,-4536,1,1,0,1,0,0,8,4.0,3,2,5,6,0,0,0,0,0,0,42,0.1886876360704238,0.5352762504724826,0.0,0.0,0.0,0.0,-1891.0,0,0,0,0,0,0,1,0,0,0,0,0,0,0,0,0,0,0,0,0,0.0,0.0,0.0,0.0,1.0,3.0,43,4,5.087885985748218,0.2024212226112463,5.087885985748218
0,1,0,0,0,315000.0,270000.0,16312.5,270000.0,6,1,4,1,1,0.015221,-3891.0,-2075,1,1,0,1,1,0,4,2.0,2,2,6,17,0,0,0,0,0,0,7,0.2631435910213423,0.1393757800997895,1.0,1.0,1.0,1.0,-1997.0,0,1,0,0,0,0,0,0,0,0,0,0,0,0,0,0,0,0,0,0,0.0,0.0,0.0,0.0,0.0,0.0,33,6,0.8571401360630602,0.0517855498871432,0.8571401360630602
0,0,0,1,2,83250.0,1442952.0,39681.0,1260000.0,6,7,4,1,1,0.028663,-4502.0,-4894,1,1,1,1,1,0,3,4.0,2,2,5,15,0,0,0,0,0,0,30,0.6654208427391469,0.190705947811054,0.0,0.0,0.0,0.0,-633.0,0,1,0,0,0,0,0,0,0,0,0,0,0,0,0,0,0,0,0,0,0.0,0.0,0.0,0.0,1.0,2.0,43,24,17.33254855797528,0.4766429232081296,17.33254855797528
0,0,0,0,1,225000.0,512446.5,34375.5,463500.0,6,7,4,1,1,0.006207,-15581.0,-3660,1,1,0,1,0,1,18,3.0,2,2,4,11,0,0,0,0,0,0,5,0.6318391579183333,0.6863823354047934,0.0,0.0,0.0,0.0,-1757.0,0,1,0,0,0,0,0,0,0,0,0,0,0,0,0,0,0,0,0,0,0.0,0.0,0.0,0.0,1.0,6.0,42,4,2.277529877644988,0.1527793209807956,2.277529877644988
0,1,0,0,0,265500.0,2290743.0,60556.5,2047500.0,6,7,1,3,1,0.006629,-14143.0,-4066,1,1,0,1,0,0,8,1.0,2,2,6,12,0,0,0,0,0,0,13,0.735330060781317,0.7421816117614419,0.0,0.0,0.0,0.0,-1.0,0,1,0,0,0,0,0,0,0,0,0,0,0,0,0,0,0,0,0,0,0.0,0.0,0.0,0.0,0.0,0.0,60,8,8.628001401124667,0.2280838866896923,8.628001401124667
0,0,0,1,0,114750.0,148365.0,10678.5,135000.0,6,3,4,5,1,0.006233,-3652.0,-5040,1,0,0,1,1,0,18,1.0,2,2,6,16,0,0,0,0,0,0,57,0.6832957049757933,0.3807996826489149,2.0,0.0,2.0,0.0,-2064.0,0,1,0,0,0,0,0,0,0,0,0,0,0,0,0,0,0,0,0,0,0.0,0.0,0.0,1.0,0.0,9.0,61,0,1.292929909107546,0.0930580125663392,1.292929909107546
0,0,1,1,1,135000.0,1040463.0,27576.0,868500.0,6,1,1,1,1,0.031329,-1596.0,-1551,1,1,0,1,0,0,3,3.0,2,2,2,9,0,0,0,0,0,0,47,0.4048441478031027,0.4083588531230431,0.0,0.0,0.0,0.0,-615.0,0,1,0,0,0,0,0,0,0,0,0,0,0,0,0,0,0,0,0,0,0.0,0.0,0.0,0.0,0.0,1.0,24,1,7.707076243879675,0.2042651535914549,7.707076243879675
0,1,0,1,1,90000.0,1256400.0,44644.5,900000.0,6,3,4,3,1,0.010032,-921.0,-4288,1,0,0,1,0,0,18,2.0,2,2,5,3,0,0,0,0,0,0,57,0.5056052166907373,0.5352762504724826,0.0,0.0,0.0,0.0,0.0,0,1,0,0,0,0,0,0,0,0,0,0,0,0,0,0,0,0,0,0,0.0,0.0,0.0,0.0,0.0,1.0,44,0,13.959844890612327,0.4960444883945734,13.959844890612327
0,0,0,1,1,90000.0,390960.0,17352.0,337500.0,6,7,4,3,1,0.0116569999999999,-6247.0,-3021,1,1,1,1,0,0,14,2.0,1,1,0,13,0,0,0,0,0,0,42,0.699400787946153,0.5154953751603267,2.0,0.0,2.0,0.0,-1462.0,0,1,0,0,0,0,0,0,0,0,0,0,0,0,0,0,0,0,0,0,0.0,0.0,0.0,0.0,1.0,1.0,28,4,4.343951733869623,0.1927978578015799,4.343951733869623
0,1,0,0,0,99000.0,521280.0,23089.5,450000.0,6,7,4,1,1,0.006305,-8762.0,-4996,1,1,1,1,0,0,16,2.0,3,3,6,6,0,0,0,0,0,0,40,0.2469401655307841,0.2238313174701554,0.0,0.0,0.0,0.0,-2487.0,0,0,0,0,1,0,0,0,0,0,0,0,0,0,0,0,0,0,0,0,0.0,0.0,0.0,1.0,1.0,0.0,59,0,5.265401359582227,0.2332249169200311,5.265401359582227
0,0,0,1,2,76500.0,273636.0,15835.5,247500.0,6,1,4,1,1,0.031329,-9400.0,-1011,1,1,0,1,0,0,14,4.0,2,2,1,9,0,0,0,0,0,0,51,0.5673790247581711,0.5352762504724826,8.0,0.0,8.0,0.0,-732.0,0,1,0,0,0,0,0,0,0,0,0,0,0,0,0,0,0,0,0,0,0.0,0.0,0.0,0.0,0.0,1.0,29,0,3.5768944196807886,0.2069972941530176,3.5768944196807886
0,0,0,1,0,135000.0,696024.0,45679.5,657000.0,6,3,4,0,1,0.072508,-6833.0,-4557,1,0,0,1,1,0,18,2.0,1,1,6,11,0,0,0,0,0,0,57,0.7106507151262413,0.6940926425266661,0.0,0.0,0.0,0.0,-1602.0,0,0,0,0,1,0,0,0,0,0,0,0,0,0,0,0,0,0,0,0,0.0,0.0,0.0,0.0,1.0,4.0,60,0,5.15569514299894,0.3383641602654795,5.15569514299894
1,0,0,1,0,270000.0,180000.0,9000.0,180000.0,6,3,4,1,1,0.002506,-1341.0,-2386,1,0,0,1,1,0,18,2.0,2,2,3,2,0,0,0,0,0,0,57,0.339831468382348,0.3376727217405312,2.0,0.0,2.0,0.0,-131.0,0,0,0,0,0,0,0,0,0,0,0,0,0,0,0,0,0,0,0,0,0.0,0.0,0.0,0.0,0.0,1.0,51,0,0.6666641975400092,0.0333332098770004,0.6666641975400092
0,0,1,1,2,135000.0,377649.0,18495.0,265500.0,6,7,4,1,2,0.005084,-7664.0,-4362,1,1,0,1,0,0,8,4.0,2,2,2,12,0,0,0,0,1,1,5,0.6680689286810177,0.4083588531230431,0.0,0.0,0.0,0.0,-1956.0,0,1,0,0,0,0,0,0,0,0,0,0,0,0,0,0,0,0,0,0,0.0,0.0,0.0,0.0,0.0,6.0,43,9,2.7973792786720098,0.1369989851927023,2.7973792786720098
0,0,0,0,0,202500.0,648000.0,25110.0,648000.0,6,7,4,3,5,0.072508,-8524.0,-1302,1,1,0,1,1,0,18,1.0,1,1,1,19,0,0,0,0,0,0,5,0.5598871349893142,0.7557400501752248,2.0,0.0,2.0,0.0,-220.0,0,1,0,0,0,0,0,0,0,0,0,0,0,0,0,0,0,0,0,0,0.0,0.0,0.0,0.0,0.0,1.0,23,5,3.1999841976089005,0.1239993876573449,3.1999841976089005
1,0,0,0,0,144000.0,900000.0,45000.0,900000.0,6,7,4,1,1,0.010276,-160.0,-3992,1,1,1,1,1,0,14,2.0,2,2,0,17,0,0,0,0,0,0,42,0.6123169398197233,0.5352762504724826,0.0,0.0,0.0,0.0,-113.0,0,0,0,0,0,0,0,0,0,0,0,0,0,0,0,0,0,0,0,0,0.0,0.0,0.0,0.0,0.0,0.0,36,0,6.249956597523628,0.3124978298761814,6.249956597523628
0,1,0,1,0,337500.0,292500.0,23238.0,292500.0,6,1,4,2,1,0.018209,-7015.0,-2419,1,1,1,1,1,1,8,1.0,3,3,0,7,0,0,0,0,0,0,5,0.5233340326509648,0.6894791426446275,0.0,0.0,0.0,0.0,-1709.0,0,1,0,0,0,0,0,0,0,0,0,0,0,0,0,0,0,0,0,0,0.0,0.0,0.0,1.0,0.0,2.0,35,15,0.8666640987730406,0.0688531293240612,0.8666640987730406
0,0,0,1,0,180000.0,1332000.0,39078.0,1332000.0,6,7,4,1,1,0.0196889999999999,-7910.0,-141,1,1,0,1,0,0,14,2.0,2,2,6,16,0,0,0,0,0,0,51,0.0495242757499513,0.5352762504724826,11.0,0.0,11.0,0.0,0.0,0,1,0,0,0,0,0,0,0,0,0,0,0,0,0,0,0,0,0,0,0.0,0.0,0.0,0.0,0.0,1.0,47,9,7.399958889117283,0.2170987938955894,7.399958889117283
0,0,0,1,0,65250.0,518562.0,20695.5,463500.0,6,3,1,1,1,0.010556,-6748.0,-5582,1,0,0,1,0,0,18,2.0,3,3,5,16,0,0,0,0,0,0,57,0.4703133299118678,0.5352762504724826,0.0,0.0,0.0,0.0,-241.0,0,0,0,0,1,0,0,0,0,0,0,0,0,0,0,0,0,0,0,0,0.0,0.0,0.0,0.0,0.0,1.0,60,0,7.9471885488345,0.3171675529876936,7.9471885488345
0,0,0,0,0,112500.0,539100.0,27522.0,450000.0,6,7,4,1,1,0.018029,-1049.0,-865,1,1,0,1,0,0,14,2.0,3,2,1,6,0,0,0,0,0,0,42,0.3125626567896072,0.524496446363472,0.0,0.0,0.0,0.0,-134.0,0,1,0,0,0,0,0,0,0,0,0,0,0,0,0,0,0,0,0,0,0.0,0.0,0.0,0.0,0.0,2.0,47,5,4.791957404823068,0.2446378254415516,4.791957404823068
0,1,1,0,0,247500.0,1002870.0,39771.0,922500.0,1,7,4,0,1,0.031329,-1094.0,-1450,1,1,0,1,0,0,8,2.0,2,2,4,10,0,0,0,0,0,0,5,0.6976093615032694,0.6479768603302221,9.0,0.0,9.0,0.0,-1865.0,0,1,0,0,0,0,0,0,0,0,0,0,0,0,0,0,0,0,0,0,0.0,0.0,0.0,1.0,0.0,0.0,62,2,4.051983628348976,0.1606902598373339,4.051983628348976
0,0,0,1,0,90000.0,540000.0,14373.0,540000.0,6,3,4,1,1,0.00712,-8678.0,-5093,1,0,0,1,1,0,18,2.0,2,2,5,8,0,0,0,0,0,0,57,0.1923160541736026,0.7281412993111438,2.0,0.0,2.0,0.0,-763.0,0,0,0,0,1,0,0,0,0,0,0,0,0,0,0,0,0,0,0,0,0.0,0.0,0.0,0.0,0.0,2.0,64,0,5.999933334074066,0.1596982255752713,5.999933334074066
0,1,1,1,1,157500.0,900000.0,26316.0,900000.0,6,7,4,1,1,0.005313,-6898.0,-651,1,1,1,1,0,0,18,3.0,2,2,1,13,0,0,0,0,0,0,5,0.5201364966363012,0.5352762504724826,0.0,0.0,0.0,0.0,-408.0,0,0,0,0,0,0,1,0,0,0,0,0,0,0,0,0,0,0,0,0,0.0,0.0,0.0,0.0,0.0,0.0,46,4,5.714249433336931,0.1670846534307718,5.714249433336931
0,0,1,1,1,157500.0,508495.5,24592.5,454500.0,6,1,1,2,4,0.005144,-4792.0,-1944,1,1,0,1,0,0,3,2.0,2,2,3,16,0,0,0,1,1,0,28,0.6279392434562123,0.3689687382528466,8.0,1.0,8.0,1.0,-520.0,0,1,0,0,0,0,0,0,0,0,0,0,0,0,0,0,0,0,0,0,0.0,0.0,0.0,0.0,1.0,1.0,29,0,3.2285223585881995,0.1561418657659316,3.2285223585881995
0,0,0,1,0,175500.0,414792.0,18400.5,315000.0,1,7,4,1,1,0.00496,-4413.0,-4684,1,1,0,1,0,0,11,2.0,2,2,2,10,0,0,0,0,0,0,30,0.7098857035122578,0.5226973172821112,0.0,0.0,0.0,0.0,-493.0,0,1,0,0,0,0,0,0,0,0,0,0,0,0,0,0,0,0,0,0,0.0,0.0,0.0,0.0,1.0,1.0,42,24,2.363473712400499,0.1048455564355758,2.363473712400499
1,1,1,1,0,112500.0,202500.0,10125.0,202500.0,6,1,4,1,1,0.035792,-9539.0,-2150,1,1,0,1,0,0,10,2.0,2,2,6,18,0,0,0,0,0,0,5,0.6674188163912458,0.6894791426446275,1.0,0.0,1.0,0.0,-936.0,0,0,0,1,0,0,0,0,0,0,0,0,0,0,0,0,0,0,0,0,0.0,0.0,0.0,0.0,0.0,7.0,52,2,1.799984000142221,0.089999200007111,1.799984000142221
0,0,0,1,0,112500.0,733315.5,39199.5,679500.0,6,1,1,1,1,0.030755,-4272.0,-4494,1,1,0,1,1,0,18,2.0,2,2,0,12,0,0,0,0,0,0,5,0.6691203642057729,0.5352762504724826,0.0,0.0,0.0,0.0,-1115.0,0,1,0,0,0,0,0,0,0,0,0,0,0,0,0,0,0,0,0,0,0.0,0.0,0.0,0.0,0.0,2.0,65,41,6.518302059537248,0.3484369027830863,6.518302059537248
0,0,0,1,0,225000.0,373500.0,26689.5,373500.0,6,3,1,1,1,0.031329,-1316.0,-4170,1,0,0,1,0,0,18,2.0,2,2,5,9,0,0,0,0,0,0,57,0.7175747306731878,0.5460231970049609,3.0,0.0,3.0,0.0,-1740.0,0,1,0,0,0,0,0,0,0,0,0,0,0,0,0,0,0,0,0,0,0.0,0.0,0.0,0.0,0.0,7.0,56,0,1.659992622255012,0.1186194728023431,1.659992622255012
0,0,0,1,1,157500.0,900000.0,26446.5,900000.0,6,7,4,1,1,0.0145199999999999,-2622.0,-2623,1,1,0,1,0,0,3,3.0,2,2,5,9,0,0,0,0,0,0,11,0.2972021452176384,0.4436153084085652,1.0,1.0,1.0,1.0,-1538.0,0,1,0,0,0,0,0,0,0,0,0,0,0,0,0,0,0,0,0,0,0.0,0.0,0.0,1.0,0.0,2.0,55,6,5.714249433336931,0.1679132195986057,5.714249433336931
0,0,1,1,3,337500.0,526491.0,41728.5,454500.0,6,7,4,1,1,0.02461,-18.0,-991,1,1,0,1,0,0,8,5.0,2,2,6,9,0,0,0,0,0,0,5,0.6547894336718088,0.5226973172821112,0.0,0.0,0.0,0.0,-82.0,0,1,0,0,0,0,0,0,0,0,0,0,0,0,0,0,0,0,0,0,0.0,0.0,0.0,0.0,0.0,3.0,34,3,1.5599687112038187,0.1236396336603447,1.5599687112038187
0,0,0,1,0,40500.0,142200.0,8293.5,112500.0,1,7,4,1,1,0.018029,-5769.0,-757,1,1,0,1,0,0,14,2.0,3,3,4,12,0,0,0,0,0,0,42,0.5570292952663882,0.8061492814355136,0.0,0.0,0.0,0.0,-2288.0,0,1,0,0,0,0,0,0,0,0,0,0,0,0,0,0,0,0,0,0,0.0,0.0,0.0,1.0,0.0,2.0,47,2,3.5110244191501443,0.2047727216611935,3.5110244191501443
0,0,0,1,0,148500.0,270000.0,16645.5,270000.0,6,4,1,1,1,0.072508,-7338.0,-282,1,1,0,1,1,0,18,2.0,1,1,0,10,0,0,0,0,0,0,46,0.7405147284436144,0.3556387169923543,0.0,0.0,0.0,0.0,-2078.0,0,1,0,0,0,0,0,0,0,0,0,0,0,0,0,0,0,0,0,0,0.0,0.0,0.0,0.0,0.0,6.0,58,11,1.8181695746156592,0.1120901542750553,1.8181695746156592
0,0,0,1,0,97200.0,187704.0,10480.5,148500.0,6,3,4,5,1,0.030755,-2532.0,-4060,1,0,0,1,1,0,18,1.0,2,2,6,9,1,0,0,1,0,0,57,0.6248585070690279,0.7826078370261895,2.0,0.0,2.0,0.0,-1862.0,0,0,0,0,1,0,0,0,0,0,0,0,0,0,0,0,0,0,0,0,0.0,0.0,0.0,0.0,0.0,1.0,65,0,1.931091243917244,0.1078229647843129,1.931091243917244
0,0,0,1,1,81000.0,312768.0,17095.5,270000.0,6,7,2,1,5,0.020246,-5063.0,-847,1,1,0,1,1,1,8,3.0,3,3,0,13,0,0,0,0,0,0,4,0.2753700032316801,0.3474182272002641,4.0,4.0,4.0,1.0,-1321.0,0,1,0,0,0,0,0,0,0,0,0,0,0,0,0,0,0,0,0,0,0.0,0.0,0.0,0.0,2.0,3.0,26,3,3.861285663139961,0.2110529499635807,3.861285663139961
0,0,0,1,1,315000.0,792162.0,40576.5,630000.0,6,1,4,1,1,0.032561,-11428.0,-1810,1,1,0,1,0,1,3,3.0,1,1,1,13,0,0,0,0,0,0,49,0.6825617581474963,0.3556387169923543,0.0,0.0,0.0,0.0,-882.0,0,1,0,0,0,0,0,0,0,0,0,0,0,0,0,0,0,0,0,0,0.0,0.0,0.0,0.0,1.0,3.0,39,4,2.514792016533281,0.1288138767813435,2.514792016533281
0,1,1,1,0,225000.0,1449000.0,50494.5,1449000.0,1,7,4,1,1,0.011703,-2731.0,-2259,1,1,0,1,0,0,4,2.0,2,2,5,11,0,0,0,0,0,0,42,0.7080854879379662,0.7688075728291359,0.0,0.0,0.0,0.0,-2987.0,0,1,0,0,0,0,0,0,0,0,0,0,0,0,0,0,0,0,0,0,0.0,0.0,0.0,0.0,0.0,5.0,51,7,6.439971377904987,0.2244190025822107,6.439971377904987
0,0,0,0,0,211500.0,364230.0,24930.0,337500.0,6,4,4,0,1,0.032561,-5571.0,-3372,1,1,0,1,0,0,12,2.0,1,1,6,17,0,0,0,0,0,0,30,0.2508482832569948,0.4866531565147181,0.0,0.0,0.0,0.0,-1664.0,0,1,0,0,0,0,0,0,0,0,0,0,0,0,0,0,0,0,0,0,0.0,0.0,0.0,1.0,0.0,1.0,54,3,1.7221195171654036,0.1178717831121365,1.7221195171654036
0,0,0,1,0,157500.0,560664.0,18216.0,468000.0,6,7,4,3,1,0.018209,-8896.0,-1962,1,1,0,1,0,0,1,1.0,3,3,3,8,0,0,0,0,1,1,39,0.5129118196514368,0.7662336700704004,2.0,0.0,2.0,0.0,-2367.0,0,1,0,0,0,0,0,0,0,0,0,0,0,0,0,0,0,0,0,0,0.0,0.0,0.0,0.0,0.0,3.0,52,0,3.5597488269915747,0.1156564085307394,3.5597488269915747
0,0,0,1,0,126000.0,808650.0,23773.5,675000.0,1,3,2,1,1,0.030755,-12761.0,-3751,1,0,0,1,0,0,18,2.0,2,2,4,13,0,0,0,0,0,0,57,0.050167421955916,0.2580842039460289,1.0,1.0,1.0,1.0,-1176.0,0,1,0,0,0,0,0,0,0,0,0,0,0,0,0,0,0,0,0,0,0.0,0.0,0.0,2.0,0.0,1.0,57,0,6.417806207887239,0.1886770739914762,6.417806207887239
0,0,0,0,0,72000.0,508495.5,21541.5,454500.0,6,3,4,1,1,0.031329,-10033.0,-2650,1,0,0,1,1,0,18,2.0,2,2,1,14,0,0,0,0,0,0,57,0.5699857960274607,0.7194907850918436,0.0,0.0,0.0,0.0,-3082.0,0,1,0,0,0,0,0,0,0,0,0,0,0,0,0,0,0,0,0,0,0.0,0.0,0.0,0.0,0.0,1.0,58,0,7.062339411952612,0.2991833446757684,7.062339411952612
0,0,1,1,0,157500.0,509400.0,37197.0,450000.0,6,7,4,0,1,0.030755,-4831.0,-3675,1,1,0,1,0,0,14,2.0,2,2,2,10,0,0,0,0,1,1,42,0.4597163621367976,0.7981372313187245,0.0,0.0,0.0,0.0,-431.0,0,1,0,0,0,0,0,0,0,0,0,0,0,0,0,0,0,0,0,0,0.0,0.0,0.0,0.0,0.0,1.0,39,3,3.234265179268703,0.2361699290798153,3.234265179268703
0,0,1,1,1,382500.0,641529.0,23697.0,535500.0,1,7,4,1,1,0.009175,-6351.0,-1392,1,1,0,1,0,1,8,3.0,2,2,4,16,0,0,0,0,1,1,5,0.6812905975537306,0.4614823912998385,2.0,1.0,2.0,0.0,-680.0,0,1,0,0,0,0,0,0,0,0,0,0,0,0,0,0,0,0,0,0,0.0,0.0,0.0,1.0,0.0,8.0,48,3,1.6771956151748624,0.0619527792084203,1.6771956151748624
0,0,1,1,0,81000.0,400500.0,20578.5,400500.0,6,7,4,1,1,0.028663,-3523.0,-4649,1,1,1,1,1,0,3,2.0,2,2,4,15,0,0,0,0,1,1,35,0.6538595680213771,0.4740512892789932,0.0,0.0,0.0,0.0,-2646.0,0,1,0,0,0,0,0,0,0,0,0,0,0,0,0,0,0,0,0,0,0.0,0.0,0.0,0.0,0.0,9.0,39,4,4.944383402674041,0.2540524191059369,4.944383402674041
0,0,0,1,0,100350.0,1278045.0,37498.5,1116000.0,6,7,4,1,1,0.019101,-7994.0,-3211,1,1,1,1,1,0,11,2.0,2,2,5,15,0,0,0,0,0,0,30,0.6493719615266221,0.7165702448010511,0.0,0.0,0.0,0.0,-2079.0,0,1,0,0,0,0,0,0,0,0,0,0,0,0,0,0,0,0,0,0,0.0,0.0,0.0,0.0,0.0,0.0,53,23,12.735747526183095,0.3736734063437334,12.735747526183095
0,1,0,1,0,202500.0,341280.0,21937.5,270000.0,1,3,1,1,1,0.00496,-2036.0,-609,1,0,0,1,0,0,18,2.0,2,2,4,11,0,0,0,0,0,0,57,0.4732942030553987,0.4436153084085652,2.0,0.0,2.0,0.0,-1395.0,0,0,0,0,1,0,0,0,0,0,0,0,0,0,0,0,0,0,0,0,0.0,0.0,0.0,0.0,0.0,0.0,43,0,1.6853250107406876,0.1083327983565513,1.6853250107406876
0,0,0,1,0,171000.0,534204.0,28588.5,495000.0,1,3,4,1,1,0.025164,-9916.0,-3749,1,0,0,1,1,1,18,2.0,2,2,0,12,0,0,0,0,0,0,57,0.5914553926460933,0.6894791426446275,0.0,0.0,0.0,0.0,-1469.0,0,1,0,0,0,0,0,0,0,0,0,0,0,0,0,0,0,0,0,0,0.0,0.0,0.0,0.0,0.0,2.0,55,0,3.123981731100988,0.1671832328465915,3.123981731100988
0,0,0,1,0,315000.0,1285569.0,66694.5,1215000.0,6,1,1,5,1,0.00496,-11864.0,-4083,1,1,0,1,0,0,0,1.0,2,2,1,18,0,0,0,0,0,0,5,0.6821351782293961,0.6971469077844458,3.0,0.0,3.0,0.0,-1699.0,0,1,0,0,0,0,0,0,0,0,0,0,0,0,0,0,0,0,0,0,0.0,0.0,0.0,0.0,0.0,5.0,58,3,4.081158472512786,0.2117278992765102,4.081158472512786
0,0,1,1,0,67500.0,162000.0,11272.5,162000.0,5,7,4,1,1,0.028663,-1010.0,-1009,1,1,0,1,0,0,6,2.0,2,2,0,9,0,0,0,0,0,0,40,0.7693779282294171,0.7826078370261895,3.0,0.0,3.0,0.0,-974.0,0,1,0,0,0,0,0,0,0,0,0,0,0,0,0,0,0,0,0,0,0.0,0.0,0.0,0.0,1.0,2.0,42,10,2.399964444971185,0.1669975259625783,2.399964444971185
0,0,0,1,0,85500.0,284400.0,10849.5,225000.0,1,3,4,5,1,0.015221,-5463.0,-4169,1,0,0,1,1,0,18,1.0,2,2,1,9,0,0,0,0,0,0,57,0.1625460247212672,0.2955826421513093,0.0,0.0,0.0,0.0,-1903.0,0,1,0,0,0,0,0,0,0,0,0,0,0,0,0,0,0,0,0,0,0.0,0.0,0.0,0.0,0.0,0.0,57,0,3.32627688565046,0.1268932527104946,3.32627688565046
0,0,0,1,0,360000.0,628114.5,25348.5,477000.0,6,1,1,1,1,0.025164,-6884.0,-919,1,1,0,1,0,0,8,2.0,2,2,0,8,0,0,0,0,0,0,5,0.659170398271759,0.4276573700350293,9.0,1.0,9.0,1.0,-1470.0,0,1,0,0,0,0,0,0,0,0,0,0,0,0,0,0,0,0,0,0,0.0,0.0,0.0,0.0,0.0,2.0,47,6,1.7447576534509626,0.0704123044102655,1.7447576534509626
0,0,0,1,2,72000.0,158148.0,7821.0,103500.0,1,4,4,1,1,0.020246,-3213.0,-4802,1,1,0,1,0,0,3,4.0,3,3,5,11,0,0,0,0,0,0,28,0.4689080820784486,0.5352762504724826,0.0,0.0,0.0,0.0,-374.0,0,1,0,0,0,0,0,0,0,0,0,0,0,0,0,0,0,0,0,0,0.0,0.0,0.0,0.0,0.0,0.0,33,3,2.196469493479257,0.108623491340398,2.196469493479257
1,1,1,1,0,675000.0,270000.0,13500.0,270000.0,1,1,4,1,1,0.04622,-2442.0,-760,1,1,0,1,0,0,18,2.0,1,1,1,10,0,1,1,0,0,0,21,0.7667093511916361,0.7874761977281463,0.0,0.0,0.0,0.0,-553.0,0,0,0,0,0,0,0,0,0,0,0,0,0,0,0,0,0,0,0,0,0.0,0.0,0.0,0.0,0.0,1.0,47,11,0.3999994074082853,0.0199999703704142,0.3999994074082853
0,0,0,1,0,72000.0,254700.0,17149.5,225000.0,6,7,4,1,1,0.026392,-3338.0,-1259,1,1,1,1,0,1,14,2.0,2,2,5,10,0,0,0,0,0,0,11,0.6028595079928585,0.2009260877159709,1.0,0.0,1.0,0.0,0.0,0,1,0,0,0,0,0,0,0,0,0,0,0,0,0,0,0,0,0,0,0.0,0.0,0.0,0.0,0.0,0.0,34,5,3.5374508687379342,0.2381841918862238,3.5374508687379342
0,1,0,1,0,99000.0,153310.5,12037.5,139500.0,6,7,4,3,1,0.0088659999999999,-3451.0,-1596,1,1,0,1,1,0,6,1.0,2,2,0,17,0,0,0,0,0,0,5,0.4025700473455196,0.5352762504724826,0.0,0.0,0.0,0.0,-229.0,0,1,0,0,0,0,0,0,0,0,0,0,0,0,0,0,0,0,0,0,0.0,0.0,0.0,0.0,0.0,1.0,24,0,1.5485752669164958,0.121589680912314,1.5485752669164958
0,0,0,1,1,270000.0,1061599.5,31171.5,927000.0,6,1,1,2,1,0.018634,-2669.0,-4836,1,1,0,1,0,0,3,2.0,2,2,0,13,0,0,0,0,0,0,30,0.2858978721410488,0.3474182272002641,0.0,0.0,0.0,0.0,-1123.0,0,0,0,0,0,0,1,0,0,0,0,0,0,0,0,0,0,0,0,0,0.0,0.0,0.0,0.0,3.0,1.0,37,1,3.931835437646528,0.115449572408991,3.931835437646528
0,0,0,1,1,180000.0,900000.0,35824.5,900000.0,6,7,4,2,1,0.01885,-344.0,-125,1,1,0,1,0,1,10,2.0,2,2,4,10,0,0,0,0,0,0,3,0.461579889926549,0.0572487718318119,0.0,0.0,0.0,0.0,-1376.0,0,1,0,0,0,0,0,0,0,0,0,0,0,0,0,0,0,0,0,0,0.0,0.0,0.0,0.0,0.0,3.0,42,4,4.999972222376543,0.1990238943116982,4.999972222376543
0,0,0,0,0,157500.0,746280.0,41800.5,675000.0,6,3,4,1,1,0.030755,-2625.0,-4433,1,0,0,1,0,0,18,2.0,2,2,4,14,0,0,0,0,0,0,57,0.5343835058369482,0.8095082892315094,0.0,0.0,0.0,0.0,-2542.0,0,1,0,0,0,0,0,0,0,0,0,0,0,0,0,0,0,0,0,0,0.0,0.0,0.0,0.0,0.0,6.0,63,0,4.738255630122984,0.2653983149313337,4.738255630122984
0,0,0,0,0,135000.0,755190.0,36328.5,675000.0,6,4,4,1,1,0.018634,-9778.0,-1670,1,1,1,1,0,0,3,2.0,2,2,0,18,0,0,0,0,1,1,11,0.6305614490245239,0.2032521136204725,0.0,0.0,0.0,0.0,-944.0,0,1,0,0,0,0,0,0,0,0,0,0,0,0,0,0,0,0,0,0,0.0,0.0,0.0,0.0,0.0,0.0,49,5,5.593958563269902,0.2690980066814319,5.593958563269902
0,0,0,1,0,292500.0,1007761.5,40095.0,927000.0,1,3,4,1,1,0.016612,-6762.0,-3630,1,0,0,1,0,0,18,2.0,2,2,1,11,0,0,0,0,0,0,57,0.6683743574119358,0.6801388218428291,2.0,1.0,2.0,1.0,-1049.0,0,1,0,0,0,0,0,0,0,0,0,0,0,0,0,0,0,0,0,0,0.0,0.0,0.0,4.0,0.0,3.0,55,0,3.44532668264382,0.137076454439472,3.44532668264382
0,1,0,0,0,229500.0,544491.0,16047.0,454500.0,6,3,4,0,1,0.010147,-2222.0,-4008,1,0,0,1,1,0,18,2.0,2,2,1,10,0,0,0,0,0,0,57,0.6004224563230101,0.0482589834678486,0.0,0.0,0.0,0.0,0.0,0,0,0,0,1,0,0,0,0,0,0,0,0,0,0,0,0,0,0,0,0.0,0.0,0.0,0.0,0.0,1.0,63,0,2.3724994662332626,0.0699212639596341,2.3724994662332626
0,0,1,1,0,112500.0,1102171.5,43839.0,945000.0,6,3,4,1,1,0.00823,-1773.0,-4371,1,0,0,1,0,0,18,2.0,2,2,1,15,0,0,0,0,0,0,57,0.5139006160665129,0.6263042766749393,0.0,0.0,0.0,0.0,0.0,0,1,0,0,0,0,0,0,0,0,0,0,0,0,0,0,0,0,0,0,0.0,0.0,0.0,0.0,1.0,2.0,60,0,9.796992915618528,0.389676536208567,9.796992915618528
0,0,0,1,0,112500.0,485086.5,18414.0,400500.0,6,7,3,1,1,0.031329,-13440.0,-4200,1,1,0,1,0,0,3,2.0,2,2,0,12,0,0,0,0,1,1,1,0.6776329377018737,0.6006575372857061,4.0,2.0,4.0,2.0,-1761.0,0,1,0,0,0,0,0,0,0,0,0,0,0,0,0,0,0,0,0,0,0.0,0.0,0.0,0.0,0.0,5.0,63,37,4.311841672518466,0.1636785450795992,4.311841672518466
0,0,0,0,0,180000.0,706500.0,20785.5,706500.0,6,3,4,5,1,0.026392,-1867.0,-4141,1,0,0,1,1,0,18,1.0,2,2,1,12,0,0,0,0,0,0,57,0.4018339633114953,0.7032033049040319,0.0,0.0,0.0,0.0,0.0,0,1,0,0,0,0,0,0,0,0,0,0,0,0,0,0,0,0,0,0,0.0,0.0,0.0,0.0,1.0,5.0,58,0,3.9249781945655857,0.1154743584757862,3.9249781945655857
0,0,1,0,0,90000.0,1293502.5,35698.5,1129500.0,6,3,4,1,1,0.006629,-4237.0,-4238,1,0,0,1,1,0,18,2.0,2,2,6,10,0,0,0,0,0,0,57,0.5882759369707123,0.5352762504724826,1.0,0.0,1.0,0.0,-281.0,0,1,0,0,0,0,0,0,0,0,0,0,0,0,0,0,0,0,0,0,0.0,0.0,0.0,0.0,0.0,1.0,56,0,14.372090310107666,0.3966455928267464,14.372090310107666
0,0,0,0,2,157500.0,391500.0,28485.0,391500.0,6,7,2,2,1,0.014464,-620.0,-3025,1,1,1,1,0,0,12,3.0,2,2,5,14,0,0,0,0,0,0,43,0.5046704765261005,0.1895952597360396,0.0,0.0,0.0,0.0,-392.0,0,1,0,0,0,0,0,0,0,0,0,0,0,0,0,0,0,0,0,0,0.0,0.0,0.0,0.0,0.0,3.0,35,1,2.485698503501565,0.1808559945651138,2.485698503501565
0,0,0,0,0,270000.0,1035072.0,28593.0,864000.0,1,7,4,3,1,0.019101,-9313.0,-239,1,1,0,1,0,0,10,1.0,2,2,4,15,0,0,0,0,0,0,51,0.5410585425983052,0.5460231970049609,1.0,0.0,1.0,0.0,-2542.0,0,1,0,0,0,0,0,0,0,0,0,0,0,0,0,0,0,0,0,0,0.0,0.0,0.0,0.0,0.0,1.0,45,3,3.833585801534068,0.1058996077792304,3.833585801534068
0,0,0,1,0,292500.0,585000.0,18999.0,585000.0,6,1,4,0,5,0.015221,-3593.0,-107,1,1,0,1,1,0,14,2.0,2,2,4,13,0,0,0,0,0,0,51,0.7818133677864954,0.1161249142719599,4.0,2.0,4.0,2.0,-1327.0,0,1,0,0,0,0,0,0,0,0,0,0,0,0,0,0,0,0,0,0,0.0,0.0,1.0,0.0,2.0,3.0,45,11,1.9999931624165388,0.064953624090174,1.9999931624165388
0,0,1,1,0,121500.0,765000.0,22495.5,765000.0,6,7,4,1,1,0.015221,-4432.0,-4845,1,1,0,1,0,0,18,2.0,2,2,5,11,0,0,0,0,1,1,20,0.7190879066716876,0.4884551844437485,5.0,0.0,5.0,0.0,-1730.0,0,1,0,0,0,0,0,0,0,0,0,0,0,0,0,0,0,0,0,0,0.0,0.0,0.0,0.0,0.0,3.0,38,0,6.296244475354112,0.1851466243076188,6.296244475354112
0,0,0,0,1,135000.0,250717.5,19939.5,207000.0,6,7,4,0,1,0.020246,-10.0,-1460,1,1,0,1,1,0,8,3.0,3,3,1,7,0,0,0,0,0,0,4,0.4295409402216284,0.6738300778602003,4.0,0.0,4.0,0.0,0.0,0,1,0,0,0,0,0,0,0,0,0,0,0,0,0,0,0,0,0,0,0.0,0.0,0.0,0.0,1.0,0.0,49,26,1.8571529099784445,0.1476989059340301,1.8571529099784445
0,0,0,1,2,144000.0,450000.0,21109.5,450000.0,6,7,3,1,1,0.010966,-1726.0,-5109,1,1,1,1,1,0,8,4.0,2,2,5,11,0,0,0,0,1,1,1,0.634987300258434,0.4812493411434029,0.0,0.0,0.0,0.0,-2049.0,0,1,0,0,0,0,0,0,0,0,0,0,0,0,0,0,0,0,0,0,0.0,0.0,0.0,0.0,0.0,0.0,36,13,3.124978298761814,0.1465927319949167,3.124978298761814
0,1,1,1,0,220500.0,346500.0,21069.0,346500.0,6,7,4,1,2,0.0084739999999999,-6638.0,-3272,1,1,0,1,0,0,8,2.0,2,2,0,13,0,0,0,0,0,0,4,0.6465636631961561,0.6041125998015721,3.0,0.0,3.0,0.0,-1319.0,0,1,0,0,0,0,0,0,0,0,0,0,0,0,0,0,0,0,0,0,0.0,0.0,0.0,0.0,0.0,3.0,54,23,1.5714214448007038,0.0955505870721674,1.5714214448007038
0,0,0,0,0,90000.0,900000.0,26316.0,900000.0,6,7,4,1,1,0.0066709999999999,-808.0,-1151,1,1,1,1,0,0,14,2.0,2,2,4,17,0,0,0,1,1,0,42,0.6299550413445746,0.2793353208976285,0.0,0.0,0.0,0.0,-764.0,0,1,0,0,0,0,0,0,0,0,0,0,0,0,0,0,0,0,0,0,0.0,0.0,0.0,0.0,0.0,0.0,35,0,9.999888890123444,0.2923967511472095,9.999888890123444
0,1,1,1,1,135000.0,450000.0,22018.5,450000.0,6,7,4,1,1,0.00702,-4384.0,-3564,1,1,0,1,0,0,4,3.0,2,2,0,16,0,0,0,0,0,0,20,0.1560137981591208,0.190705947811054,0.0,0.0,0.0,0.0,-324.0,0,1,0,0,0,0,0,0,0,0,0,0,0,0,0,0,0,0,0,0,0.0,0.0,0.0,0.0,1.0,5.0,29,8,3.3333086421582063,0.163098791860801,3.3333086421582063
0,0,0,0,0,90000.0,66222.0,7083.0,58500.0,6,7,4,5,1,0.00702,-761.0,-3873,1,1,0,1,0,0,8,1.0,2,2,4,14,0,0,0,0,0,0,20,0.7866090827816266,0.7352209993926424,0.0,0.0,0.0,0.0,-1967.0,0,1,0,0,0,0,0,0,0,0,0,0,0,0,0,0,0,0,0,0,0.0,0.0,1.0,0.0,0.0,1.0,42,4,0.7357918245352829,0.0786991255652714,0.7357918245352829
0,1,0,1,0,90000.0,360000.0,26325.0,360000.0,1,7,4,1,1,0.015221,-8056.0,-2113,1,1,0,1,0,0,8,2.0,2,2,4,8,0,0,0,0,0,0,5,0.6490532398158354,0.5602843280409464,1.0,0.0,1.0,0.0,-350.0,0,1,0,0,0,0,0,0,0,0,0,0,0,0,0,0,0,0,0,0,0.0,0.0,0.0,0.0,3.0,0.0,50,28,3.999955556049377,0.2924967500361107,3.999955556049377
0,1,0,1,0,157500.0,630000.0,26820.0,630000.0,5,7,4,1,1,0.025164,-4798.0,-4803,1,1,1,1,0,0,18,2.0,2,2,4,12,0,0,0,0,1,1,33,0.2653117484731741,0.5298898341969072,0.0,0.0,0.0,0.0,-577.0,0,1,0,0,0,0,0,0,0,0,0,0,0,0,0,0,0,0,0,0,0.0,0.0,0.0,1.0,1.0,2.0,59,2,3.999974603335852,0.1702846331134405,3.999974603335852
0,0,1,0,0,202500.0,675000.0,19071.0,675000.0,6,4,1,1,1,0.032561,-2886.0,-4861,1,1,1,1,1,0,18,2.0,1,1,0,17,0,0,0,0,0,0,33,0.7495283183787624,0.5352762504724826,0.0,0.0,0.0,0.0,-3198.0,0,1,0,0,0,0,0,0,0,0,0,0,0,0,0,0,0,0,0,0,0.0,0.0,0.0,0.0,0.0,1.0,58,0,3.3333168725092714,0.0941773127046286,3.3333168725092714
0,0,1,1,0,67500.0,134775.0,9378.0,112500.0,6,7,4,1,1,0.015221,-9474.0,-1509,1,1,0,1,0,0,17,2.0,2,2,0,10,0,0,0,0,0,0,56,0.3559724357076581,0.6212263380626669,2.0,0.0,2.0,0.0,-1706.0,0,1,0,0,0,0,0,0,0,0,0,0,0,0,0,0,0,0,0,0,0.0,0.0,0.0,0.0,0.0,1.0,49,11,1.9966370868579724,0.1389312750922208,1.9966370868579724
0,1,1,1,0,112500.0,203760.0,13149.0,180000.0,6,1,2,1,1,0.035792,-9905.0,-3000,1,1,0,1,0,0,10,2.0,2,2,5,10,0,0,0,0,0,0,42,0.6953164322228004,0.6690566947824041,1.0,1.0,1.0,1.0,-1260.0,0,0,0,0,0,0,1,0,0,0,0,0,0,0,0,0,0,0,0,0,0.0,0.0,0.0,0.0,0.0,6.0,53,12,1.8111839005875503,0.1168789610759015,1.8111839005875503
0,0,1,1,0,121500.0,970380.0,28503.0,810000.0,6,1,4,1,1,0.030755,-9058.0,-4031,1,1,0,1,0,0,18,2.0,2,2,5,18,0,0,0,0,0,0,56,0.5931979528005339,0.5352762504724826,1.0,0.0,1.0,0.0,-946.0,0,1,0,0,0,0,0,0,0,0,0,0,0,0,0,0,0,0,0,0,0.0,0.0,0.0,0.0,0.0,1.0,60,7,7.986600933325652,0.2345906618052526,7.986600933325652
1,0,0,0,1,90000.0,180000.0,9000.0,180000.0,6,7,4,0,4,0.00733,-7671.0,-405,1,1,0,1,0,0,14,3.0,2,2,5,12,0,0,0,0,0,0,5,0.050586917810188,0.5352762504724826,0.0,0.0,0.0,0.0,-139.0,0,0,0,0,0,0,0,0,0,0,0,0,0,0,0,0,0,0,0,0,0.0,0.0,0.0,0.0,0.0,1.0,21,0,1.9999777780246888,0.0999988889012344,1.9999777780246888
0,1,1,0,1,121500.0,254700.0,17149.5,225000.0,5,1,4,1,1,0.00712,-4650.0,-4654,1,1,0,1,1,0,8,3.0,2,2,1,13,0,1,1,0,1,1,24,0.7694477623738278,0.6528965519806539,0.0,0.0,0.0,0.0,-1326.0,0,1,0,0,0,0,0,0,0,0,0,0,0,0,0,0,0,0,0,0,0.0,0.0,0.0,0.0,0.0,1.0,34,3,2.09627904297084,0.141146986444556,2.09627904297084
0,0,1,0,1,157500.0,539100.0,29376.0,450000.0,6,1,1,0,1,0.0038179999999999,-6099.0,-4570,1,1,0,1,0,1,3,3.0,2,2,1,4,0,0,0,1,1,0,2,0.6518672959897265,0.6178261467332483,0.0,0.0,0.0,0.0,-1153.0,0,1,0,0,0,0,0,0,0,0,0,0,0,0,0,0,0,0,0,0,0.0,0.0,0.0,0.0,1.0,6.0,32,6,3.4228354105688217,0.1865131015041174,3.4228354105688217
0,0,0,1,0,144000.0,490500.0,16339.5,490500.0,6,7,4,1,1,0.025164,-6013.0,-4627,1,1,0,1,1,0,8,2.0,2,2,6,15,0,0,0,0,0,0,3,0.2631435910213423,0.7047064232963289,11.0,1.0,11.0,0.0,-856.0,0,1,0,0,0,0,0,0,0,0,0,0,0,0,0,0,0,0,0,0,0.0,0.0,0.0,1.0,1.0,1.0,58,39,3.4062263456503774,0.1134679620280414,3.4062263456503774
0,0,0,1,1,157500.0,900000.0,26446.5,900000.0,6,7,4,1,1,0.025164,-6909.0,-1540,1,1,0,1,0,0,18,3.0,2,2,1,12,0,0,0,0,0,0,5,0.2652563401861944,0.3842068130556564,1.0,0.0,1.0,0.0,-1226.0,0,1,0,0,0,0,0,0,0,0,0,0,0,0,0,0,0,0,0,0,0.0,0.0,0.0,0.0,0.0,7.0,49,1,5.714249433336931,0.1679132195986057,5.714249433336931
0,1,1,1,0,180000.0,112500.0,12244.5,112500.0,6,3,1,1,1,0.018209,-9919.0,-4610,1,0,0,1,0,0,18,2.0,3,3,5,11,0,0,0,0,0,0,57,0.562434279944182,0.4329616670974407,0.0,0.0,0.0,0.0,-954.0,0,1,0,0,0,0,0,0,0,0,0,0,0,0,0,0,0,0,0,0,0.0,0.0,1.0,0.0,0.0,6.0,67,0,0.6249965277970678,0.0680246220854328,0.6249965277970678
0,0,0,1,0,90000.0,229230.0,13288.5,202500.0,1,3,4,2,1,0.020246,-8445.0,-4021,1,0,0,1,0,0,18,1.0,3,3,1,8,0,0,0,0,0,0,57,0.1784963259827339,0.7380196196295241,7.0,2.0,7.0,2.0,0.0,0,0,0,0,1,0,0,0,0,0,0,0,0,0,0,0,0,0,0,0,0.0,0.0,0.0,0.0,0.0,0.0,56,0,2.5469717003144408,0.1476483594626726,2.5469717003144408
0,0,0,1,0,67500.0,204858.0,9153.0,171000.0,6,3,4,5,1,0.015221,-4574.0,-3969,1,0,0,1,0,0,18,1.0,2,2,1,10,0,0,0,0,0,0,57,0.5499659856089464,0.4525335592581747,1.0,0.0,1.0,0.0,-716.0,0,1,0,0,0,0,0,0,0,0,0,0,0,0,0,0,0,0,0,0,0.0,0.0,0.0,0.0,0.0,2.0,57,0,3.034888372024118,0.1355979911408719,3.034888372024118
0,1,0,1,0,270000.0,521280.0,41062.5,450000.0,6,1,4,1,1,0.035792,-2645.0,-2644,1,1,0,1,0,0,10,2.0,2,2,5,15,0,0,0,0,1,1,7,0.6150542255751398,0.0542129844258891,3.0,0.0,3.0,0.0,-1370.0,0,1,0,0,0,0,0,0,0,0,0,0,0,0,0,0,0,0,0,0,0.0,0.0,0.0,0.0,0.0,2.0,52,5,1.9306595160758664,0.1520827700638145,1.9306595160758664
0,1,1,1,0,202500.0,651600.0,31477.5,562500.0,6,7,4,1,1,0.0072739999999999,-2758.0,-726,1,1,0,1,0,1,8,2.0,2,2,6,10,0,0,0,0,0,0,33,0.5406784166021223,0.5867400085415683,0.0,0.0,0.0,0.0,-959.0,0,1,0,0,0,0,0,0,0,0,0,0,0,0,0,0,0,0,0,0,0.0,0.0,0.0,0.0,0.0,0.0,47,2,3.217761887595617,0.155443676821349,3.217761887595617
0,1,0,1,0,135000.0,518562.0,37008.0,463500.0,6,1,1,1,1,0.035792,-9359.0,-928,1,1,0,1,0,0,8,2.0,2,2,5,9,0,0,0,0,0,0,55,0.6916116688330696,0.5352762504724826,2.0,0.0,2.0,0.0,-342.0,0,0,0,0,0,0,1,0,0,0,0,0,0,0,0,0,0,0,0,0,0.0,0.0,0.0,0.0,0.0,1.0,47,15,3.841171546877431,0.2741313027310909,3.841171546877431
0,0,0,0,0,90000.0,900000.0,26446.5,900000.0,6,7,4,1,1,0.0066709999999999,-5558.0,-4051,1,1,1,1,0,0,8,2.0,2,2,5,16,0,0,0,0,1,1,5,0.6966582429163355,0.5298898341969072,0.0,0.0,0.0,0.0,-2323.0,0,1,0,0,0,0,0,0,0,0,0,0,0,0,0,0,0,0,0,0,0.0,0.0,0.0,1.0,0.0,0.0,43,4,9.999888890123444,0.2938467350362774,9.999888890123444
1,0,0,1,2,112500.0,270000.0,13500.0,270000.0,6,7,4,1,1,0.009175,-3011.0,-3021,1,1,0,1,0,0,14,4.0,2,2,6,12,0,0,0,0,1,1,42,0.6391534436592254,0.7136313997323308,5.0,0.0,5.0,0.0,-572.0,0,0,0,0,0,0,0,0,0,0,0,0,0,0,0,0,0,0,0,0,0.0,0.0,0.0,0.0,0.0,0.0,28,3,2.3999786668562946,0.1199989333428147,2.3999786668562946
0,1,1,1,0,315000.0,809136.0,44023.5,643500.0,6,1,4,1,1,0.035792,-454.0,-3351,1,1,0,1,0,1,10,2.0,2,2,5,12,0,0,0,0,0,0,23,0.6192032082091975,0.5989262182569273,0.0,0.0,0.0,0.0,-281.0,0,1,0,0,0,0,0,0,0,0,0,0,0,0,0,0,0,0,0,0,0.0,0.0,1.0,0.0,0.0,1.0,30,2,2.5686775597537785,0.1397566991850819,2.5686775597537785
0,0,0,0,0,90000.0,916470.0,26797.5,765000.0,6,7,1,3,1,0.019101,-7480.0,-4141,1,1,0,1,0,0,10,1.0,2,2,5,10,0,0,0,0,0,0,42,0.7502255758833833,0.7136313997323308,0.0,0.0,0.0,0.0,-1907.0,0,1,0,0,0,0,0,0,0,0,0,0,0,0,0,0,0,0,0,0,0.0,0.0,0.0,0.0,0.0,2.0,37,6,10.182886856812702,0.2977466917034255,10.182886856812702
0,0,0,1,0,81000.0,278613.0,15687.0,252000.0,6,7,4,1,1,0.020713,-7878.0,-2206,1,1,0,1,1,0,6,2.0,3,3,4,11,0,0,0,0,0,0,5,0.7436203608468224,0.8327850252992314,5.0,1.0,5.0,0.0,-1643.0,0,1,0,0,0,0,0,0,0,0,0,0,0,0,0,0,0,0,0,0,0.0,0.0,0.0,0.0,2.0,3.0,51,9,3.439624202170344,0.1936642757496821,3.439624202170344
0,1,0,0,1,135000.0,225000.0,8469.0,225000.0,6,7,4,1,4,0.010643,-848.0,-2101,1,1,0,1,0,0,18,3.0,2,2,2,15,0,0,0,0,0,0,4,0.7606995078042046,0.5352762504724826,0.0,0.0,0.0,0.0,-4.0,0,1,0,0,0,0,0,0,0,0,0,0,0,0,0,0,1,0,0,0,0.0,0.0,0.0,0.0,0.0,1.0,25,3,1.6666543210791032,0.0627328686454174,1.6666543210791032
1,0,0,1,0,67500.0,135000.0,6750.0,135000.0,6,7,4,3,1,0.02461,-2684.0,-483,1,1,1,1,1,0,14,1.0,2,2,4,12,0,0,0,0,0,0,8,0.5364287483433643,0.6722428897082422,9.0,1.0,9.0,1.0,-479.0,0,0,0,0,0,0,0,0,0,0,0,0,0,0,0,0,0,0,0,0,0.0,0.0,0.0,0.0,0.0,1.0,21,2,1.9999703708093213,0.099998518540466,1.9999703708093213
0,0,1,1,2,81000.0,675000.0,19737.0,675000.0,6,4,4,1,1,0.015221,-1625.0,-3333,1,1,1,1,1,0,3,4.0,2,2,6,14,0,0,0,0,1,1,39,0.5967286297145571,0.6894791426446275,0.0,0.0,0.0,0.0,0.0,0,1,0,0,0,0,0,0,0,0,0,0,0,0,0,0,0,0,0,0,0.0,0.0,0.0,0.0,0.0,3.0,37,7,8.333230453945013,0.2436636584733521,8.333230453945013
0,1,0,1,0,180000.0,256500.0,14854.5,256500.0,6,1,4,1,1,0.026392,-10759.0,-1538,1,1,0,1,0,0,18,2.0,2,2,5,9,0,0,0,0,1,1,5,0.6465436742995817,0.7700870700124128,5.0,0.0,5.0,0.0,-2277.0,0,1,0,0,0,0,0,0,0,0,0,0,0,0,0,0,0,0,0,0,0.0,0.0,1.0,0.0,2.0,0.0,51,0,1.4249920833773146,0.0825245415303248,1.4249920833773146
0,1,0,1,0,112500.0,254700.0,20250.0,225000.0,6,7,4,1,1,0.030755,-1558.0,-1904,1,1,0,1,0,0,8,2.0,2,2,1,12,0,0,0,0,1,1,5,0.0886293730889396,0.5352762504724826,0.0,0.0,0.0,0.0,0.0,0,1,0,0,0,0,0,0,0,0,0,0,0,0,0,0,0,0,0,0,0.0,0.0,0.0,0.0,0.0,1.0,51,3,2.263979875734438,0.1799984000142221,2.263979875734438
0,1,0,0,2,225000.0,450000.0,23301.0,450000.0,6,1,1,1,1,0.0116569999999999,-506.0,-1301,1,1,1,1,0,0,14,4.0,1,1,6,17,0,1,1,0,1,1,5,0.5273364097840694,0.6263042766749393,0.0,0.0,0.0,0.0,-1.0,0,0,0,0,0,0,0,0,0,1,0,0,0,0,0,0,0,0,0,0,0.0,0.0,0.0,0.0,0.0,1.0,34,8,1.999991111150617,0.1035595397353789,1.999991111150617
0,0,0,0,0,99000.0,508495.5,21672.0,454500.0,6,1,4,1,1,0.018801,-8392.0,-3665,1,1,1,1,1,0,18,2.0,2,2,3,9,0,0,0,0,0,0,13,0.0922499872964788,0.5744466170995097,0.0,0.0,0.0,0.0,-1229.0,0,1,0,0,0,0,0,0,0,0,0,0,0,0,0,0,0,0,0,0,0.0,0.0,0.0,0.0,0.0,0.0,55,0,5.1362663003404005,0.2189068797284876,5.1362663003404005
0,0,1,0,0,112500.0,630000.0,32751.0,630000.0,6,1,1,1,1,0.022625,-1674.0,-783,1,1,0,1,0,1,6,2.0,2,2,6,13,0,0,0,0,0,0,46,0.5716411813650637,0.722392890081304,0.0,0.0,0.0,0.0,-173.0,0,0,0,0,0,0,0,0,0,0,0,0,0,0,0,0,0,0,0,0,0.0,0.0,0.0,1.0,0.0,0.0,31,6,5.599950222664687,0.2911174122896685,5.599950222664687
0,0,0,1,0,202500.0,521280.0,35262.0,450000.0,6,7,4,1,1,0.010032,-1394.0,-399,1,1,0,1,1,0,18,2.0,2,2,0,8,0,0,0,0,0,0,5,0.1040646467341647,0.2822484337007223,3.0,0.0,3.0,0.0,0.0,0,1,0,0,0,0,0,0,0,0,0,0,0,0,0,0,0,0,0,0,0.0,0.0,0.0,0.0,0.0,0.0,38,0,2.574209510076493,0.1741324734198843,2.574209510076493
0,1,1,1,0,157500.0,439074.0,22549.5,328500.0,6,7,1,1,1,0.035792,-5610.0,-4412,1,1,0,1,0,0,8,2.0,2,2,2,13,0,0,0,0,0,0,5,0.6775660574975971,0.4206109640437848,2.0,0.0,2.0,0.0,-707.0,0,0,0,0,0,0,1,0,0,0,0,0,0,0,0,0,0,0,0,0,0.0,0.0,0.0,0.0,1.0,3.0,60,2,2.7877537285477554,0.1431705195522568,2.7877537285477554
0,0,1,1,0,126000.0,450000.0,12375.0,450000.0,6,1,1,1,1,0.030755,-4126.0,-1417,1,1,1,1,1,0,10,2.0,2,2,0,10,0,0,0,0,1,1,45,0.3341006998598812,0.622922000268356,0.0,0.0,0.0,0.0,0.0,0,0,0,0,0,0,0,0,0,1,0,0,0,0,0,0,0,0,0,0,0.0,0.0,0.0,1.0,0.0,3.0,30,3,3.571400226982325,0.0982135062420139,3.571400226982325
1,1,0,0,0,76500.0,225000.0,11250.0,225000.0,6,1,4,3,1,0.0060079999999999,-5975.0,-3874,1,1,0,1,0,0,18,1.0,2,2,0,13,0,0,0,1,1,0,42,0.6042460943592948,0.7557400501752248,3.0,0.0,3.0,0.0,0.0,0,0,0,0,0,0,0,0,0,0,0,0,0,0,0,0,0,0,0,0,0.0,0.0,0.0,1.0,0.0,2.0,31,0,2.9411380243395517,0.1470569012169775,2.9411380243395517
0,0,0,1,1,202500.0,1078200.0,31653.0,900000.0,1,7,2,1,1,0.006207,-1069.0,-2573,1,1,0,1,0,0,12,3.0,2,2,5,18,0,0,0,0,0,0,33,0.6887359252995087,0.5989262182569273,0.0,0.0,0.0,0.0,-1030.0,0,1,0,0,0,0,0,0,0,0,0,0,0,0,0,0,0,0,0,0,0.0,0.0,0.0,0.0,1.0,0.0,29,10,5.324418151021477,0.1563103392082014,5.324418151021477
0,1,1,0,0,135000.0,495000.0,19179.0,495000.0,6,7,4,3,5,0.026392,-4397.0,-2302,1,1,1,1,1,0,14,1.0,2,2,1,15,0,0,0,1,1,1,5,0.1032418119505222,0.1873887653772306,0.0,0.0,0.0,0.0,-251.0,0,1,0,0,0,0,0,0,0,0,0,0,0,0,0,0,0,0,0,0,0.0,0.0,0.0,0.0,0.0,1.0,26,2,3.6666395063740262,0.1420656143287827,3.6666395063740262
0,0,0,1,0,157500.0,518562.0,25078.5,463500.0,6,7,1,3,1,0.0084739999999999,-826.0,-4851,1,1,0,1,0,0,3,1.0,2,2,5,19,0,0,0,0,0,0,11,0.5803408027787188,0.4436153084085652,0.0,0.0,0.0,0.0,-2013.0,0,1,0,0,0,0,0,0,0,0,0,0,0,0,0,0,0,0,0,0,0.0,0.0,0.0,0.0,0.0,1.0,34,13,3.292436238500073,0.1592275604599335,3.292436238500073
0,1,1,0,0,202500.0,337500.0,16546.5,337500.0,6,7,4,3,1,0.0145199999999999,-730.0,-2857,1,1,0,1,0,0,8,1.0,2,2,1,12,0,0,0,0,0,0,11,0.5437560378134573,0.3154721549257734,7.0,3.0,7.0,3.0,0.0,0,1,0,0,0,0,0,0,0,0,0,0,0,0,0,0,0,0,0,0,0.0,0.0,1.0,2.0,2.0,1.0,28,2,1.6666584362546355,0.0817107076014439,1.6666584362546355
0,0,0,1,0,225000.0,1288350.0,37800.0,1125000.0,6,1,4,1,1,0.035792,-5037.0,-3724,1,1,0,1,0,0,14,2.0,2,2,2,11,0,0,0,0,0,0,51,0.6458337368904561,0.5352762504724826,3.0,0.0,3.0,0.0,-556.0,0,0,0,0,0,0,1,0,0,0,0,0,0,0,0,0,0,0,0,0,0.0,0.0,0.0,0.0,0.0,1.0,30,1,5.725974551224216,0.1679992533366518,5.725974551224216
0,0,0,0,1,256500.0,814041.0,28840.5,679500.0,6,1,1,2,1,0.0196889999999999,-88.0,-645,1,1,1,1,0,0,10,2.0,2,2,2,12,0,0,0,0,0,0,5,0.4085006931814241,0.2314393514998941,3.0,0.0,3.0,0.0,-597.0,0,1,0,0,0,0,0,0,0,0,0,0,0,0,0,0,0,0,0,0,0.0,0.0,0.0,0.0,0.0,2.0,35,0,3.1736367499541918,0.1124381581358357,3.1736367499541918
0,1,1,1,1,157500.0,172021.5,18657.0,148500.0,1,7,4,1,1,0.011703,-3794.0,-3264,1,1,0,1,0,0,4,3.0,2,2,4,18,0,0,0,0,1,1,7,0.6328762540237475,0.5352762504724826,0.0,0.0,0.0,0.0,-584.0,0,0,0,0,0,0,1,0,0,0,0,0,0,0,0,0,0,0,0,0,0.0,0.0,0.0,0.0,0.0,1.0,40,0,1.0921930654408545,0.1184563907530745,1.0921930654408545
0,0,0,1,0,99000.0,526491.0,24394.5,454500.0,6,7,4,1,1,0.026392,-1488.0,-3602,1,1,1,1,1,0,14,2.0,2,2,3,14,0,0,0,0,0,0,11,0.1342824319288596,0.7407990879702335,7.0,0.0,7.0,0.0,-2006.0,0,1,0,0,0,0,0,0,0,0,0,0,0,0,0,0,0,0,0,0,0.0,0.0,0.0,0.0,0.0,2.0,54,9,5.31803719154352,0.2464066019535156,5.31803719154352
0,0,0,0,0,238500.0,1002870.0,42619.5,922500.0,6,3,4,1,2,0.005144,-7696.0,-3549,1,0,0,1,0,0,18,2.0,2,2,4,11,0,0,0,0,0,0,57,0.513507295286292,0.3154721549257734,5.0,0.0,5.0,0.0,-110.0,0,0,0,0,1,0,0,0,0,0,0,0,0,0,0,0,0,0,0,0,0.0,0.0,0.0,0.0,1.0,1.0,55,0,4.204888029819582,0.1786973639523524,4.204888029819582
0,0,0,1,0,247500.0,810378.0,26140.5,580500.0,6,3,4,1,1,0.035792,-703.0,-3594,1,0,0,1,0,0,18,2.0,2,2,0,11,0,0,0,0,0,0,57,0.3572819736123357,0.5352762504724826,3.0,0.0,3.0,0.0,-1495.0,0,0,0,0,1,0,0,0,0,0,0,0,0,0,0,0,0,0,0,0,0.0,0.0,0.0,0.0,0.0,1.0,58,0,3.274241316196702,0.1056177550797774,3.274241316196702
0,0,1,1,1,81000.0,640080.0,31261.5,450000.0,6,7,4,1,1,0.014464,-2357.0,-2596,1,1,0,1,0,0,11,3.0,2,2,5,5,0,0,0,0,0,0,30,0.6759395958954881,0.0604436913265675,0.0,0.0,0.0,0.0,-1116.0,0,1,0,0,0,0,0,0,0,0,0,0,0,0,0,0,0,0,0,0,0.0,0.0,0.0,0.0,0.0,4.0,27,7,7.902124665127591,0.38593967975704,7.902124665127591
0,0,0,1,0,90000.0,533668.5,27378.0,477000.0,6,7,4,1,1,0.031329,-4.0,-17,1,1,0,1,0,0,2,2.0,2,2,2,9,0,0,0,0,0,0,42,0.6330439043210081,0.7047064232963289,2.0,0.0,2.0,0.0,-2214.0,0,1,0,0,0,0,0,0,0,0,0,0,0,0,0,0,0,0,0,0,0.0,0.0,0.0,0.0,2.0,3.0,62,4,5.929584115732047,0.3041966200375551,5.929584115732047
0,0,1,1,0,360000.0,962370.0,74605.5,900000.0,6,1,1,1,1,0.031329,-841.0,-121,1,1,0,1,1,1,10,2.0,2,2,4,10,0,0,0,0,0,0,5,0.694945691244662,0.6144143775673561,0.0,0.0,0.0,0.0,-1644.0,0,1,0,0,0,0,0,0,0,0,0,0,0,0,0,0,0,0,0,0,0.0,0.0,0.0,0.0,0.0,2.0,45,7,2.6732425743261823,0.2072369243418768,2.6732425743261823
0,0,0,1,2,81000.0,269550.0,19300.5,225000.0,6,7,4,2,1,0.025164,-9014.0,-554,1,1,0,1,0,0,18,3.0,2,2,6,14,0,0,0,0,0,0,55,0.1621921059592286,0.2188590822283744,0.0,0.0,0.0,0.0,0.0,0,1,0,0,0,0,0,0,0,0,0,0,0,0,0,0,0,0,0,0,0.0,0.0,0.0,0.0,0.0,0.0,46,7,3.3277366946087086,0.2382748361131344,3.3277366946087086
0,0,0,0,0,139500.0,1525405.5,42075.0,1332000.0,6,3,4,1,1,0.009334,-8812.0,-3418,1,0,0,1,0,0,18,2.0,2,2,1,11,0,0,0,0,0,0,57,0.6206458784109674,0.5352762504724826,1.0,0.0,1.0,0.0,0.0,0,0,0,0,1,0,0,0,0,0,0,0,0,0,0,0,0,0,0,0,0.0,0.0,0.0,0.0,1.0,1.0,55,0,10.934728066465471,0.3016107411416405,10.934728066465471
0,1,1,0,0,94500.0,675000.0,26284.5,675000.0,6,1,3,3,5,0.0088659999999999,-6117.0,-4352,1,1,0,1,1,0,8,1.0,2,2,0,17,0,0,0,0,0,0,42,0.0271584008277688,0.5495965024956946,0.0,0.0,0.0,0.0,-427.0,0,1,0,0,0,0,0,0,0,0,0,0,0,0,0,0,0,0,0,0,0.0,0.0,0.0,0.0,0.0,2.0,36,9,7.142781557867113,0.2781399138633453,7.142781557867113
0,0,0,1,0,193500.0,755190.0,36459.0,675000.0,1,7,4,3,1,0.0196889999999999,-3282.0,-2819,1,1,0,1,0,0,2,1.0,2,2,6,9,0,1,1,0,0,0,5,0.5279250313842981,0.5352762504724826,3.0,0.0,3.0,0.0,-1821.0,0,0,0,0,1,0,0,0,0,0,0,0,0,0,0,0,0,0,0,0,0.0,0.0,0.0,0.0,0.0,2.0,52,4,3.9027705283176832,0.1884176309166361,3.9027705283176832
1,0,1,1,0,171000.0,270000.0,13500.0,495000.0,7,1,1,0,1,0.019101,-918.0,-2636,1,1,1,1,0,0,8,2.0,2,2,2,10,0,0,0,0,1,1,51,0.6777045869919507,0.4920600938649263,10.0,1.0,10.0,1.0,-1533.0,0,0,0,0,0,0,0,0,0,0,0,0,0,0,0,0,0,0,0,0,0.0,0.0,0.0,0.0,0.0,8.0,52,8,1.5789381348647085,0.0789469067432354,1.5789381348647085
0,0,0,1,0,135000.0,312768.0,13248.0,270000.0,6,3,4,5,1,0.015221,-13202.0,-4016,1,0,0,1,1,0,18,1.0,2,2,2,8,0,0,0,0,0,0,57,0.5748669479949328,0.4902575124990026,0.0,0.0,0.0,0.0,0.0,0,0,0,0,1,0,0,0,0,0,0,0,0,0,0,0,0,0,0,0,0.0,0.0,0.0,0.0,0.0,2.0,59,0,2.3167828386456395,0.0981326064251375,2.3167828386456395
0,1,0,0,0,135000.0,497520.0,39438.0,450000.0,6,7,4,0,1,0.010147,-6024.0,-4509,1,1,0,1,0,0,16,2.0,2,2,2,11,0,0,0,1,1,0,55,0.0650189457520115,0.6263042766749393,2.0,1.0,2.0,1.0,0.0,0,0,0,1,0,0,0,0,0,0,0,0,0,0,0,0,0,0,0,0,0.0,0.0,0.0,0.0,0.0,0.0,32,2,3.6853060347701128,0.2921311693987451,3.6853060347701128
0,0,0,1,0,90000.0,675000.0,29731.5,675000.0,6,3,1,1,1,0.015221,-8146.0,-3884,1,0,0,1,1,0,18,2.0,2,2,6,14,0,0,0,0,0,0,57,0.1840817397049063,0.3506958432829587,0.0,0.0,0.0,0.0,0.0,0,0,0,0,1,0,0,0,0,0,0,0,0,0,0,0,0,0,0,0,0.0,0.0,0.0,0.0,0.0,0.0,56,0,7.499916667592582,0.3303463294852279,7.499916667592582
0,1,1,0,1,157500.0,274500.0,16807.5,274500.0,6,7,4,2,1,0.010966,-795.0,-4387,1,1,0,1,0,0,4,2.0,2,2,1,11,0,0,0,0,0,0,33,0.4499998579688382,0.2707073872651806,0.0,0.0,0.0,0.0,0.0,0,1,0,0,0,0,0,0,0,0,0,0,0,0,0,0,0,0,0,0,0.0,0.0,0.0,0.0,0.0,0.0,44,3,1.742846077167764,0.1067136081675671,1.742846077167764
0,1,1,0,1,900000.0,1886850.0,51885.0,1575000.0,1,7,1,1,1,0.010966,-5954.0,-1282,1,1,0,1,1,0,10,3.0,2,2,1,11,0,0,0,0,0,0,38,0.2861926196215946,0.326475210066026,0.0,0.0,0.0,0.0,-2595.0,0,1,0,0,0,0,0,0,0,0,0,0,0,0,0,0,0,0,0,0,0.0,0.0,0.0,0.0,0.0,1.0,48,7,2.096497670558144,0.0576499359445156,2.096497670558144
0,0,0,1,0,180000.0,328500.0,24691.5,328500.0,6,3,4,2,1,0.0145199999999999,-1385.0,-4542,1,0,0,1,0,0,18,1.0,2,2,5,6,0,0,0,0,0,0,57,0.6298122974981882,0.7713615919194317,0.0,0.0,0.0,0.0,-1805.0,0,1,0,0,0,0,0,0,0,0,0,0,0,0,0,0,0,0,0,0,0.0,0.0,0.0,0.0,0.0,2.0,57,0,1.824989861167438,0.1371742379209004,1.824989861167438
0,0,0,1,0,112500.0,571446.0,18562.5,477000.0,6,7,1,1,1,0.022625,-2706.0,-3037,1,1,0,1,1,0,14,2.0,2,2,6,11,0,0,0,0,0,0,42,0.2665197753925157,0.8016009030071296,4.0,0.0,4.0,0.0,-30.0,0,1,0,0,0,0,0,0,0,0,0,0,0,0,0,0,0,0,0,0,0.0,0.0,0.0,1.0,0.0,3.0,53,7,5.079474849112453,0.1649985333463702,5.079474849112453
0,1,1,1,0,157500.0,325908.0,17811.0,247500.0,6,7,1,3,1,0.003069,-1006.0,-4607,1,1,0,1,1,0,3,1.0,3,3,2,12,0,0,0,0,1,1,39,0.0307650301982379,0.1735274304649146,0.0,0.0,0.0,0.0,-273.0,0,1,0,0,0,0,0,0,0,0,0,0,0,0,0,0,0,0,0,0,0.0,0.0,0.0,1.0,0.0,0.0,37,16,2.0692440047999696,0.1130849962857378,2.0692440047999696
0,0,0,0,1,162000.0,523152.0,45031.5,463500.0,4,1,1,1,1,0.022625,-8847.0,-4215,1,1,0,1,0,0,3,3.0,2,2,4,13,0,0,0,0,0,0,39,0.5711645502189524,0.5779691187553125,0.0,0.0,0.0,0.0,-1488.0,0,1,0,0,0,0,0,0,0,0,0,0,0,0,0,0,0,0,0,0,0.0,0.0,0.0,0.0,0.0,6.0,40,6,3.2293133993000045,0.277970506354899,3.2293133993000045
0,0,0,1,0,121500.0,1125000.0,47794.5,1125000.0,6,4,4,1,1,0.015221,-945.0,-3277,1,1,0,1,1,0,8,2.0,2,2,6,13,0,0,0,0,0,0,35,0.6832483810438232,0.5352762504724826,0.0,0.0,0.0,0.0,-1963.0,0,1,0,0,0,0,0,0,0,0,0,0,0,0,0,0,0,0,0,0,0.0,0.0,0.0,0.0,0.0,1.0,32,4,9.25918305199134,0.3933671327808001,9.25918305199134
0,0,0,0,0,121500.0,239850.0,25186.5,225000.0,6,1,4,3,1,0.001333,-5275.0,-3458,1,1,0,1,0,0,14,1.0,3,3,0,6,0,0,0,0,0,0,42,0.4629551367776473,0.5298898341969072,1.0,0.0,1.0,0.0,-1753.0,0,1,0,0,0,0,0,0,0,0,0,0,0,0,0,0,0,0,0,0,0.0,0.0,0.0,0.0,0.0,3.0,29,2,1.974057826684554,0.2072945901679821,1.974057826684554
0,1,1,0,0,450000.0,1374480.0,43285.5,1125000.0,6,1,4,1,1,0.018634,-7647.0,-69,1,1,0,1,0,0,4,2.0,2,2,6,9,0,0,0,0,0,0,42,0.4699374607822295,0.3774042489507649,1.0,0.0,1.0,0.0,-269.0,0,1,0,0,0,0,0,0,0,0,0,0,0,0,0,0,1,0,0,0,0.0,0.0,0.0,0.0,0.0,1.0,45,3,3.054393212459528,0.0961897862449194,3.054393212459528
0,0,0,0,0,180000.0,225000.0,10822.5,225000.0,6,3,4,5,1,0.008625,-3171.0,-5311,1,0,0,1,0,0,18,1.0,2,2,5,9,0,0,0,1,0,0,57,0.2916826388322335,0.2764406945454034,0.0,0.0,0.0,0.0,-1406.0,0,1,0,0,0,0,0,0,0,0,0,0,0,0,0,0,0,0,0,0,0.0,0.0,0.0,0.0,1.0,1.0,60,0,1.2499930555941356,0.0601246659740779,1.2499930555941356
0,1,0,1,0,45000.0,158301.0,15007.5,148500.0,1,3,1,1,1,0.032561,-16625.0,-4411,1,0,0,1,1,0,18,2.0,1,1,2,17,0,0,0,0,0,0,57,0.6699767384358944,0.7209441499436497,0.0,0.0,0.0,0.0,0.0,0,0,0,0,1,0,0,0,0,0,0,0,0,0,0,0,0,0,0,0,0.0,0.0,0.0,0.0,0.0,1.0,61,0,3.517721828403813,0.3334925890535766,3.517721828403813
0,1,1,0,3,202500.0,204858.0,16218.0,171000.0,5,7,4,1,4,0.010006,-2119.0,-4619,1,1,0,1,0,0,4,5.0,2,2,6,10,0,0,0,0,0,0,4,0.4365041483373393,0.1253078784282391,5.0,1.0,5.0,0.0,-938.0,0,0,0,0,0,0,1,0,0,0,0,0,0,0,0,0,0,0,0,0,0.0,0.0,0.0,0.0,0.0,0.0,44,6,1.0116394486940803,0.0800884933901561,1.0116394486940803
0,0,0,1,0,202500.0,755190.0,38740.5,675000.0,6,7,4,1,1,0.010032,-10385.0,-88,1,1,0,1,0,0,10,2.0,2,2,1,5,0,0,0,0,0,0,51,0.6402018177118465,0.6195277080511546,0.0,0.0,0.0,0.0,-1286.0,0,1,0,0,0,0,0,0,0,0,0,0,0,0,0,0,0,0,0,0,0.0,0.0,0.0,0.0,0.0,5.0,45,2,3.729314916963373,0.1913101663695487,3.729314916963373
0,0,0,1,1,202500.0,755190.0,36459.0,675000.0,6,7,4,1,1,0.025164,-9718.0,-919,1,1,0,1,0,1,11,3.0,2,2,4,9,0,0,0,0,0,0,33,0.649909502186469,0.3344541255096772,0.0,0.0,0.0,0.0,-1560.0,0,1,0,0,0,0,0,0,0,0,0,0,0,0,0,0,0,0,0,0,0.0,0.0,0.0,0.0,0.0,5.0,42,17,3.729314916963373,0.1800435553404674,3.729314916963373
0,1,1,0,0,301500.0,770292.0,30676.5,688500.0,6,4,4,1,1,0.010006,-9320.0,-4098,1,1,0,1,0,0,4,2.0,2,1,1,7,0,0,0,0,0,0,4,0.2312111642614012,0.5064842396679806,0.0,0.0,0.0,0.0,-107.0,0,1,0,0,0,0,0,0,0,0,0,0,0,0,0,0,0,0,0,0,0.0,0.0,0.0,2.0,0.0,3.0,57,12,2.5548571978202395,0.1017459311909413,2.5548571978202395
0,0,0,1,0,126000.0,765000.0,30339.0,765000.0,6,4,1,1,1,0.015221,-3082.0,-3432,1,1,1,1,1,0,3,2.0,2,2,0,9,0,0,0,0,0,0,0,0.5708002935699689,0.4596904504249018,0.0,0.0,0.0,0.0,-1555.0,0,1,0,0,0,0,0,0,0,0,0,0,0,0,0,0,0,0,0,0,0.0,0.0,0.0,0.0,0.0,0.0,54,7,6.071380385869953,0.2407838033031483,6.071380385869953
0,1,1,0,1,180000.0,755190.0,27985.5,675000.0,6,7,1,1,1,0.02461,-5292.0,-4166,1,1,1,1,1,0,6,3.0,2,2,5,16,0,0,0,0,0,0,5,0.7287761760552836,0.5726825047161584,0.0,0.0,0.0,0.0,-7.0,0,1,0,0,0,0,0,0,0,0,0,0,0,1,0,0,0,0,0,0,0.0,0.0,0.0,0.0,1.0,2.0,31,9,4.195476691796157,0.1554741362547985,4.195476691796157
0,1,1,1,1,225000.0,640080.0,31131.0,450000.0,6,7,4,1,1,0.025164,-208.0,-1642,1,1,0,1,1,0,18,3.0,2,2,5,11,0,0,0,0,0,0,55,0.0578436703801893,0.0659932073845022,0.0,0.0,0.0,0.0,-26.0,0,1,0,0,0,0,0,0,0,0,0,0,0,0,0,0,0,0,0,0,0.0,0.0,0.0,0.0,0.0,1.0,24,0,2.8447873565006376,0.1383593850693996,2.8447873565006376
0,0,0,0,0,67500.0,942300.0,27679.5,675000.0,6,7,4,1,1,0.020713,-4246.0,-3615,1,1,1,1,0,0,14,2.0,3,3,4,8,0,0,0,0,0,0,42,0.7369526016681198,0.7517237147741489,0.0,0.0,0.0,0.0,-405.0,0,1,0,0,0,0,0,0,0,0,0,0,0,0,0,0,0,0,0,0,0.0,0.0,0.0,0.0,0.0,1.0,55,4,13.959793188249064,0.4100605916949378,13.959793188249064
0,1,0,1,0,180000.0,675000.0,32472.0,675000.0,1,7,4,3,1,0.035792,-5859.0,-5138,1,1,0,1,1,0,9,1.0,2,2,5,16,0,0,0,0,0,0,9,0.6601964410969293,0.5352762504724826,0.0,0.0,0.0,0.0,-362.0,0,1,0,0,0,0,0,0,0,0,0,0,0,0,0,0,0,0,0,0,0.0,0.0,0.0,0.0,0.0,1.0,43,0,3.749979166782407,0.1803989977833456,3.749979166782407
0,1,1,1,0,387000.0,631332.0,57901.5,585000.0,6,7,4,1,1,0.016612,-4564.0,-2752,1,1,1,1,1,0,8,2.0,2,2,0,16,0,0,0,0,0,0,24,0.749959130389978,0.3807996826489149,1.0,0.0,1.0,0.0,-2275.0,0,1,0,0,0,0,0,0,0,0,0,0,0,0,0,0,0,0,0,0,0.0,0.0,0.0,1.0,0.0,0.0,27,8,1.6313446218485224,0.1496158924653941,1.6313446218485224
0,1,1,1,0,292500.0,1078200.0,34911.0,900000.0,6,1,1,1,1,0.04622,-381.0,-4264,1,1,0,1,1,0,4,2.0,1,1,0,15,0,0,0,0,0,0,5,0.7504426912158406,0.511891801533151,2.0,1.0,2.0,1.0,-307.0,0,1,0,0,0,0,0,0,0,0,0,0,0,0,0,0,0,0,0,0,0.0,0.0,0.0,0.0,0.0,3.0,59,5,3.686141243961559,0.1193534381079039,3.686141243961559
0,1,1,1,0,112500.0,187083.0,18225.0,175500.0,6,7,1,3,5,0.035792,-4267.0,-2341,1,1,0,1,0,0,8,1.0,2,2,1,13,0,0,0,1,1,0,20,0.3671831378081921,0.4578995512067301,0.0,0.0,0.0,0.0,-360.0,0,1,0,0,0,0,0,0,0,0,0,0,0,0,0,0,0,0,0,0,0.0,0.0,0.0,0.0,0.0,2.0,26,2,1.6629452182647266,0.1619985600127998,1.6629452182647266
1,0,0,1,0,157500.0,315000.0,15750.0,315000.0,6,7,1,1,1,0.011703,-13013.0,-2479,1,1,0,1,1,0,14,2.0,2,2,4,9,0,0,0,0,0,0,42,0.6495959829711996,0.2044226253763287,0.0,0.0,0.0,0.0,-1692.0,0,0,0,0,0,0,0,0,0,0,0,0,0,0,0,0,0,0,0,0,0.0,0.0,0.0,0.0,0.0,4.0,57,8,1.999987301667926,0.0999993650833963,1.999987301667926
0,0,1,1,1,81000.0,405000.0,17968.5,405000.0,1,7,4,1,1,0.026392,-5750.0,-4842,1,1,0,1,0,0,8,3.0,2,2,2,11,0,0,0,0,0,0,16,0.4506439963487556,0.7252764347002191,0.0,0.0,0.0,0.0,-1304.0,0,1,0,0,0,0,0,0,0,0,0,0,0,0,0,0,0,0,0,0,0.0,0.0,0.0,0.0,0.0,4.0,34,7,4.999938272367007,0.2218305946840162,4.999938272367007
0,1,1,1,0,112500.0,454500.0,21865.5,454500.0,6,3,4,1,1,0.010006,-979.0,-4159,1,0,0,1,1,0,18,2.0,2,2,4,9,0,0,0,0,0,0,57,0.7241702362356727,0.6610235391308081,0.0,0.0,0.0,0.0,-1077.0,0,1,0,0,0,0,0,0,0,0,0,0,0,0,0,0,0,0,0,0,0.0,0.0,0.0,0.0,0.0,1.0,56,0,4.039964089208096,0.1943582723709122,4.039964089208096
0,1,1,1,1,81000.0,781920.0,25969.5,675000.0,6,3,4,1,1,0.010276,-9087.0,-779,1,0,0,1,0,0,18,3.0,2,2,2,10,0,0,0,0,0,0,57,0.6018276519959481,0.8482442999507556,8.0,0.0,8.0,0.0,0.0,0,0,0,0,1,0,0,0,0,0,0,0,0,0,0,0,0,0,0,0,0.0,0.0,0.0,0.0,0.0,2.0,47,0,9.653214157849902,0.3206071529981111,9.653214157849902
0,0,0,1,1,180000.0,252000.0,14202.0,252000.0,6,7,4,3,1,0.026392,-7323.0,-4412,1,1,0,1,0,0,14,2.0,2,2,6,14,0,0,0,0,0,0,4,0.7091194971702166,0.8128226070575616,0.0,0.0,0.0,0.0,-1173.0,0,1,0,0,0,0,0,0,0,0,0,0,0,0,0,0,0,0,0,0,0.0,0.0,0.0,1.0,0.0,4.0,37,4,1.399992222265432,0.0788995616691018,1.399992222265432
0,0,0,1,1,99000.0,508495.5,24592.5,454500.0,6,7,4,1,1,0.030755,-4892.0,-5297,1,1,0,1,0,0,14,3.0,2,2,5,11,0,0,0,0,0,0,42,0.2975996751649389,0.7623356180684377,0.0,0.0,0.0,0.0,0.0,0,1,0,0,0,0,0,0,0,0,0,0,0,0,0,0,0,0,0,0,0.0,0.0,0.0,0.0,0.0,2.0,34,5,5.1362663003404005,0.2484065817516994,5.1362663003404005
0,1,1,1,0,225000.0,557005.5,29295.0,423000.0,6,7,4,0,1,0.0228,-9394.0,-3472,1,1,1,1,1,0,10,2.0,2,2,5,11,0,0,0,0,0,0,54,0.2216895118899279,0.5814837058057234,0.0,0.0,0.0,0.0,-139.0,0,0,0,0,0,0,1,0,0,0,0,0,0,0,0,0,0,0,0,0,0.0,0.0,0.0,1.0,0.0,1.0,55,0,2.475568997471122,0.1301994213359051,2.475568997471122
0,0,1,1,1,135000.0,1257430.5,36895.5,1098000.0,5,1,4,1,1,0.031329,-119.0,-101,1,1,0,1,0,0,0,3.0,2,2,2,14,0,0,0,0,0,0,5,0.6189350510363392,0.5352762504724826,3.0,1.0,3.0,1.0,-398.0,0,1,0,0,0,0,0,0,0,0,0,0,0,0,0,0,0,0,0,0,0.0,0.0,0.0,0.0,0.0,1.0,28,4,9.314231005696254,0.2732979755705513,9.314231005696254
0,0,0,1,0,45000.0,808650.0,23773.5,675000.0,0,3,4,5,1,0.030755,-4723.0,-4099,1,0,0,1,0,0,18,1.0,2,2,6,17,0,0,0,0,0,0,57,0.6725872451686932,0.646329897706246,0.0,0.0,0.0,0.0,-1191.0,0,0,0,0,1,0,0,0,0,0,0,0,0,0,0,0,0,0,0,0,0.0,0.0,0.0,0.0,0.0,1.0,59,0,17.969600675540544,0.528288260260883,17.969600675540544
0,0,0,1,1,135000.0,967500.0,38497.5,967500.0,6,7,1,1,1,0.026392,-6089.0,-4187,1,1,0,1,0,0,4,3.0,2,2,4,18,0,0,0,0,0,0,16,0.5325167553496261,0.5954562029091491,2.0,1.0,1.0,1.0,-481.0,0,1,0,0,0,0,0,0,0,0,0,0,0,0,0,0,0,0,0,0,0.0,0.0,0.0,0.0,1.0,4.0,44,4,7.166613580640143,0.2851645543366345,7.166613580640143
0,0,0,1,0,180000.0,808650.0,29839.5,675000.0,6,7,1,3,1,0.014464,-6264.0,-3940,1,1,0,1,0,0,18,1.0,2,2,3,9,0,0,0,0,0,0,5,0.4836999120852549,0.5352762504724826,0.0,0.0,0.0,0.0,-1416.0,0,1,0,0,0,0,0,0,0,0,0,0,0,0,0,0,0,0,0,0,0.0,0.0,0.0,0.0,0.0,1.0,34,1,4.492475041805323,0.1657740790328942,4.492475041805323
0,0,0,1,0,189000.0,760225.5,32337.0,679500.0,1,3,4,3,1,0.011703,-11085.0,-3478,1,0,0,1,0,0,18,1.0,2,2,1,13,0,0,0,0,0,0,57,0.5933509755006185,0.5709165417729987,0.0,0.0,0.0,0.0,0.0,0,1,0,0,0,0,0,0,0,0,0,0,0,0,0,0,0,0,0,0,0.0,0.0,0.0,0.0,0.0,3.0,55,0,4.022335860656822,0.1710943328342178,4.022335860656822
1,1,1,1,0,94500.0,180000.0,9000.0,180000.0,6,7,4,1,1,0.0031219999999999,-1110.0,-1172,1,1,0,1,1,0,9,2.0,3,3,3,11,0,0,0,0,0,0,42,0.5207313929363896,0.5226973172821112,0.0,0.0,0.0,0.0,-1100.0,0,0,0,0,0,0,0,0,0,0,0,0,0,0,0,0,0,0,0,0,0.0,0.0,0.0,0.0,0.0,0.0,25,3,1.9047417487645637,0.0952370874382281,1.9047417487645637
1,0,0,1,1,112500.0,202500.0,10125.0,202500.0,6,7,1,1,1,0.026392,-6324.0,-2309,1,1,0,1,0,0,18,3.0,2,2,0,16,0,0,0,0,0,0,33,0.5556205433392521,0.656158373001177,0.0,0.0,0.0,0.0,-1774.0,0,0,0,0,0,0,0,0,0,0,0,0,0,0,0,0,0,0,0,0,0.0,0.0,0.0,0.0,0.0,6.0,34,2,1.799984000142221,0.089999200007111,1.799984000142221
0,0,1,1,2,247500.0,1546020.0,45333.0,1350000.0,6,7,2,1,1,0.0072739999999999,-2860.0,-2862,1,1,0,1,0,0,3,4.0,2,2,5,10,0,0,0,0,1,1,11,0.5358740401349877,0.7544061731797895,0.0,0.0,0.0,0.0,-532.0,0,1,0,0,0,0,0,0,0,0,0,0,0,0,0,0,0,0,0,0,0.0,0.0,0.0,0.0,1.0,1.0,40,3,6.246520216079935,0.18316289631153,6.246520216079935
0,0,0,1,1,180000.0,675000.0,19867.5,675000.0,5,1,1,2,1,0.018209,-8038.0,-5880,1,1,0,1,0,0,3,2.0,3,3,4,10,0,0,0,0,0,0,31,0.5831714232182116,0.6296742509538716,3.0,0.0,3.0,0.0,-2553.0,0,1,0,0,0,0,0,0,0,0,0,0,0,0,0,0,0,0,0,0,0.0,0.0,0.0,0.0,2.0,0.0,38,13,3.749979166782407,0.1103743868089621,3.749979166782407
0,1,0,1,2,85500.0,450000.0,22018.5,450000.0,6,7,4,2,1,0.026392,-3986.0,-201,1,1,0,1,1,0,8,3.0,2,2,2,11,0,0,0,0,0,0,5,0.3897858912829331,0.2151824041847538,0.0,0.0,0.0,0.0,-2917.0,0,1,0,0,0,0,0,0,0,0,0,0,0,0,0,0,0,0,0,0,0.0,0.0,0.0,0.0,0.0,2.0,45,0,5.263096338054526,0.2575233038210079,5.263096338054526
0,0,0,1,0,157500.0,755190.0,33394.5,675000.0,6,3,4,5,1,0.010006,-9802.0,-1226,1,0,0,1,0,0,18,1.0,2,2,2,12,0,0,0,0,0,0,57,0.6513659105942642,0.6722428897082422,1.0,1.0,1.0,1.0,-620.0,0,0,0,0,1,0,0,0,0,0,0,0,0,0,0,0,0,0,0,0,0.0,0.0,0.0,0.0,0.0,2.0,59,0,4.794826699513019,0.2120272252239668,4.794826699513019
0,0,1,1,1,135000.0,354276.0,23674.5,292500.0,6,7,4,1,1,0.02461,-4898.0,-755,1,1,0,1,0,0,18,3.0,2,2,4,12,0,0,0,0,0,0,3,0.4180021463050048,0.5352762504724826,2.0,0.0,2.0,0.0,-452.0,0,1,0,0,0,0,0,0,0,0,0,0,0,0,0,0,0,0,0,0,0.0,0.0,0.0,0.0,0.0,2.0,33,1,2.6242472277983127,0.1753653676639432,2.6242472277983127
0,1,1,1,0,135000.0,352044.0,16542.0,247500.0,6,7,4,1,1,0.02461,-4808.0,-4808,1,1,0,1,0,0,4,2.0,2,2,5,12,0,0,0,0,0,0,11,0.7066188392542991,0.5082869913916046,2.0,0.0,2.0,0.0,-2539.0,0,1,0,0,0,0,0,0,0,0,0,0,0,0,0,0,0,0,0,0,0.0,0.0,0.0,0.0,0.0,2.0,60,3,2.607714016933208,0.1225324256857356,2.607714016933208
0,0,0,0,1,202500.0,419679.0,27454.5,346500.0,6,1,1,2,1,0.006629,-2004.0,-720,1,1,0,1,0,0,6,2.0,2,2,4,9,0,0,0,0,0,0,5,0.5373258790135551,0.2707073872651806,0.0,0.0,0.0,0.0,-442.0,0,1,0,0,0,0,0,0,0,0,0,0,0,0,0,0,0,0,0,0,0.0,0.0,0.0,0.0,0.0,1.0,28,1,2.072478654426398,0.1355771082611937,2.072478654426398
0,0,0,0,0,180000.0,1006920.0,42790.5,900000.0,6,7,2,5,1,0.010032,-8168.0,-272,1,1,0,1,0,0,14,1.0,2,2,6,11,0,0,0,0,0,0,5,0.5533733358596248,0.6769925032909132,1.0,0.0,1.0,0.0,0.0,0,1,0,0,0,0,0,0,0,0,0,0,0,0,0,0,0,0,0,0,0.0,0.0,0.0,0.0,2.0,2.0,40,3,5.593968922394875,0.2377236793128927,5.593968922394875
0,0,0,1,0,180000.0,551079.0,30024.0,418500.0,1,7,1,1,1,0.072508,-7983.0,-1256,1,1,0,1,0,0,14,2.0,1,1,1,9,0,0,0,0,0,0,5,0.7346698759482732,0.5100895276257282,0.0,0.0,0.0,0.0,-1656.0,0,1,0,0,0,0,0,0,0,0,0,0,0,0,0,0,0,0,0,0,0.0,0.0,0.0,0.0,1.0,2.0,38,10,3.0615329914833804,0.1667990733384814,3.0615329914833804
0,0,1,1,0,112500.0,555273.0,18040.5,463500.0,6,7,1,0,1,0.016612,-8353.0,-544,1,1,0,1,0,0,18,2.0,2,2,4,11,0,0,0,0,1,1,40,0.5671750438561021,0.5814837058057234,0.0,0.0,0.0,0.0,-1080.0,0,1,0,0,0,0,0,0,0,0,0,0,0,0,0,0,0,0,0,0,0.0,0.0,0.0,0.0,0.0,0.0,46,7,4.93571612696776,0.160358574590448,4.93571612696776
0,0,1,0,0,157500.0,298512.0,28039.5,270000.0,6,1,4,0,1,0.016612,-7339.0,-4034,1,1,0,1,0,0,18,2.0,2,2,6,12,0,0,0,0,0,0,4,0.5891919226410672,0.4101025731788671,0.0,0.0,0.0,0.0,-2.0,0,1,0,0,0,0,0,0,0,0,0,0,1,0,0,0,0,0,0,0,0.0,0.0,0.0,0.0,0.0,1.0,37,4,1.8953022520491931,0.178027441095612,1.8953022520491931
0,1,0,0,0,112500.0,225000.0,18040.5,225000.0,1,1,2,3,1,0.030755,-3862.0,-2015,1,1,1,1,1,0,18,1.0,2,2,1,16,0,0,0,0,1,1,7,0.5096497559045563,0.4632753280912678,0.0,0.0,0.0,0.0,-739.0,0,1,0,0,0,0,0,0,0,0,0,0,0,0,0,0,0,0,0,0,0.0,0.0,0.0,0.0,0.0,0.0,26,0,1.9999822223802453,0.160358574590448,1.9999822223802453
0,0,1,1,0,67500.0,225000.0,16132.5,225000.0,1,1,1,3,1,0.022625,-5632.0,-4069,1,1,1,1,1,0,3,1.0,2,2,3,12,0,0,0,1,1,0,41,0.4473763440158221,0.5352762504724826,0.0,0.0,0.0,0.0,-1506.0,0,1,0,0,0,0,0,0,0,0,0,0,0,0,0,0,0,0,0,0,0.0,0.0,0.0,0.0,0.0,1.0,32,9,3.333283951348869,0.2389964593117139,3.333283951348869
0,0,0,1,0,58500.0,447453.0,22977.0,373500.0,6,3,4,1,1,0.020246,-4384.0,-4384,1,0,0,1,0,0,18,2.0,3,3,2,9,0,0,0,0,0,0,57,0.3554762763023807,0.6109913280868294,0.0,0.0,0.0,0.0,0.0,0,0,0,0,1,0,0,0,0,0,0,0,0,0,0,0,0,0,0,0,0.0,0.0,0.0,0.0,0.0,3.0,63,0,7.648638484812225,0.3927625168800533,7.648638484812225
0,0,0,1,0,360000.0,781920.0,39924.0,675000.0,6,7,4,2,1,0.009549,-4088.0,-4211,1,1,1,1,0,0,10,1.0,2,2,2,10,0,0,0,0,0,0,55,0.2036894866704569,0.5352762504724826,0.0,0.0,0.0,0.0,-2397.0,0,0,0,0,0,0,1,0,0,0,0,0,0,0,0,0,0,0,0,0,0.0,0.0,0.0,0.0,0.0,1.0,36,3,2.171993966683426,0.1108996919453001,2.171993966683426
1,0,0,1,2,112500.0,202500.0,10125.0,202500.0,6,7,4,1,1,0.02461,-2087.0,-1612,1,1,0,1,0,0,3,4.0,2,2,4,15,0,0,0,0,0,0,42,0.6069203238053984,0.5154953751603267,0.0,0.0,0.0,0.0,-1873.0,0,0,0,0,0,0,0,0,0,0,0,0,0,0,0,0,0,0,0,0,0.0,0.0,0.0,0.0,0.0,1.0,33,0,1.799984000142221,0.089999200007111,1.799984000142221
0,1,1,1,2,180000.0,143910.0,15241.5,135000.0,6,7,4,1,1,0.006296,-4317.0,-4367,1,1,1,1,0,0,10,4.0,3,3,1,11,0,0,0,0,0,0,11,0.2645239423587313,0.5352762504724826,0.0,0.0,0.0,0.0,-644.0,0,1,0,0,0,0,0,0,0,0,0,0,0,0,0,0,0,0,0,0,0.0,0.0,0.0,0.0,0.0,1.0,43,3,0.7994955583580091,0.0846745295859467,0.7994955583580091
1,0,0,1,1,112500.0,202500.0,10125.0,202500.0,6,7,4,3,1,0.020246,-4648.0,-2981,1,1,1,1,0,0,18,2.0,3,3,4,11,0,0,0,0,1,1,5,0.0942001510167056,0.6658549219640212,0.0,0.0,0.0,0.0,-156.0,0,0,0,0,0,0,0,0,0,0,0,0,0,0,0,0,0,0,0,0,0.0,0.0,0.0,0.0,0.0,1.0,28,8,1.799984000142221,0.089999200007111,1.799984000142221
0,1,1,0,0,121500.0,238896.0,17383.5,189000.0,6,7,4,1,1,0.018029,-8790.0,-1318,1,1,1,1,1,0,4,2.0,3,3,5,15,0,0,0,0,0,0,42,0.5047688718785392,0.5352762504724826,0.0,0.0,0.0,0.0,-634.0,0,0,0,0,0,0,1,0,0,0,0,0,0,0,0,0,0,0,0,0,0.0,0.0,0.0,0.0,0.0,4.0,24,3,1.966206039456465,0.1430728965193702,1.966206039456465
0,0,0,1,0,225000.0,675000.0,26770.5,675000.0,6,7,4,1,1,0.018209,-3433.0,-3400,1,1,0,1,1,0,10,2.0,3,3,1,14,0,0,0,0,0,0,28,0.5140699572399979,0.1082263226697141,0.0,0.0,0.0,0.0,-2452.0,0,1,0,0,0,0,0,0,0,0,0,0,0,0,0,0,0,0,0,0,0.0,0.0,0.0,0.0,0.0,2.0,43,11,2.999986666725926,0.1189794712023502,2.999986666725926
0,0,1,1,0,135000.0,948096.0,31464.0,720000.0,6,7,1,1,1,0.009549,-10077.0,-3122,1,1,0,1,0,0,0,2.0,2,2,5,12,0,0,0,0,0,0,42,0.4174277123215209,0.5352762504724826,1.0,0.0,1.0,0.0,-960.0,0,1,0,0,0,0,0,0,0,0,0,0,0,0,0,0,0,0,0,0,0.0,0.0,0.0,0.0,0.0,1.0,53,3,7.0228813119902815,0.2330649402597017,7.0228813119902815
0,1,1,1,1,270000.0,521280.0,26743.5,450000.0,6,7,4,3,1,0.018634,-8163.0,-208,1,1,0,1,0,0,10,2.0,2,2,6,12,0,0,0,0,0,0,55,0.5085184825397012,0.622922000268356,0.0,0.0,0.0,0.0,-2510.0,0,0,0,0,0,0,1,0,0,0,0,0,0,0,0,0,0,0,0,0,0.0,0.0,0.0,0.0,0.0,3.0,38,5,1.9306595160758664,0.0990496331495068,1.9306595160758664
0,0,0,1,0,225000.0,1035873.0,44019.0,837000.0,1,4,1,1,1,0.007114,-661.0,-3012,1,1,0,1,1,0,3,2.0,2,2,0,9,0,0,0,0,0,0,39,0.2629358786975408,0.6041125998015721,0.0,0.0,0.0,0.0,-2883.0,0,1,0,0,0,0,0,0,0,0,0,0,0,0,0,0,0,0,0,0,0.0,0.0,0.0,0.0,3.0,2.0,53,13,4.603859538402052,0.1956391304927533,4.603859538402052
0,0,0,0,0,157500.0,276277.5,19777.5,238500.0,6,1,4,2,1,0.006629,-10992.0,-3507,1,1,0,1,0,0,14,1.0,2,2,5,4,0,0,0,0,0,0,42,0.537516148591135,0.0890438827498688,0.0,0.0,0.0,0.0,0.0,0,1,0,0,0,0,0,0,0,0,0,0,0,0,0,0,0,0,0,0,0.0,0.0,0.0,0.0,0.0,0.0,54,0,1.7541317197986044,0.125570631297579,1.7541317197986044
0,0,0,1,0,157500.0,807984.0,26833.5,697500.0,5,7,4,1,1,0.009175,-6949.0,-2561,1,1,0,1,1,0,0,2.0,2,2,6,17,0,0,0,0,1,1,5,0.7773229669343439,0.7570690154522959,3.0,0.0,3.0,0.0,-2159.0,0,1,0,0,0,0,0,0,0,0,0,0,0,0,0,0,0,0,0,0,0.0,0.0,0.0,0.0,1.0,0.0,52,6,5.130024571272563,0.1703703468549406,5.130024571272563
0,0,0,0,0,90000.0,225000.0,10822.5,225000.0,6,7,4,3,5,0.0084739999999999,-3042.0,-3069,1,1,1,1,0,0,6,1.0,2,2,4,13,0,0,0,1,1,1,5,0.3918006487028587,0.3046721837533529,3.0,0.0,3.0,0.0,-2134.0,0,1,0,0,0,0,0,0,0,0,0,0,0,0,0,0,0,0,0,0,0.0,0.0,0.0,0.0,1.0,2.0,34,4,2.499972222530861,0.1202486639037344,2.499972222530861
0,0,0,1,2,180000.0,285723.0,26334.0,238500.0,6,7,4,1,1,0.020246,-4578.0,-4073,1,1,0,1,0,1,18,4.0,3,3,5,8,0,0,0,0,1,1,5,0.2909106755019194,0.6940926425266661,1.0,0.0,1.0,0.0,-2115.0,0,0,0,0,0,0,1,0,0,0,0,0,0,0,0,0,0,0,0,0,0.0,0.0,0.0,0.0,0.0,3.0,32,10,1.5873411814378808,0.1462991872267376,1.5873411814378808
0,0,0,1,0,225000.0,835380.0,40320.0,675000.0,6,3,4,5,1,0.020713,-8773.0,-5931,1,0,0,1,0,0,18,1.0,3,3,0,8,0,0,0,0,0,0,57,0.2326759122228441,0.4848514754962666,0.0,0.0,0.0,0.0,-1286.0,0,1,0,0,0,0,0,0,0,0,0,0,0,0,0,0,0,0,0,0,0.0,0.0,0.0,0.0,0.0,5.0,63,0,3.7127834987400057,0.1791992035590953,3.7127834987400057
0,1,0,1,0,247500.0,1813387.5,56938.5,1656000.0,6,1,4,0,1,0.006233,-8910.0,-1636,1,1,0,1,0,0,14,2.0,2,2,5,15,0,0,0,0,0,0,46,0.6560882705779305,0.5352762504724826,2.0,0.0,1.0,0.0,-1369.0,0,0,0,0,0,0,0,0,0,0,0,0,0,0,0,0,0,0,0,0,0.0,0.0,0.0,0.0,0.0,1.0,24,6,7.326788578632006,0.230053615944986,7.326788578632006
0,0,0,1,0,112500.0,601470.0,30838.5,450000.0,6,7,4,1,1,0.0196889999999999,-869.0,-2380,1,1,0,1,0,1,14,2.0,2,2,4,12,0,0,0,0,0,0,5,0.6095257052241231,0.6075573001388961,0.0,0.0,0.0,0.0,-445.0,0,1,0,0,0,0,0,0,0,0,0,0,0,0,0,0,0,0,0,0,0.0,0.0,0.0,0.0,1.0,0.0,32,1,5.346352476866873,0.2741175633994364,5.346352476866873
0,1,1,0,1,450000.0,1984500.0,52348.5,1984500.0,6,1,1,1,1,0.04622,-812.0,-3983,1,1,0,1,0,0,18,3.0,1,1,6,15,1,1,0,0,0,0,36,0.7489490224422898,0.6446794549585961,6.0,0.0,6.0,0.0,-6.0,0,0,0,0,0,0,1,0,0,0,0,1,0,0,0,0,0,0,0,0,0.0,0.0,0.0,0.0,0.0,0.0,31,0,4.409990200021777,0.1163297414894633,4.409990200021777
1,0,1,1,0,121500.0,270000.0,13500.0,270000.0,1,7,4,1,1,0.031329,-5647.0,-1814,1,1,0,1,0,0,3,2.0,2,2,6,11,0,0,0,0,0,0,28,0.7147966934643109,0.4118485559242397,3.0,0.0,3.0,0.0,-331.0,0,0,0,0,0,0,0,0,0,0,0,0,0,0,0,0,0,0,0,0,0.0,0.0,0.0,0.0,0.0,1.0,28,6,2.222203932477922,0.1111101966238961,2.222203932477922
0,0,0,0,1,157500.0,831771.0,45252.0,661500.0,6,7,4,1,1,0.035792,-6012.0,-4684,1,1,0,1,0,0,18,3.0,2,2,5,10,0,0,0,0,0,0,12,0.6942266610235679,0.3723336657058204,0.0,0.0,0.0,0.0,-1736.0,0,1,0,0,0,0,0,0,0,0,0,0,0,0,0,0,0,0,0,0,0.0,0.0,0.0,0.0,0.0,3.0,43,7,5.2810521837956586,0.2873124615081809,5.2810521837956586
0,0,1,1,0,180000.0,1546020.0,45333.0,1350000.0,5,7,4,1,1,0.02461,-9674.0,-4201,1,1,0,1,1,0,18,2.0,2,2,2,12,0,0,0,0,0,0,24,0.7144756105709066,0.6313545365850379,4.0,0.0,4.0,0.0,-524.0,0,1,0,0,0,0,0,0,0,0,0,0,0,0,0,0,0,0,0,0,0.0,0.0,0.0,0.0,0.0,1.0,57,15,8.588952283598424,0.2518486008411064,8.588952283598424
0,1,0,0,1,315000.0,380533.5,20641.5,328500.0,6,7,4,3,4,0.00963,-6138.0,-952,1,1,1,1,1,0,18,2.0,2,2,0,12,1,1,1,1,1,1,5,0.7674009488108052,0.3392876999089139,0.0,0.0,0.0,0.0,-657.0,0,1,0,0,0,0,0,0,0,0,0,0,0,0,0,0,0,0,0,0,0.0,0.0,0.0,0.0,0.0,2.0,38,4,1.2080390220983426,0.0655283634020209,1.2080390220983426
0,0,0,1,0,165150.0,450000.0,21888.0,450000.0,6,1,2,1,1,0.018634,-9607.0,-1117,1,1,1,1,1,0,10,2.0,2,2,0,16,0,0,0,0,0,0,5,0.6774227182900853,0.3425288720742255,0.0,0.0,0.0,0.0,-751.0,0,1,0,0,0,0,0,0,0,0,0,0,0,0,0,0,0,0,0,0,0.0,0.0,0.0,0.0,0.0,1.0,26,6,2.7247791415129186,0.1325332574431883,2.7247791415129186
0,0,0,1,0,90000.0,670500.0,19102.5,670500.0,6,3,1,5,1,0.008625,-4947.0,-4762,1,0,0,1,0,0,18,1.0,2,2,1,13,0,0,0,0,0,0,57,0.6771741846212842,0.5352762504724826,0.0,0.0,0.0,0.0,-1694.0,0,0,0,0,0,0,0,0,0,0,0,0,0,0,0,0,0,0,0,0,0.0,0.0,0.0,0.0,0.0,1.0,62,0,7.449917223141965,0.21224764169287,7.449917223141965
0,1,0,1,0,157500.0,290358.0,29880.0,256500.0,6,1,4,1,1,0.035792,-7772.0,-4177,1,1,0,1,0,0,8,2.0,2,2,2,10,0,0,0,0,1,1,5,0.7313145421273073,0.7136313997323308,0.0,0.0,0.0,0.0,-329.0,0,0,0,0,0,0,1,0,0,0,0,0,0,0,0,0,0,0,0,0,0.0,0.0,0.0,0.0,0.0,3.0,38,8,1.8435311521831608,0.1897130811867861,1.8435311521831608
0,1,0,1,0,67500.0,239850.0,23719.5,225000.0,6,3,4,1,1,0.00712,-5947.0,-4089,1,0,0,1,1,0,18,2.0,2,2,5,10,0,0,0,0,0,0,57,0.2930897022262147,0.8245949709919925,3.0,0.0,3.0,0.0,0.0,0,0,0,0,1,0,0,0,0,0,0,0,0,0,0,0,0,0,0,0,0.0,0.0,0.0,0.0,0.0,2.0,63,0,3.553280692137894,0.3513947941511978,3.553280692137894
0,1,0,1,1,126000.0,247275.0,19822.5,225000.0,6,7,3,1,1,0.018029,-1035.0,-3073,1,1,1,1,0,0,4,3.0,3,3,4,6,0,0,0,0,0,0,42,0.4168428709395456,0.7610263695502636,3.0,1.0,3.0,1.0,-84.0,0,0,0,0,0,0,1,0,0,0,0,0,0,0,0,0,0,0,0,0,0.0,0.0,0.0,0.0,0.0,2.0,28,6,1.962484424726788,0.1573201799985714,1.962484424726788
0,0,0,1,0,112500.0,85320.0,6313.5,67500.0,6,7,4,1,1,0.035792,-2325.0,-4665,1,1,0,1,1,0,10,2.0,2,2,4,12,0,0,0,0,0,0,11,0.2815870541235581,0.4471785780453068,0.0,0.0,0.0,0.0,-656.0,0,1,0,0,0,0,0,0,0,0,0,0,0,0,0,0,0,0,0,0,0.0,0.0,0.0,0.0,0.0,5.0,40,6,0.7583932587265891,0.0561195011599896,0.7583932587265891
0,1,1,0,0,360000.0,1125000.0,32895.0,1125000.0,6,7,1,1,1,0.015221,-3032.0,-4359,1,1,1,1,0,0,4,2.0,2,2,4,9,0,0,0,0,0,0,42,0.4560144335051562,0.266456808245056,1.0,0.0,1.0,0.0,-785.0,0,0,0,0,0,0,1,0,0,0,0,0,0,0,0,0,0,0,0,0,0.0,0.0,0.0,0.0,0.0,2.0,32,4,3.124991319468557,0.0913747461812606,3.124991319468557
0,0,0,0,1,135000.0,781920.0,42417.0,675000.0,6,7,4,1,4,0.030755,-1374.0,-1746,1,1,1,1,0,0,14,3.0,2,2,2,22,0,0,0,0,1,1,55,0.6706001664014031,0.3774042489507649,0.0,0.0,0.0,0.0,-1960.0,0,0,0,1,0,0,0,0,0,0,0,0,0,0,0,0,0,0,0,0,0.0,0.0,0.0,0.0,1.0,1.0,28,5,5.791957096614099,0.3141976726098325,5.791957096614099
0,0,0,1,0,90000.0,1078200.0,31522.5,900000.0,6,3,4,1,1,0.028663,-3512.0,-1464,1,0,0,1,0,0,18,2.0,2,2,5,9,0,0,0,0,0,0,57,0.6864106648136737,0.3689687382528466,0.0,0.0,0.0,0.0,-930.0,0,0,0,1,0,0,0,0,0,0,0,0,0,0,0,0,0,0,0,0,0.0,0.0,0.0,0.0,0.0,0.0,49,0,11.979866890367886,0.3502461083765736,11.979866890367886
0,1,0,1,0,225000.0,284400.0,19134.0,225000.0,6,7,4,2,1,0.008068,-93.0,-4836,1,1,0,1,0,0,8,1.0,3,3,6,5,0,0,0,0,0,0,5,0.7876972181471804,0.3589512285783967,1.0,0.0,1.0,0.0,-8.0,0,1,0,0,0,0,0,0,0,0,0,0,0,0,0,0,0,0,0,0,0.0,0.0,0.0,0.0,2.0,2.0,42,9,1.26399438224719,0.0850396220461242,1.26399438224719
0,0,1,1,0,157500.0,640080.0,31261.5,450000.0,1,1,4,1,1,0.01885,-6795.0,-411,1,1,0,1,0,0,14,2.0,2,2,1,14,0,0,0,0,0,0,42,0.7154649186684087,0.4740512892789932,0.0,0.0,0.0,0.0,-1561.0,0,1,0,0,0,0,0,0,0,0,0,0,0,0,0,0,0,0,0,0,0.0,0.0,0.0,2.0,1.0,2.0,46,11,4.063974196989226,0.1984844540669583,4.063974196989226
1,0,1,1,3,135000.0,180000.0,9000.0,180000.0,6,7,4,1,1,0.035792,-4325.0,-4332,1,1,0,1,0,0,14,5.0,2,2,4,15,0,0,0,0,0,0,42,0.6837450930305873,0.622922000268356,0.0,0.0,0.0,0.0,-1730.0,0,0,0,0,0,0,0,0,0,0,0,0,0,0,0,0,0,0,0,0,0.0,0.0,0.0,0.0,0.0,1.0,36,5,1.3333234568632826,0.0666661728431641,1.3333234568632826
0,0,0,0,1,247500.0,855882.0,38803.5,765000.0,6,1,1,1,1,0.072508,-2732.0,-2904,1,1,0,1,1,0,14,3.0,1,1,5,16,0,0,0,0,0,0,5,0.7282225574830026,0.5352762504724826,0.0,0.0,0.0,0.0,-2.0,0,0,0,0,0,0,1,0,0,0,0,0,1,0,0,0,0,0,0,0,0.0,0.0,0.0,0.0,0.0,0.0,32,3,3.458095118807601,0.1567811847224859,3.458095118807601
0,0,0,0,0,135000.0,518562.0,19345.5,463500.0,6,7,4,3,1,0.018634,-3724.0,-2220,1,1,1,1,1,0,8,1.0,2,2,1,12,0,0,0,0,0,0,33,0.380738472424834,0.6363761710860439,2.0,0.0,2.0,0.0,-1443.0,0,1,0,0,0,0,0,0,0,0,0,0,0,0,1,0,0,0,0,0,0.0,0.0,0.0,0.0,1.0,1.0,51,23,3.841171546877431,0.1432989385263813,3.841171546877431
0,1,1,1,1,607500.0,558000.0,26973.0,558000.0,6,7,4,1,1,0.018209,-1657.0,-4415,1,1,0,1,0,1,10,3.0,3,3,5,8,0,0,0,0,0,0,33,0.5679371712863535,0.1519345490496476,2.0,0.0,2.0,0.0,-2485.0,0,1,0,0,0,0,0,0,0,0,0,0,0,0,0,0,0,0,0,0,0.0,0.0,0.0,1.0,0.0,1.0,35,7,0.9185170065563678,0.0443999269137005,0.9185170065563678
0,1,1,0,1,270000.0,1646316.0,48267.0,1471500.0,6,7,1,1,1,0.010032,-4094.0,-3425,1,1,0,1,0,0,2,3.0,2,2,6,8,0,0,0,0,0,0,42,0.458956059165675,0.6446794549585961,0.0,0.0,0.0,0.0,-1280.0,0,0,0,0,0,0,1,0,0,0,0,0,0,0,0,0,0,0,0,0,0.0,0.0,0.0,0.0,0.0,4.0,30,2,6.097444083540432,0.1787660045703534,6.097444083540432
0,0,0,0,0,108000.0,89019.0,6457.5,81000.0,6,3,4,1,4,0.00496,-3954.0,-3950,1,0,0,1,0,0,18,2.0,2,2,1,10,0,0,0,0,0,0,57,0.5033311736629145,0.7151031019926098,0.0,0.0,0.0,0.0,-1026.0,0,1,0,0,0,0,0,0,0,0,0,0,0,0,0,0,0,0,0,0,0.0,0.0,0.0,0.0,0.0,1.0,65,0,0.8242423681262211,0.0597911130452495,0.8242423681262211
0,0,0,1,0,202500.0,106974.0,10548.0,94500.0,6,7,4,1,1,0.030755,-8325.0,-4614,1,1,0,1,0,0,14,2.0,2,2,2,11,0,0,0,0,0,0,5,0.6332267588422115,0.5100895276257282,1.0,1.0,1.0,0.0,0.0,0,1,0,0,0,0,0,0,0,0,0,0,0,0,0,0,0,0,0,0,0.0,0.0,0.0,0.0,0.0,1.0,43,3,0.5282640579552693,0.0520886316610782,0.5282640579552693
0,0,0,0,0,247500.0,2250000.0,59485.5,2250000.0,6,1,1,2,1,0.032561,-5768.0,-1882,1,1,0,1,0,0,0,1.0,1,1,2,12,0,0,0,0,0,0,42,0.7376641513695528,0.7281412993111438,0.0,0.0,0.0,0.0,-4.0,0,1,0,0,0,0,0,0,0,0,0,0,1,0,0,0,0,0,0,0,0.0,0.0,0.0,0.0,0.0,0.0,51,5,9.090872360111677,0.2403444834566325,9.090872360111677
0,0,0,0,0,112500.0,100737.0,12082.5,94500.0,6,3,4,1,1,0.019101,-6572.0,-3341,1,0,0,1,0,0,18,2.0,2,2,0,10,0,0,0,0,0,0,57,0.4677319736828822,0.4794489811780563,6.0,0.0,6.0,0.0,-267.0,0,1,0,0,0,0,0,0,0,0,0,0,0,0,0,0,0,0,0,0,0.0,0.0,0.0,0.0,0.0,4.0,54,0,0.8954320406040835,0.1073990453418191,0.8954320406040835
0,0,1,1,1,99000.0,700830.0,22738.5,585000.0,6,7,4,1,1,0.018209,-4296.0,-313,1,1,0,1,0,0,3,3.0,3,3,5,7,0,0,0,0,0,0,39,0.2695314396260506,0.520897599048938,1.0,1.0,1.0,0.0,-1248.0,0,1,0,0,0,0,0,0,0,0,0,0,0,0,0,0,0,0,0,0,0.0,0.0,0.0,0.0,0.0,0.0,38,18,7.079019403844406,0.229679498186887,7.079019403844406
0,0,0,1,2,180000.0,497520.0,33376.5,450000.0,6,7,4,1,1,0.008068,-306.0,-4761,1,1,0,1,0,0,18,4.0,3,3,5,8,0,0,0,0,0,0,4,0.0817331649273687,0.7726311345553628,1.0,0.0,1.0,0.0,-2189.0,0,1,0,0,0,0,0,0,0,0,0,0,0,0,0,0,0,0,0,0,0.0,0.0,0.0,1.0,0.0,0.0,34,10,2.7639846445297525,0.185423969866834,2.7639846445297525
1,0,1,1,0,157500.0,180000.0,9000.0,180000.0,6,3,1,0,1,0.026392,-2710.0,-4463,1,0,0,1,0,0,18,2.0,2,2,6,13,0,0,0,0,0,0,57,0.5912545856557146,0.3876253444214701,1.0,1.0,1.0,1.0,-1682.0,0,0,0,0,0,0,0,0,0,0,0,0,0,0,0,0,0,0,0,0,0.0,0.0,0.0,1.0,0.0,0.0,57,0,1.1428498866673862,0.0571424943333693,1.1428498866673862
0,1,0,0,0,202500.0,1215000.0,35523.0,1215000.0,6,1,2,3,1,0.009175,-330.0,-2712,1,1,1,1,0,0,10,1.0,2,2,4,16,0,0,0,0,0,0,5,0.7736719536471743,0.5919766183185521,0.0,0.0,0.0,0.0,-1493.0,0,1,0,0,0,0,0,0,0,0,0,0,0,0,0,0,0,0,0,0,0.0,0.0,0.0,1.0,0.0,1.0,52,8,5.999970370516689,0.1754213559439212,5.999970370516689
0,0,0,1,0,270000.0,454500.0,14791.5,454500.0,6,7,4,2,1,0.0035409999999999,-676.0,-5100,1,1,0,1,0,0,2,1.0,1,1,5,11,0,0,0,0,1,1,5,0.6619749429018057,0.5262949398096192,0.0,0.0,0.0,0.0,0.0,0,1,0,0,0,0,0,0,0,0,0,0,0,0,0,0,0,0,0,0,0.0,0.0,0.0,0.0,0.0,1.0,42,21,1.683327098788523,0.0547831304328502,1.683327098788523
0,1,1,1,1,180000.0,283585.5,29907.0,256500.0,6,1,4,1,1,0.030755,-8310.0,-4145,1,1,0,1,0,0,18,3.0,2,2,6,12,0,0,0,0,0,0,5,0.7027964345883526,0.7738956942145427,1.0,0.0,1.0,0.0,-516.0,0,1,0,0,0,0,0,0,0,0,0,0,0,0,0,0,0,0,0,0,0.0,0.0,0.0,0.0,0.0,2.0,42,2,1.5754662474097365,0.1661490769495725,1.5754662474097365
0,0,0,1,0,315000.0,1037128.5,44073.0,927000.0,6,1,1,3,1,0.02461,-4080.0,-3206,1,1,0,1,1,0,10,1.0,2,2,5,17,0,0,0,0,0,0,42,0.7589196121465718,0.4902575124990026,1.0,1.0,1.0,0.0,-1646.0,0,1,0,0,0,0,0,0,0,0,0,0,0,0,0,0,0,0,0,0,0.0,0.0,0.0,0.0,0.0,2.0,54,8,3.292460976314361,0.1399138415433601,3.292460976314361
0,1,1,0,0,112500.0,534204.0,27265.5,495000.0,6,7,4,1,1,0.002134,-679.0,-4326,1,1,0,1,0,0,14,2.0,3,3,5,5,0,0,0,0,1,1,5,0.4022387549906816,0.7032033049040319,0.0,0.0,0.0,0.0,-797.0,0,1,0,0,0,0,0,0,0,0,0,0,0,0,1,0,0,0,0,0,0.0,0.0,0.0,0.0,0.0,1.0,43,8,4.748437791664074,0.2423578457080381,4.748437791664074
0,0,1,0,0,112500.0,360000.0,10912.5,360000.0,6,7,1,3,1,0.028663,-30.0,-1547,1,1,0,1,0,0,3,1.0,2,2,5,17,0,0,0,0,1,1,4,0.5302569377395527,0.4866531565147181,8.0,0.0,8.0,0.0,-8.0,0,0,0,0,0,0,1,0,0,0,0,0,0,0,0,0,0,0,0,0,0.0,0.0,0.0,0.0,0.0,0.0,24,0,3.1999715558083928,0.0969991377854419,3.1999715558083928
0,0,0,1,0,202500.0,988191.0,39321.0,909000.0,6,3,1,1,1,0.00702,-11540.0,-3997,1,0,0,1,1,0,18,2.0,2,2,2,10,0,0,0,0,0,0,57,0.5490944527340719,0.3425288720742255,0.0,0.0,0.0,0.0,0.0,0,1,0,0,0,0,0,0,0,0,0,0,0,0,0,0,0,0,0,0,0.0,0.0,0.0,0.0,0.0,0.0,61,0,4.879931457128607,0.1941768188799067,4.879931457128607
0,0,1,1,0,202500.0,986782.5,39132.0,882000.0,6,7,2,1,1,0.032561,-2670.0,-951,1,1,0,1,0,0,12,2.0,1,1,0,16,0,0,0,0,0,0,5,0.7992621014421839,0.7981372313187245,1.0,1.0,1.0,1.0,-1499.0,0,1,0,0,0,0,0,0,0,0,0,0,0,0,0,0,0,0,0,0,0.0,0.0,0.0,0.0,2.0,1.0,49,13,4.872975935921304,0.1932434901556041,4.872975935921304
0,0,0,0,1,90000.0,215640.0,13158.0,180000.0,6,7,4,3,5,0.019101,-4110.0,-2665,1,1,0,1,0,0,8,2.0,2,2,3,15,0,0,0,0,0,0,5,0.6885858912510233,0.5352762504724826,10.0,0.0,10.0,0.0,0.0,0,1,0,0,0,0,0,0,0,0,0,0,0,0,0,0,0,0,0,0,0.0,0.0,0.0,0.0,0.0,1.0,27,6,2.395973378073577,0.1461983755736047,2.395973378073577
0,0,1,0,0,315000.0,1575000.0,43312.5,1575000.0,6,7,1,1,1,0.035792,-6875.0,-5341,1,1,0,1,0,0,6,2.0,2,2,1,19,0,0,0,0,0,0,33,0.5742575813614044,0.5779691187553125,0.0,0.0,0.0,0.0,-606.0,0,1,0,0,0,0,0,0,0,0,0,0,0,0,0,0,0,0,0,0,0.0,0.0,0.0,1.0,0.0,1.0,35,0,4.9999841270345176,0.1374995634934492,4.9999841270345176
0,1,0,0,0,135000.0,568800.0,15133.5,450000.0,6,7,4,3,1,0.010032,-32.0,-4325,1,1,1,1,0,1,10,1.0,2,2,5,13,0,0,0,0,0,0,5,0.7068817040006329,0.4276573700350293,3.0,0.0,3.0,0.0,-2068.0,0,1,0,0,0,0,0,0,0,0,0,0,0,0,0,0,0,0,0,0,0.0,0.0,0.0,2.0,0.0,0.0,41,2,4.213302123687972,0.1120991696357804,4.213302123687972
0,0,0,1,0,135000.0,755190.0,36459.0,675000.0,1,7,4,0,1,0.025164,-1589.0,-5059,1,1,1,1,0,0,14,2.0,2,2,5,13,0,0,0,0,0,0,42,0.1604053214783667,0.8245949709919925,0.0,0.0,0.0,0.0,0.0,0,1,0,0,0,0,0,0,0,0,0,0,0,0,0,0,0,0,0,0,0.0,0.0,0.0,0.0,0.0,1.0,44,2,5.593958563269902,0.2700646661876578,5.593958563269902
0,0,0,0,0,225000.0,521280.0,44725.5,450000.0,6,7,4,1,1,0.020713,-3212.0,-4816,1,1,0,1,0,0,18,2.0,3,2,4,12,0,0,0,0,0,0,55,0.5778943321002633,0.7597121819739279,6.0,0.0,6.0,0.0,-1890.0,0,1,0,0,0,0,0,0,0,0,0,0,0,0,0,0,0,0,0,0,0.0,0.0,0.0,0.0,0.0,3.0,42,18,2.316789703156875,0.1987791165372598,2.316789703156875
0,0,0,1,0,225000.0,1120711.5,40383.0,868500.0,1,1,4,1,1,0.04622,-3406.0,-1888,1,1,0,1,0,0,6,2.0,1,1,1,16,0,0,0,0,0,0,33,0.7553974561252184,0.6263042766749393,0.0,0.0,0.0,0.0,-1936.0,0,1,0,0,0,0,0,0,0,0,0,0,0,0,0,0,0,0,0,0,0.0,0.0,0.0,2.0,0.0,3.0,50,32,4.980917862587277,0.1794792023146564,4.980917862587277
0,0,0,0,0,112500.0,481495.5,33642.0,454500.0,6,1,4,1,1,0.00712,-4731.0,-2183,1,1,0,1,0,0,18,2.0,2,2,5,15,0,0,0,0,1,1,5,0.2652563401861944,0.5352762504724826,1.0,0.0,1.0,0.0,0.0,0,1,0,0,0,0,0,0,0,0,0,0,0,0,0,0,0,0,0,0,0.0,0.0,0.0,0.0,0.0,0.0,51,6,4.279921956249278,0.2990373418902943,4.279921956249278
1,1,0,1,0,90000.0,135000.0,6750.0,135000.0,4,7,4,1,1,0.0066709999999999,-5426.0,-1337,1,1,0,0,0,0,4,2.0,2,2,6,16,0,0,0,0,0,0,3,0.4086275108884394,0.1206410299309233,0.0,0.0,0.0,0.0,0.0,0,1,0,0,0,0,0,0,0,0,0,0,1,0,0,0,0,0,0,0,0.0,0.0,0.0,0.0,0.0,0.0,48,1,1.4999833335185164,0.0749991666759258,1.4999833335185164
0,0,1,1,1,112500.0,679500.0,26946.0,679500.0,1,4,4,1,1,0.015221,-4848.0,-2521,1,1,0,1,0,0,11,3.0,2,2,6,17,0,0,0,0,1,1,30,0.1750847603342559,0.633031641417419,6.0,0.0,6.0,0.0,0.0,0,1,0,0,0,0,0,0,0,0,0,0,0,0,0,0,0,0,0,0,0.0,0.0,0.0,0.0,1.0,0.0,32,1,6.039946311588341,0.2395178709522582,6.039946311588341
0,0,0,1,1,112500.0,95940.0,9486.0,90000.0,6,7,4,5,1,0.010966,-273.0,-4308,1,1,1,1,0,0,8,2.0,2,2,4,9,0,0,0,0,0,0,20,0.6220504314030033,0.6690566947824041,0.0,0.0,0.0,0.0,-1706.0,0,1,0,0,0,0,0,0,0,0,0,0,0,0,0,0,0,0,0,0,0.0,0.0,0.0,0.0,0.0,0.0,42,7,0.8527924196229367,0.0843192504955511,0.8527924196229367
0,0,0,1,0,112500.0,508495.5,20295.0,454500.0,1,3,4,1,1,0.008625,-10501.0,-4785,1,0,0,1,0,0,18,2.0,2,2,2,12,0,0,0,0,0,0,57,0.4467276733059977,0.3893387918468769,1.0,1.0,1.0,1.0,-120.0,0,1,0,0,0,0,0,0,0,0,0,0,0,0,0,0,0,0,0,0,0.0,0.0,0.0,0.0,0.0,4.0,64,0,4.519919822934908,0.1803983964586981,4.519919822934908
0,0,0,0,0,67500.0,178290.0,12042.0,157500.0,6,7,4,1,1,0.018634,-5847.0,-1155,1,1,1,1,0,0,14,2.0,2,2,0,9,0,0,0,0,0,0,42,0.5008765859312403,0.3154721549257734,1.0,0.0,1.0,0.0,-535.0,0,1,0,0,0,0,0,0,0,0,0,0,0,0,0,0,0,0,0,0,0.0,0.0,0.0,0.0,0.0,2.0,27,3,2.641294203048844,0.1783973570761914,2.641294203048844
0,0,0,1,0,382500.0,1008337.5,42853.5,828000.0,6,1,4,5,1,0.032561,-8408.0,-4467,1,1,0,1,1,0,6,1.0,1,1,0,15,0,0,0,0,0,0,33,0.4274203469043354,0.511891801533151,0.0,0.0,0.0,0.0,-1610.0,0,1,0,0,0,0,0,0,0,0,0,0,0,0,0,0,0,0,0,0,0.0,0.0,0.0,0.0,0.0,5.0,63,5,2.6361695786416246,0.112035001215683,2.6361695786416246
0,0,0,1,2,247500.0,755190.0,36459.0,675000.0,6,7,4,1,1,0.018801,-866.0,-2897,1,1,0,1,0,0,17,4.0,2,2,3,9,0,0,0,0,1,1,5,0.4275113282820858,0.3123653692278984,11.0,1.0,11.0,1.0,-1103.0,0,1,0,0,0,0,0,0,0,0,0,0,0,0,0,0,0,0,0,0,0.0,0.0,0.0,0.0,2.0,5.0,37,2,3.0512603989478837,0.1473084957232496,3.0512603989478837
0,0,0,0,0,171000.0,213588.0,10404.0,153000.0,6,3,4,2,2,0.006207,-8973.0,-2911,1,0,0,1,0,0,18,1.0,2,2,5,10,0,0,0,0,0,0,57,0.5115459141528663,0.5867400085415683,0.0,0.0,0.0,0.0,0.0,0,1,0,0,0,0,0,0,0,0,0,0,0,0,0,0,0,0,0,0,0.0,0.0,0.0,0.0,0.0,3.0,53,0,1.2490453272203086,0.0608417494634534,1.2490453272203086
1,0,0,0,0,112500.0,315000.0,15750.0,315000.0,1,1,1,3,1,0.026392,-7854.0,-4629,1,1,0,1,0,0,10,1.0,2,2,2,12,0,0,0,0,0,0,5,0.7073889145164837,0.5352762504724826,6.0,0.0,6.0,0.0,0.0,0,0,0,0,0,0,0,0,0,0,0,0,0,0,0,0,0,0,0,0,0.0,0.0,0.0,0.0,1.0,0.0,37,7,2.799975111332344,0.1399987555666171,2.799975111332344
0,0,0,1,0,315000.0,1024740.0,52452.0,900000.0,6,1,4,1,1,0.072508,-11387.0,-180,1,1,1,1,1,0,0,2.0,1,1,3,10,0,0,0,0,0,0,5,0.7154649186684087,0.5762088360175724,0.0,0.0,0.0,0.0,0.0,0,0,0,0,0,0,1,0,0,0,0,0,0,0,0,0,0,0,0,0,0.0,0.0,1.0,0.0,0.0,1.0,47,0,3.253132529738001,0.1665137570991838,3.253132529738001
0,0,1,1,2,315000.0,1125000.0,33025.5,1125000.0,6,1,4,1,1,0.072508,-3339.0,-1088,1,1,0,1,0,0,11,4.0,1,1,4,11,0,0,0,0,0,0,30,0.7537045785403975,0.5549467685334323,0.0,0.0,0.0,0.0,-2676.0,0,1,0,0,0,0,0,0,0,0,0,0,0,0,0,0,0,0,0,0,0.0,0.0,0.0,1.0,0.0,0.0,48,8,3.571417233596084,0.1048425243094466,3.571417233596084
0,1,0,1,1,112500.0,808650.0,29709.0,675000.0,6,7,1,1,1,0.026392,-9549.0,-4070,1,1,0,1,1,0,4,3.0,2,2,0,11,0,0,0,0,0,0,7,0.7236588873054473,0.7136313997323308,0.0,0.0,0.0,0.0,-578.0,0,1,0,0,0,0,0,0,0,0,0,0,0,0,0,0,0,0,0,0,0.0,0.0,0.0,0.0,0.0,1.0,42,7,7.187936107234602,0.2640776526430876,7.187936107234602
0,0,1,1,0,202500.0,814041.0,23931.0,679500.0,6,7,4,1,1,0.0196889999999999,-241.0,-3809,1,1,0,1,0,0,8,2.0,2,2,0,15,0,0,0,0,0,0,24,0.7056295988232171,0.5028782772082183,1.0,0.0,1.0,0.0,-11.0,0,0,0,0,1,0,0,0,0,0,0,0,0,0,0,0,0,0,0,0,0.0,0.0,0.0,1.0,0.0,0.0,55,36,4.019935704021215,0.1181771941866953,4.019935704021215
0,0,0,1,0,292500.0,1105114.5,39825.0,954000.0,6,3,4,1,1,0.020713,-15724.0,-4203,1,0,0,0,0,0,18,2.0,3,3,3,7,0,0,0,0,0,0,57,0.4331293007537671,0.6690566947824041,0.0,0.0,0.0,0.0,-2575.0,0,0,0,0,1,0,0,0,0,0,0,0,0,0,0,0,0,0,0,0,0.0,0.0,0.0,0.0,0.0,6.0,64,0,3.778156313995508,0.1361533806722028,3.778156313995508
0,0,0,1,0,180000.0,824823.0,29353.5,688500.0,6,1,4,1,1,0.035792,-6607.0,-5196,1,1,0,1,0,0,3,2.0,2,2,4,15,0,0,0,0,0,0,28,0.7091916615715741,0.5262949398096192,0.0,0.0,0.0,0.0,-1594.0,0,1,0,0,0,0,0,0,0,0,0,0,0,0,0,0,0,0,0,0,0.0,0.0,0.0,0.0,1.0,2.0,42,1,4.582324542641429,0.1630740940328109,4.582324542641429
0,1,1,1,0,157500.0,675000.0,21906.0,675000.0,6,7,4,5,1,0.018634,-2910.0,-4339,1,1,0,1,0,0,8,1.0,2,2,3,11,0,0,0,0,0,0,3,0.6211811860761646,0.7992967832109371,11.0,0.0,11.0,0.0,-658.0,0,1,0,0,0,0,0,0,0,0,0,0,0,0,0,0,0,0,0,0,0.0,0.0,0.0,0.0,0.0,4.0,37,0,4.2856870750026985,0.1390848312074209,4.2856870750026985
0,0,0,0,0,112500.0,1044000.0,38817.0,1044000.0,6,1,1,1,1,0.030755,-2204.0,-3331,1,1,0,1,0,0,14,2.0,2,2,4,15,0,0,0,0,0,0,5,0.6766050481521555,0.6127042441012546,0.0,0.0,0.0,0.0,-5.0,0,1,0,0,0,0,0,0,0,0,0,0,0,0,1,0,0,0,0,0,0.0,0.0,0.0,0.0,0.0,0.0,31,0,9.27991751184434,0.3450369330050399,9.27991751184434
0,1,1,1,2,225000.0,760225.5,32337.0,679500.0,1,1,4,1,1,0.030755,-889.0,-4795,1,1,0,1,0,0,4,4.0,2,2,2,10,0,0,0,0,0,0,7,0.5298157172354437,0.5352762504724826,0.0,0.0,0.0,0.0,-2360.0,0,1,0,0,0,0,0,0,0,0,0,0,0,0,0,0,0,0,0,0,0.0,0.0,0.0,0.0,0.0,2.0,42,0,3.378764983266741,0.1437193612472833,3.378764983266741
0,0,0,0,0,135000.0,728460.0,37849.5,675000.0,1,7,4,0,5,0.019101,-3101.0,-884,1,1,0,1,0,0,14,2.0,2,2,6,12,0,0,0,0,1,1,46,0.1704038118104858,0.524496446363472,2.0,0.0,2.0,0.0,-269.0,0,0,0,0,0,0,0,0,0,0,0,0,0,0,0,0,0,0,0,0,0.0,0.0,0.0,0.0,1.0,2.0,22,0,5.395960029925704,0.2803645898919267,5.395960029925704
0,0,1,1,0,180000.0,1546020.0,42642.0,1350000.0,6,7,4,1,1,0.031329,-7450.0,-3959,1,1,0,1,0,0,10,2.0,2,2,0,12,0,0,0,0,0,0,42,0.4112405210459889,0.746300213050371,1.0,0.0,1.0,0.0,-1552.0,0,1,0,0,0,0,0,0,0,0,0,0,0,0,0,0,0,0,0,0,0.0,0.0,0.0,0.0,0.0,2.0,41,4,8.588952283598424,0.2368986838962005,8.588952283598424
0,0,0,1,0,112500.0,454500.0,19386.0,454500.0,6,3,4,5,1,0.025164,-12245.0,-4077,1,0,0,1,0,0,18,1.0,2,2,4,13,0,0,0,0,0,0,57,0.0017018652207784,0.5352762504724826,1.0,0.0,1.0,0.0,0.0,0,1,0,0,0,0,0,0,0,0,0,0,0,0,0,0,0,0,0,0,0.0,0.0,0.0,0.0,0.0,1.0,64,0,4.039964089208096,0.1723184682802819,4.039964089208096
0,0,0,1,0,180000.0,1288350.0,37800.0,1125000.0,6,1,4,1,1,0.011703,-9700.0,-3945,1,1,0,1,1,0,8,2.0,2,2,1,15,0,0,0,0,0,0,7,0.7535990197878941,0.6296742509538716,1.0,0.0,1.0,0.0,-527.0,0,1,0,0,0,0,0,0,0,0,0,0,0,0,0,0,0,0,0,0,0.0,0.0,0.0,0.0,0.0,2.0,36,10,7.15746023633202,0.2099988333398147,7.15746023633202
0,0,0,0,1,112500.0,473161.5,33781.5,405000.0,6,1,4,1,1,0.010966,-268.0,-4702,1,1,0,1,0,0,1,3.0,2,2,6,10,0,0,0,0,0,0,39,0.5431429436583121,0.1841161559307151,0.0,0.0,0.0,0.0,-1056.0,0,1,0,0,0,0,0,0,0,0,0,0,0,0,0,0,0,0,0,0,0.0,0.0,0.0,1.0,0.0,2.0,44,15,4.205842614732314,0.30027733086817,4.205842614732314
0,1,0,1,0,180000.0,189000.0,18540.0,189000.0,6,1,1,1,1,0.031329,-4641.0,-4641,1,1,0,1,0,0,16,2.0,2,2,6,9,0,0,0,0,0,0,40,0.5291837649039667,0.7435593141311444,7.0,0.0,7.0,0.0,-1847.0,0,1,0,0,0,0,0,0,0,0,0,0,0,0,0,0,0,0,0,0,0.0,0.0,0.0,0.0,0.0,4.0,67,10,1.049994166699074,0.1029994277809567,1.049994166699074
0,0,0,0,0,166500.0,283419.0,22522.5,234000.0,6,7,4,3,2,0.010032,-885.0,-1486,1,1,1,1,0,0,1,1.0,2,2,2,6,0,0,0,1,1,0,5,0.3232499352655716,0.5352762504724826,0.0,0.0,0.0,0.0,-505.0,0,1,0,0,0,0,0,0,0,0,0,0,0,0,0,0,0,0,0,0,0.0,0.0,0.0,0.0,0.0,1.0,41,3,1.7022059927568003,0.135269457841094,1.7022059927568003
0,0,0,1,0,202500.0,1264428.0,37098.0,990000.0,6,7,4,1,1,0.035792,-1141.0,-1204,1,1,0,1,0,0,18,2.0,2,2,0,13,0,0,0,0,0,0,5,0.4199078718193416,0.1575949986663102,0.0,0.0,0.0,0.0,-612.0,0,1,0,0,0,0,0,0,0,0,0,0,0,0,0,0,0,0,0,0,0.0,0.0,0.0,0.0,0.0,1.0,48,1,6.244058054034301,0.1831990953131095,6.244058054034301
0,0,0,1,0,90000.0,225000.0,17905.5,225000.0,6,7,4,1,1,0.010643,-2126.0,-4342,1,1,1,1,0,0,6,2.0,2,2,6,12,0,0,0,0,0,0,4,0.3126190430881472,0.1614630800057724,0.0,0.0,0.0,0.0,-548.0,0,1,0,0,0,0,0,0,0,0,0,0,0,0,0,0,0,0,0,0,0.0,0.0,0.0,0.0,0.0,1.0,44,11,2.499972222530861,0.1989477894690059,2.499972222530861
0,0,0,1,0,135000.0,1027327.5,45958.5,945000.0,6,7,4,2,1,0.020713,-3836.0,-296,1,1,0,1,1,0,14,1.0,3,2,0,13,0,0,0,0,0,0,5,0.4532384406853826,0.5352762504724826,0.0,0.0,0.0,0.0,-1802.0,0,1,0,0,0,0,0,0,0,0,0,0,0,0,0,0,0,0,0,0,0.0,0.0,0.0,0.0,0.0,0.0,46,0,7.609776964615077,0.3404308116236176,7.609776964615077
0,0,0,1,1,99000.0,398016.0,31576.5,360000.0,6,7,2,1,1,0.002134,-4612.0,-2583,1,1,0,1,0,0,14,3.0,3,3,6,6,0,0,0,1,1,0,42,0.0265877085941645,0.5334816299804352,0.0,0.0,0.0,0.0,0.0,0,1,0,0,0,0,0,0,0,0,0,0,0,0,0,0,0,0,0,0,0.0,0.0,0.0,0.0,0.0,5.0,27,7,4.020323027040131,0.3189513237240028,4.020323027040131
0,0,0,1,0,90000.0,317979.0,13599.0,274500.0,1,3,4,1,1,0.00963,-12878.0,-4291,1,0,0,1,0,0,18,2.0,2,2,1,11,0,0,0,0,0,0,57,0.2514940156290847,0.5884877883422673,13.0,0.0,13.0,0.0,-501.0,0,1,0,0,0,0,0,0,0,0,0,0,0,0,0,0,0,0,0,0,0.0,0.0,0.0,0.0,1.0,6.0,57,0,3.533060743769514,0.1510983211297652,3.533060743769514
0,1,0,0,0,180000.0,835380.0,35523.0,675000.0,6,4,1,1,3,0.006629,-1495.0,-1151,1,1,0,1,0,0,4,2.0,2,2,0,4,0,0,0,0,0,0,33,0.7373381784333197,0.746300213050371,5.0,0.0,5.0,0.0,0.0,0,1,0,0,0,0,0,0,0,0,0,0,0,0,0,0,0,0,0,0,0.0,0.0,0.0,0.0,1.0,2.0,48,11,4.640974216809907,0.1973489036172021,4.640974216809907
0,0,0,0,0,81000.0,675000.0,19737.0,675000.0,6,7,4,3,1,0.022625,-7273.0,-649,1,1,1,1,0,0,5,1.0,2,2,1,15,0,0,0,0,0,0,11,0.7822159611426125,0.5620604831738043,2.0,1.0,2.0,1.0,-1070.0,0,1,0,0,0,0,0,0,0,0,0,0,0,0,0,0,0,0,0,0,0.0,0.0,0.0,0.0,0.0,0.0,46,13,8.333230453945013,0.2436636584733521,8.333230453945013
0,1,0,1,0,270000.0,755190.0,38686.5,675000.0,1,1,1,1,1,0.0096569999999999,-5502.0,-4065,1,1,0,1,0,0,10,2.0,2,2,6,12,0,0,0,0,0,0,5,0.5884665973286272,0.6769925032909132,0.0,0.0,0.0,0.0,-2696.0,0,0,0,0,0,0,1,0,0,0,0,0,0,0,0,0,0,0,0,0,0.0,0.0,0.0,0.0,1.0,1.0,32,5,2.7969896407791084,0.1432828026562864,2.7969896407791084
1,0,0,1,1,126000.0,247500.0,12375.0,247500.0,0,1,4,3,5,0.028663,-3421.0,-427,1,1,1,1,0,0,14,2.0,2,2,6,11,1,1,0,1,1,0,3,0.7131622726745733,0.3825018041447388,1.0,0.0,1.0,0.0,0.0,0,0,0,0,0,0,0,0,0,0,0,0,0,0,0,0,0,0,0,0,0.0,0.0,0.0,0.0,0.0,0.0,46,7,1.964270124840279,0.0982135062420139,1.964270124840279
0,0,1,0,0,157500.0,545040.0,20677.5,450000.0,6,3,4,3,1,0.020246,-12509.0,-4134,1,0,0,1,0,0,18,1.0,3,3,0,8,0,0,0,0,0,0,57,0.4135721259608983,0.5937175866150576,1.0,0.0,1.0,0.0,-2397.0,0,1,0,0,0,0,0,0,0,0,0,0,0,0,0,0,0,0,0,0,0.0,0.0,0.0,3.0,0.0,4.0,56,0,3.4605494568288457,0.131284880730916,3.4605494568288457
0,0,1,1,1,360000.0,521280.0,41926.5,450000.0,6,7,2,2,1,0.04622,-2248.0,-2189,1,1,1,1,0,0,12,2.0,1,1,6,11,0,1,1,0,1,1,5,0.6179804431884167,0.4992720153045617,0.0,0.0,0.0,0.0,-461.0,0,0,0,0,0,0,0,1,0,0,0,0,0,0,0,0,0,0,0,0,0.0,0.0,0.0,0.0,0.0,1.0,35,3,1.4479959777889506,0.1164621764939541,1.4479959777889506
0,0,0,1,0,90000.0,814041.0,23931.0,679500.0,1,3,4,1,1,0.01885,-11712.0,-4147,1,0,0,1,0,0,18,2.0,2,2,0,8,0,0,0,0,0,0,57,0.6548438041342818,0.7407990879702335,0.0,0.0,0.0,0.0,-990.0,0,1,0,0,0,0,0,0,0,0,0,0,0,0,0,0,0,0,0,0,0.0,0.0,0.0,0.0,0.0,2.0,57,0,9.044799502227754,0.2658970455883823,9.044799502227754
1,0,1,1,0,360000.0,585000.0,29250.0,585000.0,6,4,1,1,1,0.031329,-4296.0,-814,1,1,0,1,0,0,3,2.0,2,2,3,11,0,0,0,0,1,1,30,0.6841988631039662,0.3706496323299817,0.0,0.0,0.0,0.0,-488.0,0,0,0,0,0,0,0,0,0,0,0,0,0,0,0,0,0,0,0,0,0.0,0.0,0.0,0.0,0.0,2.0,54,1,1.6249954861236495,0.0812497743061824,1.6249954861236495
0,0,0,1,0,90000.0,341280.0,21960.0,270000.0,6,3,2,0,1,0.022625,-9748.0,-5041,1,0,0,1,0,1,18,2.0,2,2,2,14,0,0,0,0,0,0,57,0.6099419913312666,0.5388627065779676,0.0,0.0,0.0,0.0,-846.0,0,1,0,0,0,0,0,0,0,0,0,0,0,0,0,0,0,0,0,0,0.0,0.0,0.0,0.0,1.0,4.0,62,0,3.7919578671348098,0.243997288919012,3.7919578671348098
0,0,0,0,0,157500.0,298512.0,19224.0,270000.0,6,7,4,0,1,0.008019,-4905.0,-3285,1,1,1,1,0,0,8,2.0,2,2,3,11,0,0,0,0,0,0,5,0.1450754158698382,0.746300213050371,0.0,0.0,0.0,0.0,-1110.0,0,1,0,0,0,0,0,0,0,0,0,0,0,0,0,0,0,0,0,0,0.0,0.0,0.0,0.0,1.0,1.0,30,4,1.8953022520491931,0.1220563678960768,1.8953022520491931
0,0,0,1,0,180000.0,486000.0,38529.0,486000.0,0,7,4,2,1,0.028663,-5973.0,-227,1,1,0,1,0,0,14,1.0,2,2,0,12,0,0,0,0,0,0,51,0.6096922388441813,0.8327850252992314,2.0,0.0,2.0,0.0,-1544.0,0,1,0,0,0,0,0,0,0,0,0,0,0,0,0,0,0,0,0,0,0.0,0.0,0.0,0.0,1.0,0.0,45,6,2.6999850000833328,0.2140488108399398,2.6999850000833328
0,0,0,1,0,157500.0,107820.0,8464.5,90000.0,6,3,4,2,1,0.002506,-4872.0,-936,1,0,0,1,0,0,18,1.0,2,2,4,2,0,0,0,0,0,0,57,0.7264618697122244,0.5352762504724826,0.0,0.0,0.0,0.0,-141.0,0,0,0,0,1,0,0,0,0,0,0,0,0,0,0,0,0,0,0,0,0.0,0.0,0.0,0.0,0.0,0.0,51,0,0.6845670821137644,0.0537425159205338,0.6845670821137644
0,0,0,0,0,157500.0,760225.5,33615.0,679500.0,6,7,4,1,1,0.02461,-4419.0,-3313,1,1,1,1,1,0,18,2.0,2,2,4,11,0,0,0,0,0,0,33,0.6675207418773126,0.5280927512030451,0.0,0.0,0.0,0.0,-588.0,0,1,0,0,0,0,0,0,0,0,0,0,0,0,0,0,0,0,0,0,0.0,0.0,0.0,0.0,0.0,2.0,54,19,4.82679792509254,0.2134272163351343,4.82679792509254
0,1,0,1,1,189000.0,521280.0,35392.5,450000.0,6,7,4,1,1,0.020246,-8110.0,-5519,1,1,1,1,1,0,8,3.0,3,3,0,6,0,0,0,0,0,0,55,0.411605898512169,0.5352762504724826,0.0,0.0,0.0,0.0,-1835.0,0,1,0,0,0,0,0,0,0,0,0,0,0,0,0,0,0,0,0,0,0.0,0.0,0.0,0.0,0.0,1.0,40,17,2.758080645075952,0.1872609139634181,2.758080645075952
0,0,0,1,0,157500.0,225000.0,24232.5,225000.0,6,7,4,3,1,0.015221,-7026.0,-4358,1,1,0,1,1,0,0,1.0,2,2,2,9,0,0,0,0,0,0,42,0.4297552867958335,0.2431864804420123,1.0,0.0,1.0,0.0,-1895.0,0,1,0,0,0,0,0,0,0,0,0,0,0,0,0,0,0,0,0,0,0.0,0.0,0.0,0.0,0.0,3.0,35,12,1.4285623583342328,0.1538561659925968,1.4285623583342328
0,1,1,1,0,256500.0,2156400.0,63180.0,1800000.0,6,7,4,1,1,0.018029,-4134.0,-4555,1,1,0,1,0,0,18,2.0,3,2,3,13,0,0,0,0,0,0,4,0.5915716353796326,0.7435593141311444,8.0,0.0,8.0,0.0,-1792.0,0,1,0,0,0,0,0,0,0,0,0,0,0,0,0,0,0,0,0,0,0.0,0.0,0.0,0.0,0.0,0.0,40,10,8.406984768090572,0.2463148291819525,8.406984768090572
0,0,0,1,0,180000.0,733315.5,71568.0,679500.0,6,4,4,1,1,0.025164,-6254.0,-4924,1,1,0,1,0,0,11,2.0,2,2,0,15,0,0,0,0,0,0,30,0.4324582850079832,0.8435435389318647,7.0,1.0,7.0,1.0,-2764.0,0,1,0,0,0,0,0,0,0,0,0,0,0,0,0,0,0,0,0,0,0.0,0.0,0.0,0.0,1.0,1.0,38,13,4.073952366931295,0.3975977911233826,4.073952366931295
1,0,0,1,1,72000.0,270000.0,13500.0,270000.0,6,7,1,1,1,0.005084,-471.0,-2965,1,1,1,1,1,0,3,3.0,2,2,0,14,0,0,0,0,0,0,33,0.6653624180850207,0.5954562029091491,2.0,0.0,1.0,0.0,-1672.0,0,0,0,0,0,0,0,0,0,0,0,0,0,0,0,0,0,0,0,0,0.0,0.0,0.0,0.0,0.0,0.0,28,5,3.749947917390036,0.1874973958695018,3.749947917390036
0,0,0,0,0,112500.0,490536.0,15003.0,405000.0,6,3,4,5,2,0.031329,-13420.0,-4082,1,0,0,1,0,0,18,1.0,2,2,4,9,0,0,0,0,0,0,57,0.5518974138607885,0.5352762504724826,1.0,1.0,1.0,1.0,-242.0,0,0,0,0,1,0,0,0,0,0,0,0,0,0,0,0,0,0,0,0,0.0,0.0,0.0,0.0,0.0,5.0,64,0,4.360281241944516,0.1333588145883147,4.360281241944516
0,1,1,0,2,225000.0,592560.0,22090.5,450000.0,7,7,4,1,1,0.02461,-3629.0,-4943,1,1,0,1,0,0,4,4.0,2,2,4,9,0,0,0,0,0,0,54,0.6089009770673514,0.7862666146611379,0.0,0.0,0.0,0.0,-3.0,0,1,0,0,0,0,0,0,0,0,0,0,0,0,0,0,0,0,0,0,0.0,0.0,0.0,0.0,0.0,0.0,40,3,2.6335882951631326,0.0981795636463837,2.6335882951631326
0,0,0,1,0,112500.0,45000.0,4855.5,45000.0,6,3,4,1,1,0.0196889999999999,-284.0,-300,1,0,0,1,0,0,18,2.0,2,2,5,13,0,0,0,0,0,0,57,0.2679328432420985,0.4418358231994413,0.0,0.0,0.0,0.0,-395.0,0,0,0,0,1,0,0,0,0,0,0,0,0,0,0,0,0,0,0,0,0.0,0.0,0.0,1.0,0.0,0.0,61,0,0.3999964444760491,0.0431596163589656,0.3999964444760491
0,0,1,1,0,126000.0,840951.0,38133.0,679500.0,6,7,1,1,1,0.01885,-5029.0,-2172,1,1,0,1,0,0,6,2.0,2,2,2,13,0,0,0,0,0,0,5,0.4867040618607741,0.5352762504724826,10.0,1.0,10.0,1.0,-398.0,0,1,0,0,0,0,0,0,0,0,0,0,0,0,0,0,0,0,0,0,0.0,0.0,0.0,0.0,0.0,1.0,32,2,6.67416131618003,0.3026404552344822,6.67416131618003
0,0,0,1,0,121500.0,490500.0,45117.0,490500.0,6,1,4,1,1,0.015221,-1024.0,-2555,1,1,0,1,0,0,15,2.0,2,2,0,14,0,0,0,0,0,0,5,0.1030961342976934,0.1473459180275725,0.0,0.0,0.0,0.0,-920.0,0,1,0,0,0,0,0,0,0,0,0,0,0,0,0,0,0,0,0,0,0.0,0.0,0.0,1.0,0.0,1.0,27,3,4.037003810668225,0.3713302771170608,4.037003810668225
0,0,1,0,1,85500.0,99000.0,10791.0,99000.0,6,7,4,1,1,0.028663,-2841.0,-2867,1,1,0,1,0,0,8,3.0,2,2,1,12,0,0,0,0,0,0,5,0.5009968572115989,0.5656079814115492,0.0,0.0,0.0,0.0,-1660.0,0,1,0,0,0,0,0,0,0,0,0,0,0,0,0,0,0,0,0,0,0.0,0.0,0.0,1.0,0.0,7.0,34,5,1.1578811943719955,0.1262090501865475,1.1578811943719955
0,0,1,0,0,225000.0,450000.0,53406.0,450000.0,6,1,2,3,1,0.008625,-1181.0,-675,1,1,1,1,0,0,18,1.0,2,2,3,10,0,1,1,0,1,1,5,0.6568723699168563,0.2353105173615833,0.0,0.0,0.0,0.0,-642.0,0,1,0,0,0,0,0,0,0,0,0,0,0,0,0,0,0,0,0,0,0.0,0.0,0.0,0.0,0.0,1.0,23,0,1.999991111150617,0.2373589450713552,1.999991111150617
0,0,1,1,1,112500.0,111384.0,9058.5,90000.0,6,1,4,1,1,0.022625,-7352.0,-4227,1,1,0,1,0,0,3,3.0,2,2,0,8,0,0,0,0,0,0,42,0.7333720107561623,0.5954562029091491,0.0,0.0,0.0,0.0,-1744.0,0,1,0,0,0,0,0,0,0,0,0,0,0,0,0,0,0,0,0,0,0.0,0.0,0.0,1.0,0.0,5.0,41,5,0.9900711993671168,0.0805192842730286,0.9900711993671168
0,0,1,1,0,54000.0,313438.5,17631.0,283500.0,4,3,4,5,1,0.031329,-7943.0,-4551,1,0,0,1,0,0,18,1.0,2,2,5,10,0,0,0,0,0,0,57,0.6371386702062538,0.7366226976503176,1.0,1.0,1.0,1.0,0.0,0,1,0,0,0,0,0,0,0,0,0,0,0,0,0,0,0,0,0,0,0.0,0.0,0.0,0.0,0.0,1.0,59,0,5.80430917945964,0.3264939538156701,5.80430917945964
1,0,0,1,1,180000.0,360000.0,18000.0,360000.0,6,1,1,3,0,0.0105,-431.0,-4046,1,1,0,1,0,0,0,2.0,3,3,5,18,0,0,0,0,1,1,5,0.3539496592484876,0.6658549219640212,3.0,0.0,3.0,0.0,-760.0,0,0,0,0,0,0,0,0,0,0,0,0,0,0,0,0,0,0,0,0,0.0,0.0,0.0,1.0,0.0,1.0,31,2,1.999988888950617,0.0999994444475308,1.999988888950617
0,1,1,1,2,135000.0,225000.0,14377.5,225000.0,6,7,4,1,1,0.01885,-1590.0,-428,1,1,0,1,0,0,16,4.0,2,2,6,11,0,0,0,0,0,0,13,0.5673414510430632,0.6722428897082422,0.0,0.0,0.0,0.0,0.0,0,1,0,0,0,0,0,0,0,0,0,0,0,0,0,0,0,0,0,0,0.0,0.0,0.0,0.0,0.0,3.0,46,5,1.6666543210791032,0.1064992111169546,1.6666543210791032
0,0,0,1,0,180000.0,679500.0,64516.5,679500.0,1,7,4,1,1,0.003813,-3263.0,-4151,1,1,1,1,0,0,10,2.0,2,2,6,7,0,0,0,0,0,0,42,0.7703117011938407,0.5352762504724826,1.0,1.0,1.0,1.0,-1365.0,0,0,0,0,0,0,1,0,0,0,0,0,0,0,0,0,0,0,0,0,0.0,0.0,0.0,0.0,0.0,0.0,41,9,3.7749790278942896,0.3584230087610624,3.7749790278942896
1,0,0,1,0,117000.0,270000.0,13500.0,270000.0,6,7,4,3,1,0.031329,-401.0,-447,1,1,0,1,0,0,18,1.0,2,2,4,10,0,0,0,0,0,0,5,0.6398239518317564,0.1841161559307151,1.0,0.0,1.0,0.0,-137.0,0,0,0,0,0,0,0,0,0,0,0,0,0,0,0,0,0,0,0,0,0.0,0.0,0.0,0.0,0.0,1.0,55,1,2.3076725839950085,0.1153836291997504,2.3076725839950085
0,0,1,1,0,112500.0,239850.0,23494.5,225000.0,1,3,4,2,1,0.010147,-4963.0,-4963,1,0,0,1,1,0,18,1.0,2,2,4,12,0,0,0,0,0,0,57,0.5304748070079576,0.7001838506835805,6.0,0.0,6.0,0.0,-233.0,0,1,0,0,0,0,0,0,0,0,0,0,0,0,0,0,0,0,0,0,0.0,0.0,0.0,0.0,0.0,2.0,65,0,2.131981049057342,0.2088381436609452,2.131981049057342
1,0,1,1,1,225000.0,630000.0,31500.0,630000.0,5,1,1,1,1,0.04622,-3269.0,-659,1,1,1,1,1,0,14,3.0,1,1,2,17,0,0,0,0,1,1,3,0.6820735358318919,0.2314393514998941,0.0,0.0,0.0,0.0,-1667.0,0,0,0,0,0,0,0,0,0,0,0,0,0,0,0,0,0,0,0,0,0.0,0.0,0.0,0.0,0.0,1.0,36,5,2.799987555610864,0.1399993777805432,2.799987555610864
0,1,1,0,2,180000.0,1583392.5,41769.0,1415259.0,6,7,4,1,1,0.019101,-470.0,-4085,1,1,1,1,0,0,8,4.0,2,2,4,10,0,0,0,0,0,0,55,0.703116064559405,0.7421816117614419,3.0,1.0,3.0,1.0,-628.0,0,1,0,0,0,0,0,0,0,0,0,1,0,0,0,0,0,0,0,0,0.0,0.0,0.0,0.0,1.0,5.0,40,10,8.79657613013261,0.2320487108404953,8.79657613013261
1,1,0,0,1,168750.0,270000.0,13500.0,270000.0,6,7,1,1,5,0.004849,-4963.0,-2884,1,1,0,1,0,0,3,3.0,2,2,5,17,0,0,0,0,0,0,34,0.6033253771873837,0.5549467685334323,0.0,0.0,0.0,0.0,-1355.0,0,0,0,0,0,0,0,0,0,0,0,0,0,0,0,0,0,0,0,0,0.0,0.0,0.0,1.0,0.0,0.0,28,2,1.5999905185747048,0.0799995259287352,1.5999905185747048
0,0,0,0,1,135000.0,900000.0,26446.5,900000.0,6,7,1,0,1,0.031329,-3773.0,-4560,1,1,1,1,0,0,6,3.0,2,2,3,7,0,0,0,0,1,1,4,0.6963947711892504,0.622922000268356,0.0,0.0,0.0,0.0,-1247.0,0,1,0,0,0,0,0,0,0,0,0,0,0,0,0,0,0,0,0,0,0.0,0.0,0.0,0.0,0.0,0.0,42,14,6.666617284316413,0.1958985488996378,6.666617284316413
0,1,1,0,0,180000.0,659610.0,17527.5,472500.0,6,7,4,0,1,0.0196889999999999,-658.0,-3457,1,1,0,1,0,0,8,2.0,2,2,4,13,0,0,0,0,0,0,5,0.1222833133495336,0.4902575124990026,0.0,0.0,0.0,0.0,-2278.0,0,1,0,0,0,0,0,0,0,0,0,0,0,0,0,0,0,0,0,0,0.0,0.0,0.0,0.0,0.0,4.0,29,1,3.664479641779768,0.0973744590307831,3.664479641779768
0,0,1,0,0,128250.0,432567.0,19183.5,328500.0,6,7,1,2,5,0.003813,-3757.0,-4137,1,1,0,1,0,0,8,1.0,2,2,5,7,0,0,0,1,1,0,5,0.3665177614965101,0.5797274227921155,0.0,0.0,0.0,0.0,-72.0,0,1,0,0,0,0,0,0,0,0,0,0,0,0,0,0,0,0,0,0,0.0,0.0,0.0,0.0,1.0,1.0,37,2,3.3728158065044327,0.1495777810699332,3.3728158065044327
0,1,1,0,0,112500.0,450000.0,16965.0,450000.0,6,7,4,1,1,0.0105,-183.0,-796,1,1,0,1,1,0,8,2.0,3,3,5,17,0,0,0,0,0,0,5,0.6247867404983941,0.4938628816996244,0.0,0.0,0.0,0.0,-1562.0,0,1,0,0,0,0,0,0,0,0,0,0,0,0,0,0,0,0,0,0,0.0,0.0,0.0,0.0,0.0,5.0,47,3,3.999964444760491,0.1507986595674705,3.999964444760491
0,0,0,1,1,99000.0,814041.0,28971.0,679500.0,6,1,4,1,1,0.019101,-118.0,-2939,1,1,0,1,0,0,0,3.0,2,2,4,12,0,0,0,0,1,1,42,0.6892981999009444,0.5902333386185574,1.0,0.0,1.0,0.0,0.0,0,1,0,0,0,0,0,0,0,0,0,0,0,0,0,0,0,0,0,0,0.0,0.0,0.0,0.0,0.0,0.0,29,8,8.222553307542348,0.2926334077433561,8.222553307542348
0,1,1,1,1,243000.0,500211.0,38839.5,463500.0,1,1,4,1,2,0.009334,-3479.0,-1784,1,1,1,1,1,1,4,3.0,2,2,5,11,0,0,0,0,1,1,5,0.5161290943410495,0.7076993447402619,0.0,0.0,0.0,0.0,0.0,0,1,0,0,0,0,0,0,0,0,0,0,0,0,0,0,0,0,0,0,0.0,0.0,0.0,0.0,0.0,0.0,49,7,2.058473010399134,0.1598326755856971,2.058473010399134
0,1,0,1,0,135000.0,323388.0,21186.0,292500.0,6,7,1,3,1,0.022625,-177.0,-1395,1,1,0,1,0,1,6,1.0,2,2,3,11,0,0,0,0,0,0,3,0.5491431799633754,0.3376727217405312,4.0,0.0,4.0,0.0,-950.0,0,1,0,0,0,0,0,0,0,0,0,0,0,0,0,0,0,0,0,0,0.0,0.0,0.0,0.0,2.0,1.0,28,3,2.3954489226005733,0.1569321708728083,2.3954489226005733
0,1,1,0,2,450000.0,469152.0,31864.5,405000.0,6,1,4,1,1,0.0072739999999999,-2867.0,-533,1,1,0,1,0,0,10,4.0,2,2,0,15,0,0,0,0,1,1,42,0.5736426407840481,0.4812493411434029,11.0,0.0,11.0,0.0,-2814.0,0,1,0,0,0,0,0,0,0,0,0,0,0,0,0,0,0,0,0,0,0.0,0.0,0.0,0.0,0.0,0.0,46,10,1.0425576832051484,0.0708098426447941,1.0425576832051484
0,0,1,0,0,72000.0,225000.0,11560.5,225000.0,6,3,4,0,1,0.015221,-5925.0,-1083,1,0,0,1,0,0,18,2.0,2,2,4,10,0,0,0,0,0,0,57,0.7255048371291793,0.7180328113294772,2.0,1.0,2.0,1.0,-282.0,0,0,0,0,1,0,0,0,0,0,0,0,0,0,0,0,0,0,0,0,0.0,0.0,0.0,0.0,1.0,6.0,65,0,3.12495659782503,0.16056026999625,3.12495659782503
0,0,0,1,0,112500.0,677664.0,27337.5,585000.0,6,1,4,2,1,0.020246,-7985.0,-2647,1,1,0,1,0,0,14,1.0,3,3,5,9,0,0,0,0,0,0,24,0.1443041461741512,0.5352762504724826,0.0,0.0,0.0,0.0,-278.0,0,1,0,0,0,0,0,0,0,0,0,0,0,0,0,0,0,0,0,0,0.0,0.0,0.0,0.0,0.0,1.0,39,4,6.023626456653719,0.2429978400191998,6.023626456653719
0,0,0,1,0,84150.0,585000.0,28143.0,585000.0,6,3,4,1,1,0.026392,-1012.0,-4324,1,0,0,1,1,0,18,2.0,2,2,3,13,0,0,0,0,0,0,57,0.6350937307706326,0.5352762504724826,9.0,0.0,9.0,0.0,-638.0,0,1,0,0,0,0,0,0,0,0,0,0,0,0,0,0,0,0,0,0,0.0,0.0,0.0,0.0,0.0,1.0,60,0,6.951789045881808,0.3344345284072679,6.951789045881808
0,0,1,0,0,90000.0,792477.0,23301.0,661500.0,6,3,4,1,1,0.018029,-4447.0,-4518,1,0,0,1,0,0,18,2.0,3,3,6,8,0,0,0,0,0,0,57,0.313705558831496,0.7091891096653581,0.0,0.0,0.0,0.0,-1647.0,0,1,0,0,0,0,0,0,0,0,0,0,0,0,0,0,0,0,0,0,0.0,0.0,0.0,0.0,1.0,0.0,57,0,8.805202164420395,0.2588971233652959,8.805202164420395
0,0,0,1,0,83250.0,229500.0,23643.0,229500.0,6,3,4,1,1,0.028663,-4445.0,-4445,1,0,0,1,0,0,18,2.0,2,2,1,12,0,0,0,0,0,0,57,0.0200413929940863,0.4866531565147181,4.0,0.0,4.0,0.0,0.0,0,1,0,0,0,0,0,0,0,0,0,0,0,0,0,0,0,0,0,0,0.0,0.0,0.0,0.0,1.0,3.0,63,0,2.756723642959244,0.283996588629566,2.756723642959244
0,1,0,1,1,157500.0,1024740.0,49428.0,900000.0,6,7,1,1,1,0.008625,-5232.0,-635,1,1,0,1,0,1,4,3.0,2,2,5,13,0,0,0,0,0,0,33,0.6128514808649062,0.6092756673894402,0.0,0.0,0.0,0.0,-328.0,0,1,0,0,0,0,0,0,0,0,0,0,0,0,0,0,0,0,0,0,0.0,0.0,0.0,2.0,0.0,1.0,28,6,6.50624440479743,0.3138265788788643,6.50624440479743
0,0,0,1,0,54000.0,486000.0,10728.0,486000.0,6,4,4,2,1,0.005144,-8096.0,-428,1,1,0,1,1,0,11,1.0,2,2,5,10,0,0,0,0,0,0,30,0.7044153618492182,0.5352762504724826,2.0,0.0,2.0,0.0,-1411.0,0,0,0,0,0,0,0,0,0,0,0,0,0,0,0,0,0,0,0,0,0.0,0.0,0.0,0.0,0.0,1.0,46,0,8.999833336419696,0.1986629877224495,8.999833336419696
1,0,0,0,0,135000.0,180000.0,9000.0,180000.0,6,4,4,0,5,0.019101,-1869.0,-527,1,1,0,1,0,0,11,2.0,2,2,1,14,0,0,0,1,1,0,30,0.2288408705385319,0.5352762504724826,0.0,0.0,0.0,0.0,-210.0,0,0,0,0,0,0,0,0,0,0,0,0,0,0,0,0,0,0,0,0,0.0,0.0,0.0,0.0,0.0,1.0,22,1,1.3333234568632826,0.0666661728431641,1.3333234568632826
0,1,1,1,0,157500.0,916470.0,32467.5,765000.0,6,1,2,1,1,0.072508,-5851.0,-2654,1,1,0,1,1,0,18,2.0,1,1,6,9,0,0,0,0,0,0,5,0.771319969137597,0.5352762504724826,0.0,0.0,0.0,0.0,-2454.0,0,1,0,0,0,0,0,0,0,0,0,0,0,0,0,0,0,0,0,0,0.0,0.0,0.0,0.0,0.0,1.0,33,3,5.818820197966997,0.2061415483076298,5.818820197966997
0,1,1,0,0,180000.0,835380.0,42840.0,675000.0,5,7,4,1,1,0.019101,-4540.0,-2952,1,1,0,1,0,0,8,2.0,2,2,5,11,0,0,0,0,1,1,42,0.6879243323031209,0.7062051096536562,0.0,0.0,0.0,0.0,-1633.0,0,0,0,0,0,0,1,0,0,0,0,0,0,0,0,0,0,0,0,0,0.0,0.0,0.0,0.0,0.0,4.0,53,5,4.640974216809907,0.2379986777851234,4.640974216809907
0,0,0,0,0,135000.0,592560.0,21960.0,450000.0,6,1,2,0,1,0.008068,-2109.0,-1096,1,1,1,1,0,0,18,2.0,3,3,0,8,0,0,0,0,0,0,5,0.0833159578916332,0.6528965519806539,0.0,0.0,0.0,0.0,-442.0,0,1,0,0,0,0,0,0,0,0,0,0,0,0,1,0,0,0,0,0,0.0,0.0,0.0,0.0,0.0,2.0,32,1,4.389300819993926,0.1626654617373204,4.389300819993926
1,1,0,1,2,112500.0,337500.0,16875.0,337500.0,6,7,4,1,1,0.02461,-799.0,-1583,1,1,0,1,0,0,4,4.0,2,2,2,15,0,0,0,0,0,0,5,0.5717214993938295,0.4083588531230431,0.0,0.0,0.0,0.0,-831.0,0,0,0,0,0,0,0,0,0,0,0,0,0,0,0,0,0,0,0,0,0.0,0.0,0.0,0.0,0.0,2.0,49,7,2.9999733335703684,0.1499986666785184,2.9999733335703684
0,1,1,1,0,270000.0,112068.0,11898.0,99000.0,6,7,4,3,1,0.01885,-7053.0,-2342,1,1,0,1,0,0,10,1.0,2,2,5,12,0,0,0,0,0,0,5,0.5973599442844661,0.6528965519806539,0.0,0.0,0.0,0.0,-1919.0,0,1,0,0,0,0,0,0,0,0,0,0,0,0,0,0,0,0,0,0,0.0,0.0,0.0,0.0,0.0,1.0,40,1,0.4150651293884096,0.0440665034573946,0.4150651293884096
0,1,0,0,1,157500.0,1053000.0,30919.5,1053000.0,6,3,4,2,1,0.010006,-1306.0,-4672,1,0,0,1,1,0,18,2.0,2,2,4,18,0,0,0,0,0,0,57,0.2876466791511318,0.22009464485041,1.0,1.0,1.0,1.0,-212.0,0,0,0,0,1,0,0,0,0,0,0,0,0,0,0,0,0,0,0,0,0.0,0.0,0.0,0.0,0.0,3.0,44,0,6.685671837004209,0.1963130392822902,6.685671837004209
0,0,0,1,0,67500.0,113746.5,8932.5,103500.0,6,3,4,1,1,0.030755,-4021.0,-5009,1,0,0,1,0,0,18,2.0,2,2,1,11,0,0,0,0,0,0,57,0.623227033020685,0.2925880073368475,0.0,0.0,0.0,0.0,-344.0,0,0,0,0,1,0,0,0,0,0,0,0,0,0,0,0,0,0,0,0,0.0,0.0,0.0,0.0,0.0,1.0,60,0,1.685108368764907,0.1323313728685501,1.685108368764907
0,0,0,1,0,67500.0,679266.0,19597.5,567000.0,6,3,4,1,1,0.018209,-9755.0,-4177,1,0,0,1,1,0,18,2.0,3,3,5,8,0,0,0,0,0,0,57,0.4156048449835498,0.6577838002083306,1.0,0.0,1.0,0.0,-5.0,0,0,0,0,1,0,0,0,0,0,0,0,0,0,0,0,0,0,0,0,0.0,0.0,0.0,0.0,0.0,0.0,64,0,10.063050917764182,0.2903290321624864,10.063050917764182
0,0,0,1,2,315000.0,1078200.0,38331.0,900000.0,6,1,4,1,1,0.0072739999999999,-3958.0,-2766,1,1,0,1,1,0,18,4.0,2,2,4,12,0,0,0,0,0,0,40,0.4405908186006368,0.190705947811054,0.0,0.0,0.0,0.0,-684.0,0,1,0,0,0,0,0,0,0,0,0,0,0,0,0,0,0,0,0,0,0.0,0.0,0.0,0.0,2.0,0.0,28,0,3.4228462766784866,0.1216853279830857,3.4228462766784866
1,0,0,1,0,117000.0,180000.0,9000.0,180000.0,1,3,4,1,1,0.018634,-3166.0,-3367,1,0,0,1,0,0,18,2.0,2,2,4,18,0,0,0,0,0,0,57,0.4254788080702143,0.7338145369642702,0.0,0.0,0.0,0.0,-1155.0,0,0,0,0,0,0,0,0,0,0,0,0,0,0,0,0,0,0,0,0,0.0,0.0,0.0,0.0,0.0,0.0,54,0,1.5384483893300058,0.0769224194665002,1.5384483893300058
0,0,0,1,0,202500.0,542133.0,29538.0,468000.0,6,7,4,1,1,0.04622,-7287.0,-2459,1,1,0,1,0,0,8,2.0,1,1,4,12,0,0,0,0,0,0,5,0.6831253210717081,0.7557400501752248,1.0,1.0,1.0,1.0,-587.0,0,1,0,0,0,0,0,0,0,0,0,0,0,0,0,0,0,0,0,0,0.0,0.0,0.0,0.0,0.0,1.0,51,2,2.6771867793245465,0.1458659463410057,2.6771867793245465
1,1,1,1,0,180000.0,180000.0,9000.0,180000.0,6,7,1,1,1,0.00733,-38.0,-1884,1,1,0,1,0,1,3,2.0,2,2,3,10,0,0,0,0,1,1,42,0.618455281454231,0.3185955240537633,0.0,0.0,0.0,0.0,-1627.0,0,0,0,0,0,0,0,0,0,0,0,0,0,0,0,0,0,0,0,0,0.0,0.0,0.0,0.0,0.0,2.0,25,1,0.9999944444753084,0.0499997222237654,0.9999944444753084
0,1,1,1,0,135000.0,840951.0,33480.0,679500.0,6,7,4,1,1,0.030755,-6335.0,-526,1,1,0,1,0,0,18,2.0,2,2,0,12,0,0,0,0,1,1,55,0.6787544824073725,0.5602843280409464,0.0,0.0,0.0,0.0,-90.0,0,1,0,0,0,0,0,0,0,0,0,0,0,0,0,0,0,0,0,0,0.0,0.0,0.0,0.0,0.0,0.0,46,7,6.229220524292413,0.2479981629765705,6.229220524292413
0,1,0,1,1,81000.0,308133.0,14953.5,234000.0,1,7,4,1,1,0.025164,-8942.0,-4286,1,1,0,1,0,0,8,3.0,2,2,0,11,0,0,0,0,0,0,4,0.309942161017575,0.5352762504724826,3.0,0.0,3.0,0.0,0.0,0,1,0,0,0,0,0,0,0,0,0,0,0,0,0,0,0,0,0,0,0.0,0.0,0.0,0.0,0.0,1.0,56,29,3.804064147356205,0.1846088319897285,3.804064147356205
0,0,1,0,1,1125000.0,1827558.0,51313.5,1633500.0,6,1,1,3,1,0.0228,-918.0,-681,1,1,0,1,1,0,10,2.0,2,2,4,9,0,0,0,0,0,0,5,0.6776759282780646,0.5352762504724826,2.0,1.0,2.0,1.0,-1477.0,0,1,0,0,0,0,0,0,0,0,0,0,0,0,0,0,0,0,0,0,0.0,0.0,0.0,0.0,0.0,1.0,46,13,1.6244945560048392,0.045611959456036,1.6244945560048392
0,0,0,0,0,135000.0,254700.0,18585.0,225000.0,6,7,4,1,1,0.00963,-727.0,-1976,1,1,1,1,1,0,11,2.0,2,2,4,14,0,0,0,0,0,0,30,0.7029973680403029,0.1437580534911652,0.0,0.0,0.0,0.0,-981.0,0,1,0,0,0,0,0,0,0,0,0,0,0,0,0,0,0,0,0,0,0.0,0.0,0.0,0.0,0.0,6.0,39,19,1.886652691461545,0.1376656469211339,1.886652691461545
0,0,0,0,0,270000.0,524403.0,39339.0,495000.0,6,3,4,5,2,0.072508,-14058.0,-5411,1,0,0,1,1,0,18,1.0,1,1,0,14,0,0,0,0,0,0,57,0.6446424004825454,0.5638350489514956,0.0,0.0,0.0,0.0,0.0,0,1,0,0,0,0,0,0,0,0,0,0,0,0,0,0,0,0,0,0,0.0,0.0,0.0,0.0,0.0,3.0,59,0,1.9422261399031853,0.145699460372369,1.9422261399031853
0,0,0,0,0,157500.0,585000.0,16893.0,585000.0,7,7,4,1,1,0.005313,-3269.0,-2541,1,1,0,1,0,0,17,2.0,2,2,3,16,0,0,0,0,0,0,5,0.6907808534934112,0.6178261467332483,2.0,0.0,2.0,0.0,-2.0,0,1,0,0,0,0,0,0,0,0,0,0,0,0,0,0,0,0,0,0,0.0,0.0,0.0,0.0,0.0,0.0,41,0,3.714262131669005,0.1072564618637341,3.714262131669005
0,0,0,1,0,148500.0,239850.0,22423.5,225000.0,6,1,1,1,1,0.01885,-862.0,-4433,1,1,1,1,0,0,6,2.0,2,2,6,15,0,0,0,0,0,0,5,0.716363303581472,0.5797274227921155,0.0,0.0,0.0,0.0,-3042.0,0,1,0,0,0,0,0,0,0,0,0,0,0,0,0,0,0,0,0,0,0.0,0.0,0.0,0.0,0.0,0.0,37,3,1.6151406387835772,0.1509989831718305,1.6151406387835772
0,0,0,1,0,135000.0,512446.5,28741.5,463500.0,6,3,4,1,1,0.01885,-10136.0,-4257,1,0,0,1,0,0,18,2.0,2,2,1,18,0,0,0,0,0,0,57,0.6060748656243555,0.2151824041847538,6.0,1.0,6.0,0.0,-2596.0,0,1,0,0,0,0,0,0,0,0,0,0,0,0,0,0,0,0,0,0,0.0,0.0,0.0,1.0,0.0,2.0,56,0,3.7958718824305007,0.2128984229746446,3.7958718824305007
0,0,0,0,1,112500.0,348264.0,34573.5,315000.0,6,7,4,2,1,0.018634,-6884.0,-1456,1,1,0,1,0,0,6,2.0,2,2,0,14,0,0,0,0,0,0,5,0.6176499878917266,0.7209441499436497,0.0,0.0,0.0,0.0,-2174.0,0,1,0,0,0,0,0,0,0,0,0,0,0,0,0,0,0,0,0,0,0.0,0.0,0.0,0.0,0.0,0.0,49,8,3.0956524830890397,0.3073172682909485,3.0956524830890397
0,1,0,1,1,112500.0,103500.0,8428.5,103500.0,6,1,4,0,1,0.026392,-3652.0,-336,1,1,0,1,1,0,8,3.0,2,2,4,18,0,0,0,1,1,0,5,0.7050614977378588,0.5352762504724826,0.0,0.0,0.0,0.0,-1878.0,0,1,0,0,0,0,0,0,0,0,0,0,0,0,0,0,0,0,0,0,0.0,0.0,0.0,0.0,0.0,0.0,46,7,0.9199918222949128,0.074919334050364,0.9199918222949128
0,0,0,0,0,180000.0,71955.0,8667.0,67500.0,6,1,3,0,1,0.0196889999999999,-5590.0,-4005,1,1,0,1,1,0,11,2.0,2,2,5,19,0,0,0,0,0,0,40,0.3426727960688126,0.5082869913916046,1.0,0.0,1.0,0.0,-677.0,0,1,0,0,0,0,0,0,0,0,0,0,0,0,0,0,0,0,0,0,0.0,0.0,0.0,0.0,0.0,0.0,31,5,0.3997477791790045,0.0481497325014861,0.3997477791790045
0,1,0,1,0,67500.0,343800.0,16852.5,225000.0,6,7,4,1,1,0.019101,-5378.0,-4797,1,1,0,1,0,0,4,2.0,2,2,4,11,0,0,0,0,0,0,5,0.2672642559050261,0.2176285202779586,5.0,0.0,5.0,0.0,0.0,0,1,0,0,0,0,0,0,0,0,0,0,0,0,0,0,0,0,0,0,0.0,0.0,0.0,0.0,0.0,1.0,38,8,5.093257877661071,0.2496629679560302,5.093257877661071
1,1,1,0,2,180000.0,337500.0,16875.0,337500.0,1,1,1,1,1,0.00733,-350.0,-4715,1,1,0,1,0,0,3,4.0,2,2,5,10,0,0,0,0,1,1,5,0.6162598560017771,0.5406544504453575,0.0,0.0,0.0,0.0,-1497.0,0,0,0,0,0,0,0,0,0,0,0,0,0,0,0,0,0,0,0,0,0.0,0.0,0.0,0.0,0.0,2.0,37,3,1.8749895833912036,0.0937494791695601,1.8749895833912036
0,0,1,0,0,211603.5,1147500.0,30267.0,1147500.0,6,1,1,3,1,0.018209,-376.0,-3984,1,1,1,1,0,0,5,1.0,3,3,0,13,0,0,0,0,0,0,5,0.5504530446451792,0.7062051096536562,1.0,0.0,1.0,0.0,-1269.0,0,0,0,0,0,0,0,0,0,1,0,0,0,0,0,0,0,0,0,0,0.0,0.0,0.0,5.0,1.0,1.0,40,1,5.422852538580229,0.1430357104881985,5.422852538580229
0,1,1,0,1,157500.0,571446.0,16506.0,477000.0,6,7,4,1,1,0.010966,-10610.0,-3290,1,1,0,1,0,0,8,3.0,2,2,1,10,0,0,0,1,0,1,32,0.6007948903254666,0.6894791426446275,7.0,0.0,7.0,0.0,-1082.0,0,0,0,0,0,0,1,0,0,0,0,1,0,0,0,0,0,0,0,0,0.0,0.0,0.0,0.0,0.0,1.0,29,7,3.628205535202951,0.1047993346073993,3.628205535202951
0,0,1,1,0,135000.0,332473.5,16299.0,274500.0,1,7,4,5,1,0.035792,-10903.0,-983,1,1,0,1,0,0,18,1.0,2,2,4,12,0,0,0,0,1,1,33,0.643845506770246,0.7449321846094795,3.0,0.0,3.0,0.0,-435.0,0,1,0,0,0,0,0,0,0,0,0,0,0,0,0,0,0,0,0,0,0.0,0.0,0.0,0.0,1.0,3.0,47,11,2.462748424085748,0.1207324390189702,2.462748424085748
0,0,0,0,0,180000.0,675000.0,21775.5,675000.0,6,7,4,5,1,0.010643,-3840.0,-4360,1,1,0,1,0,0,1,1.0,2,2,1,14,0,0,0,0,1,1,4,0.1718990183728896,0.1664055461839363,2.0,0.0,2.0,0.0,-959.0,0,1,0,0,0,0,0,0,0,0,0,0,0,0,0,0,0,0,0,0,0.0,0.0,0.0,0.0,0.0,1.0,64,2,3.749979166782407,0.1209743279204004,3.749979166782407
0,1,0,0,1,270000.0,99504.0,10444.5,90000.0,6,7,4,1,5,0.010556,-1246.0,-1937,1,1,0,1,0,1,18,3.0,3,3,6,14,0,1,1,0,1,1,42,0.6069359744147019,0.501075160239048,0.0,0.0,0.0,0.0,-238.0,0,0,0,0,0,0,1,0,0,0,0,0,0,0,0,0,0,0,0,0,0.0,0.0,0.0,0.0,1.0,1.0,31,2,0.368531968400117,0.038683190062259,0.368531968400117
0,1,1,0,0,139500.0,1271929.5,47268.0,1170000.0,6,4,2,3,1,0.0116569999999999,-846.0,-3052,1,1,0,1,0,0,3,1.0,1,1,1,16,0,1,1,1,1,1,39,0.6401212208890824,0.524496446363472,10.0,0.0,10.0,0.0,-2.0,0,1,0,0,0,0,0,0,0,0,0,0,0,0,0,0,0,0,0,0,0.0,0.0,0.0,0.0,0.0,0.0,28,0,9.117708833628432,0.3388362807435072,9.117708833628432
0,0,0,1,0,76500.0,495000.0,15543.0,495000.0,1,3,1,0,1,0.015221,-10386.0,-4528,1,0,0,1,0,0,18,2.0,2,2,6,14,0,0,0,0,0,0,57,0.4798399742233321,0.5352762504724826,0.0,0.0,0.0,0.0,-523.0,0,1,0,0,0,0,0,0,0,0,0,0,0,0,0,0,0,0,0,0,0.0,0.0,0.0,0.0,0.0,1.0,58,0,6.470503653547013,0.2031738147213762,6.470503653547013
0,0,0,0,2,157500.0,225000.0,10489.5,225000.0,6,7,4,1,1,0.030755,-2700.0,-4890,1,1,1,1,1,0,6,4.0,2,2,1,13,0,0,0,0,0,0,5,0.2930897022262147,0.1614630800057724,0.0,0.0,0.0,0.0,-1788.0,0,1,0,0,0,0,0,0,0,0,0,0,0,0,0,0,0,0,0,0,0.0,0.0,0.0,0.0,0.0,2.0,34,9,1.4285623583342328,0.0665995771455419,1.4285623583342328
0,0,0,0,0,202500.0,900000.0,26316.0,900000.0,1,7,4,1,1,0.0031219999999999,-8576.0,-352,1,1,1,1,0,0,11,2.0,3,3,4,9,0,0,0,0,0,0,41,0.6594061768905888,0.6577838002083306,0.0,0.0,0.0,0.0,-472.0,0,1,0,0,0,0,0,0,0,0,0,0,0,0,0,0,0,0,0,0,0.0,0.0,0.0,0.0,2.0,1.0,46,11,4.444422496679029,0.1299549138028948,4.444422496679029
0,0,0,1,0,72000.0,90000.0,8896.5,90000.0,6,7,4,3,1,0.028663,-4819.0,-3536,1,1,0,1,0,0,11,1.0,2,2,0,15,0,0,0,0,0,0,30,0.5860655369148565,0.4436153084085652,0.0,0.0,0.0,0.0,0.0,0,1,0,0,0,0,0,0,0,0,0,0,0,0,0,0,0,0,0,0,0.0,0.0,0.0,0.0,0.0,1.0,55,13,1.2499826391300122,0.1235607838780016,1.2499826391300122
0,1,1,1,0,180000.0,755190.0,36459.0,675000.0,6,7,4,1,1,0.030755,-2143.0,-4296,1,1,1,1,1,0,18,2.0,2,2,4,10,0,0,0,0,1,1,5,0.5878044685651233,0.7338145369642702,3.0,0.0,3.0,0.0,-1158.0,0,1,0,0,0,0,0,0,0,0,0,0,0,0,0,0,0,0,0,0,0.0,0.0,0.0,0.0,0.0,2.0,42,5,4.195476691796157,0.2025488747284737,4.195476691796157
0,0,0,0,1,92250.0,706221.0,20236.5,589500.0,6,1,4,1,1,0.020713,-4346.0,-1477,1,1,1,1,0,0,18,3.0,3,3,6,11,0,0,0,1,1,0,5,0.4461224108696508,0.4884551844437485,0.0,0.0,0.0,0.0,-3.0,0,0,0,0,0,0,0,0,0,1,0,0,0,0,0,0,0,0,0,0,0.0,0.0,0.0,0.0,0.0,0.0,26,3,7.655429209439464,0.2193634757346803,7.655429209439464
0,0,0,1,0,135000.0,675000.0,26284.5,675000.0,6,7,4,1,1,0.025164,-6370.0,-1226,1,1,0,1,0,0,18,2.0,2,2,0,8,0,1,1,0,1,1,24,0.2920894189319937,0.6690566947824041,3.0,0.0,3.0,0.0,0.0,0,0,0,1,0,0,0,0,0,0,0,0,0,0,0,0,0,0,0,0,0.0,0.0,0.0,0.0,1.0,4.0,48,0,4.9999629632373095,0.1946985577884608,4.9999629632373095
0,0,0,1,0,112500.0,454500.0,21996.0,454500.0,4,7,4,2,1,0.028663,-10807.0,-3030,1,1,0,1,0,0,3,1.0,2,2,6,9,0,0,0,0,0,0,28,0.5520704635284911,0.6380435278721609,1.0,1.0,1.0,1.0,0.0,0,1,0,0,0,0,0,0,0,0,0,0,0,0,0,0,0,0,0,0,0.0,0.0,0.0,0.0,0.0,2.0,53,2,4.039964089208096,0.1955182620598928,4.039964089208096
0,0,0,1,1,112500.0,1724220.0,50544.0,1350000.0,6,7,2,1,1,0.020246,-7413.0,-1509,1,1,0,1,0,0,3,3.0,3,3,0,11,0,0,0,0,0,0,42,0.4625854489464515,0.4848514754962666,0.0,0.0,0.0,0.0,-724.0,0,1,0,0,0,0,0,0,0,0,0,0,0,0,0,0,0,0,0,0,0.0,0.0,0.0,0.0,1.0,1.0,24,2,15.326263766544296,0.4492760064354983,15.326263766544296
0,0,0,1,0,225000.0,358443.0,13639.5,252000.0,6,7,4,5,1,0.0038179999999999,-618.0,-4651,1,1,0,1,0,0,18,1.0,2,2,2,5,0,0,0,0,0,0,39,0.6417869527270601,0.3539876078507373,2.0,0.0,2.0,0.0,-309.0,0,1,0,0,0,0,0,0,0,0,0,0,0,0,0,0,0,0,0,0,0.0,0.0,0.0,0.0,1.0,4.0,63,14,1.5930729196759126,0.0606197305789752,1.5930729196759126
0,0,0,1,0,135000.0,690579.0,33354.0,558000.0,6,3,1,5,1,0.020713,-4699.0,-4004,1,0,0,1,0,0,18,1.0,3,3,5,7,0,0,0,0,0,0,57,0.5669066132460429,0.5352762504724826,1.0,0.0,1.0,0.0,-288.0,0,1,0,0,0,0,0,0,0,0,0,0,0,0,0,0,0,0,0,0,0.0,0.0,0.0,0.0,0.0,1.0,56,0,5.115362108428826,0.2470648365567662,5.115362108428826
0,0,0,1,0,270000.0,1889739.0,75073.5,1764000.0,6,3,4,1,1,0.007114,-8738.0,-4635,1,0,0,1,0,0,18,2.0,2,2,0,18,0,0,0,0,0,0,57,0.2629358786975408,0.6212263380626669,0.0,0.0,0.0,0.0,0.0,0,1,0,0,0,0,0,0,0,0,0,0,0,0,0,0,0,0,0,0,0.0,0.0,0.0,0.0,1.0,0.0,58,0,6.999007411083663,0.2780489701889993,6.999007411083663
0,0,1,1,0,180000.0,291915.0,15966.0,252000.0,6,1,1,1,1,0.0072739999999999,-1469.0,-3746,1,1,0,1,1,0,3,2.0,2,2,3,12,0,0,0,0,0,0,46,0.4672420335694116,0.1301285429480269,0.0,0.0,0.0,0.0,-1211.0,0,1,0,0,0,0,0,0,0,0,0,0,0,0,0,0,0,0,0,0,0.0,0.0,0.0,0.0,1.0,2.0,30,4,1.6217409903278317,0.0886995072249598,1.6217409903278317
0,1,1,1,0,225000.0,325282.5,16605.0,220500.0,6,7,4,1,2,0.072508,-3604.0,-3147,1,1,0,1,1,0,4,2.0,1,1,5,16,0,0,0,0,0,0,40,0.7563900579192269,0.5352762504724826,0.0,0.0,0.0,0.0,-3055.0,0,0,0,0,0,0,1,0,0,0,0,0,0,0,0,0,0,0,0,0,0.0,0.0,0.0,0.0,1.0,3.0,53,18,1.4456935746952235,0.0737996720014577,1.4456935746952235
0,0,0,1,0,49500.0,521280.0,19449.0,450000.0,6,3,4,1,1,0.020246,-2827.0,-4701,1,0,0,1,1,0,18,2.0,3,3,1,12,0,0,0,0,0,0,57,0.5083107993478022,0.6496203111237195,0.0,0.0,0.0,0.0,-937.0,0,0,0,0,1,0,0,0,0,0,0,0,0,0,0,0,0,0,0,0,0.0,0.0,0.0,0.0,0.0,3.0,60,0,10.530696349568696,0.3929011535120502,10.530696349568696
0,1,1,1,0,157500.0,1074222.0,31410.0,769500.0,1,7,3,1,1,0.01885,-1472.0,-3263,1,1,1,1,1,0,18,2.0,2,2,4,12,0,0,0,0,0,0,5,0.6519764640845498,0.6577838002083306,6.0,0.0,6.0,0.0,-162.0,0,1,0,0,0,0,0,0,0,0,0,0,0,0,0,0,0,0,0,0,0.0,0.0,0.0,0.0,0.0,0.0,29,1,6.820413838642295,0.1994273052234589,6.820413838642295
0,1,0,1,0,121500.0,1303812.0,35982.0,1138500.0,6,7,4,1,1,0.010966,-9522.0,-549,1,1,0,1,0,0,4,2.0,2,2,2,10,0,0,0,0,0,0,42,0.0934453265892372,0.4507472818545589,0.0,0.0,0.0,0.0,0.0,0,1,0,0,0,0,0,0,0,0,0,0,0,0,0,0,0,0,0,0,0.0,0.0,0.0,0.0,2.0,6.0,46,12,10.730874643007054,0.296145710734891,10.730874643007054
0,0,0,1,0,85500.0,808650.0,23773.5,675000.0,6,7,4,2,1,0.015221,-138.0,-3314,1,1,0,1,0,0,16,1.0,2,2,1,12,0,0,0,0,0,0,5,0.7768797956856457,0.5352762504724826,3.0,2.0,3.0,1.0,-1409.0,0,1,0,0,0,0,0,0,0,0,0,0,0,0,0,0,0,0,0,0,0.0,0.0,0.0,0.0,0.0,1.0,55,4,9.457784119483982,0.2780493795394206,9.457784119483982
0,1,0,1,0,126000.0,900000.0,38263.5,900000.0,1,1,4,1,1,0.026392,-7634.0,-2078,1,1,0,1,1,0,16,2.0,2,2,5,12,0,0,0,0,0,0,40,0.5281212214125288,0.5352762504724826,15.0,0.0,15.0,0.0,0.0,0,1,0,0,0,0,0,0,0,0,0,0,0,0,0,0,0,0,0,0,0.0,0.0,0.0,0.0,0.0,1.0,50,0,7.142800453964651,0.3036761613003071,7.142800453964651
0,0,0,1,3,112500.0,835380.0,40320.0,675000.0,6,1,4,1,1,0.031329,-978.0,-4533,1,1,0,1,0,0,3,5.0,2,2,5,16,0,0,0,0,0,0,28,0.5402928118753005,0.1206410299309233,0.0,0.0,0.0,0.0,-2433.0,0,1,0,0,0,0,0,0,0,0,0,0,0,0,0,0,0,0,0,0,0.0,0.0,0.0,0.0,0.0,2.0,32,1,7.425533995253375,0.35839681425054,7.425533995253375
0,0,0,1,0,225000.0,450000.0,16294.5,450000.0,6,3,4,1,1,0.026392,-3633.0,-4771,1,0,0,1,0,0,18,2.0,2,2,5,10,0,0,0,0,0,0,57,0.6881730934739004,0.1214082861631216,0.0,0.0,0.0,0.0,-1524.0,0,0,0,0,1,0,0,0,0,0,0,0,0,0,0,0,0,0,0,0,0.0,0.0,0.0,7.0,1.0,2.0,59,0,1.999991111150617,0.0724196781347638,1.999991111150617
0,0,0,1,0,81000.0,225000.0,8613.0,225000.0,6,3,3,0,1,0.030755,-8695.0,-2722,1,0,0,1,0,0,18,2.0,2,2,4,13,0,0,0,0,0,0,57,0.5587067241706721,0.5352762504724826,1.0,0.0,1.0,0.0,-34.0,0,1,0,0,0,0,0,0,0,0,0,0,0,0,0,0,0,0,0,0,0.0,0.0,0.0,0.0,0.0,1.0,52,0,2.777743484648337,0.1063320205923383,2.777743484648337
0,0,0,1,0,225000.0,900000.0,26446.5,900000.0,6,7,4,2,1,0.025164,-46.0,-514,1,1,0,1,0,0,11,1.0,2,2,0,9,0,0,0,0,0,0,30,0.1847000120020061,0.5298898341969072,1.0,0.0,1.0,0.0,-2244.0,0,1,0,0,0,0,0,0,0,0,0,0,0,0,0,0,0,0,0,0,0.0,0.0,0.0,0.0,0.0,1.0,46,23,3.999982222301234,0.1175394776023217,3.999982222301234
0,0,0,1,1,90000.0,1078200.0,31653.0,900000.0,0,4,4,1,1,0.019101,-2032.0,-2714,1,1,0,1,1,0,16,3.0,2,2,4,10,0,0,0,0,0,0,1,0.2563158125478884,0.4329616670974407,1.0,0.0,1.0,0.0,-1654.0,0,1,0,0,0,0,0,0,0,0,0,0,0,0,0,0,0,0,0,0,0.0,0.0,0.0,0.0,0.0,3.0,43,5,11.979866890367886,0.3516960922656414,11.979866890367886
0,0,0,0,0,157500.0,675000.0,24246.0,675000.0,6,3,1,3,1,0.018029,-9691.0,-4287,1,0,0,1,1,0,18,1.0,3,3,4,15,0,0,0,0,0,0,57,0.6533644787021752,0.4418358231994413,0.0,0.0,0.0,0.0,-1908.0,0,1,0,0,0,0,0,0,0,0,0,0,0,0,0,0,0,0,0,0,0.0,0.0,1.0,0.0,0.0,2.0,44,0,4.2856870750026985,0.1539418797340969,4.2856870750026985
0,0,1,1,0,135000.0,607041.0,25848.0,490500.0,1,3,4,1,1,0.006852,-8828.0,-4592,1,0,0,1,0,0,18,2.0,3,3,6,12,0,0,0,0,0,0,57,0.2664471096288425,0.4632753280912678,1.0,0.0,1.0,0.0,-449.0,0,0,0,0,1,0,0,0,0,0,0,0,0,0,0,0,0,0,0,0,0.0,0.0,0.0,0.0,0.0,2.0,64,0,4.496566692098577,0.1914652484055673,4.496566692098577
1,0,0,1,0,189000.0,585000.0,29250.0,585000.0,4,4,1,1,1,0.006233,-4709.0,-4059,1,1,0,1,1,0,3,2.0,2,2,6,17,0,0,0,0,0,0,39,0.5844837903147453,0.5814837058057234,0.0,0.0,0.0,0.0,0.0,0,0,0,0,0,0,0,0,0,0,0,0,0,0,0,0,0,0,0,0,0.0,0.0,0.0,0.0,0.0,1.0,38,13,3.0952217184036064,0.1547610859201803,3.0952217184036064
1,0,0,0,0,112500.0,270000.0,13500.0,270000.0,6,4,4,1,4,0.00702,-490.0,-647,1,1,0,1,0,0,6,2.0,2,2,5,13,0,0,0,0,1,1,33,0.4780118197014676,0.5352762504724826,0.0,0.0,0.0,0.0,-305.0,0,0,0,0,0,0,0,0,0,0,0,0,0,0,0,0,0,0,0,0,0.0,0.0,0.0,0.0,0.0,1.0,36,4,2.3999786668562946,0.1199989333428147,2.3999786668562946
0,1,0,1,0,157500.0,298512.0,31473.0,270000.0,6,7,4,1,1,0.0060079999999999,-521.0,-528,1,1,0,1,0,1,9,2.0,2,2,3,11,0,1,1,0,0,0,5,0.4835906911549514,0.5352762504724826,2.0,0.0,2.0,0.0,-1169.0,0,1,0,0,0,0,0,0,0,0,0,0,0,0,0,0,0,0,0,0,0.0,0.0,0.0,0.0,0.0,1.0,47,3,1.8953022520491931,0.1998273026837924,1.8953022520491931
1,0,0,1,0,135000.0,405000.0,20250.0,405000.0,6,3,4,1,1,0.01885,-10407.0,-4905,1,0,0,1,1,0,18,2.0,2,2,1,13,0,0,0,0,0,0,57,0.703143452171378,0.4311917977993083,1.0,1.0,1.0,0.0,-1284.0,0,0,0,0,0,0,0,0,0,0,0,0,0,0,0,0,0,0,0,0,0.0,0.0,0.0,0.0,0.0,7.0,59,0,2.999977777942385,0.1499988888971193,2.999977777942385
0,0,0,1,0,110250.0,247275.0,17338.5,225000.0,6,3,4,1,1,0.018634,-12643.0,-5019,1,0,0,1,1,0,18,2.0,2,2,4,11,0,0,0,0,0,0,57,0.5851581052358718,0.7700870700124128,0.0,0.0,0.0,0.0,-1221.0,0,1,0,0,0,0,0,0,0,0,0,0,0,0,0,0,0,0,0,0,0.0,0.0,0.0,0.0,0.0,3.0,64,0,2.242836799666216,0.1572638796927012,2.242836799666216
0,0,0,1,2,157500.0,819792.0,41985.0,720000.0,1,1,4,0,1,0.011703,-4619.0,-614,1,1,0,1,0,0,8,4.0,2,2,1,13,0,1,1,0,1,1,5,0.1682691401649251,0.3556387169923543,0.0,0.0,0.0,0.0,0.0,0,1,0,0,0,0,0,0,0,0,0,0,0,0,0,0,0,0,0,0,0.0,0.0,1.0,0.0,0.0,1.0,30,0,5.204995523837944,0.2665697360651678,5.204995523837944
0,0,1,0,0,207000.0,191880.0,21829.5,180000.0,6,7,4,1,1,0.0116569999999999,-3745.0,-859,1,1,1,1,1,0,17,2.0,1,1,0,12,0,0,0,0,0,0,5,0.7896870391732744,0.5352762504724826,2.0,1.0,2.0,1.0,-2228.0,0,1,0,0,0,0,0,0,0,0,0,0,0,0,0,0,0,0,0,0,0.0,0.0,0.0,0.0,0.0,1.0,47,7,0.9269520437099338,0.1054560122897957,0.9269520437099338
0,1,1,0,0,315000.0,1024740.0,49428.0,900000.0,6,7,4,1,1,0.020713,-3498.0,-3881,1,1,1,1,1,0,8,2.0,3,1,1,14,0,0,0,0,0,0,16,0.6402219656822471,0.4031416766587513,6.0,0.0,6.0,0.0,-780.0,0,0,0,0,0,0,1,0,0,0,0,0,0,0,0,0,0,0,0,0,0.0,0.0,0.0,1.0,0.0,1.0,41,19,3.253132529738001,0.1569137875752775,3.253132529738001
0,0,0,1,0,108000.0,508495.5,35518.5,454500.0,6,3,4,1,1,0.007305,-6640.0,-4557,1,0,0,1,0,0,18,2.0,3,3,1,8,0,0,0,0,0,0,57,0.601586580264321,0.6363761710860439,0.0,0.0,0.0,0.0,-445.0,0,1,0,0,0,0,0,0,0,0,0,0,0,0,0,0,0,0,0,0,0.0,0.0,0.0,1.0,0.0,0.0,64,0,4.708248071777113,0.3288719548893066,4.708248071777113
0,0,1,1,0,90000.0,514777.5,27553.5,477000.0,6,7,4,2,1,0.028663,-3864.0,-598,1,1,0,1,0,0,10,1.0,2,2,5,8,0,0,0,0,0,0,42,0.2984597508835782,0.7688075728291359,2.0,1.0,2.0,0.0,-210.0,0,1,0,0,0,0,0,0,0,0,0,0,0,0,0,0,0,0,0,0,0.0,0.0,0.0,0.0,0.0,2.0,46,8,5.719686447928356,0.3061465983711292,5.719686447928356
0,0,1,1,0,112500.0,384048.0,18031.5,270000.0,6,7,1,0,1,0.035792,-1249.0,-1674,1,1,0,1,1,0,3,2.0,2,2,2,11,0,0,0,0,0,0,5,0.6011252623551661,0.5620604831738043,1.0,0.0,1.0,0.0,-1571.0,0,0,0,0,0,0,1,0,0,0,0,0,0,0,0,0,0,0,0,0,0.0,0.0,0.0,0.0,1.0,0.0,30,5,3.4137296557363936,0.1602785753015528,3.4137296557363936
0,1,1,1,1,202500.0,167895.0,17757.0,157500.0,6,1,4,1,1,0.011703,-257.0,-2149,1,1,0,1,0,0,4,3.0,2,2,5,15,0,0,0,0,0,0,5,0.6281231473822159,0.2512394458905693,1.0,0.0,1.0,0.0,-1784.0,0,1,0,0,0,0,0,0,0,0,0,0,0,0,0,0,0,0,0,0,0.0,0.0,0.0,0.0,0.0,2.0,25,4,0.8291070167554728,0.0876884558594772,0.8291070167554728
1,0,0,0,0,67500.0,202500.0,10125.0,202500.0,6,4,4,1,1,0.00496,-9082.0,-627,1,1,0,1,0,0,11,2.0,2,2,1,17,0,0,0,0,0,0,56,0.6312030787344386,0.4170996682522097,1.0,0.0,1.0,0.0,-779.0,0,0,0,0,0,0,0,0,0,0,0,0,0,0,0,0,0,0,0,0,0.0,0.0,0.0,0.0,0.0,1.0,46,4,2.999955556213982,0.1499977778106991,2.999955556213982
0,0,0,1,0,90000.0,253737.0,25227.0,229500.0,6,1,4,1,1,0.008575,-8309.0,-4144,1,1,1,1,1,0,18,2.0,2,2,0,15,0,0,0,0,0,0,42,0.6888624857072827,0.7623356180684377,0.0,0.0,0.0,0.0,-1006.0,0,1,0,0,0,0,0,0,0,0,0,0,0,0,0,0,0,0,0,0,0.0,0.0,0.0,1.0,0.0,0.0,41,4,2.8192686747925024,0.2802968855901601,2.8192686747925024
1,0,1,1,1,180000.0,135000.0,6750.0,135000.0,6,1,1,1,1,0.0228,-5255.0,-3658,1,1,1,1,1,0,18,3.0,2,2,6,16,0,0,0,0,0,0,5,0.5670998872531385,0.4776491548517548,0.0,0.0,0.0,0.0,-319.0,0,0,0,0,0,0,0,0,0,0,0,0,0,0,0,0,0,0,0,0,0.0,0.0,0.0,0.0,0.0,0.0,32,1,0.7499958333564813,0.037499791667824,0.7499958333564813
0,0,0,1,0,180000.0,1305000.0,38155.5,1305000.0,6,7,4,1,1,0.0066709999999999,-10868.0,-3705,1,1,1,1,0,0,8,2.0,2,2,5,11,0,0,0,0,1,1,41,0.7710189742519052,0.4170996682522097,2.0,1.0,2.0,1.0,-553.0,0,1,0,0,0,0,0,0,0,0,0,0,0,0,0,0,0,0,0,0,0.0,0.0,0.0,0.0,0.0,1.0,55,2,7.249959722445986,0.2119738223676535,7.249959722445986
0,1,1,1,2,135000.0,1125000.0,33025.5,1125000.0,6,1,4,1,1,0.00496,-1562.0,-1085,1,1,0,1,0,0,4,4.0,2,2,6,10,0,0,0,0,1,1,54,0.5670837818649396,0.5352762504724826,1.0,0.0,1.0,0.0,-617.0,0,0,0,0,0,0,1,0,0,0,0,0,0,0,0,0,0,0,0,0,0.0,0.0,0.0,0.0,0.0,1.0,48,7,8.333271605395515,0.2446315212479907,8.333271605395515
0,0,0,1,0,225000.0,1006920.0,42790.5,900000.0,6,4,1,1,1,0.00496,-999.0,-4213,1,1,0,1,0,0,3,2.0,2,2,6,16,0,0,0,0,0,0,39,0.7463539565266053,0.5585066276769286,0.0,0.0,0.0,0.0,-986.0,0,1,0,0,0,0,0,0,0,0,0,0,0,0,0,0,0,0,0,0,0.0,0.0,0.0,0.0,0.0,4.0,42,23,4.475180110310621,0.1901791547593121,4.475180110310621
0,1,0,1,0,202500.0,582768.0,31176.0,540000.0,6,1,4,2,1,0.025164,-2699.0,-5272,1,1,0,1,1,0,18,1.0,2,2,2,11,0,0,0,0,0,0,30,0.1709237860202455,0.5388627065779676,0.0,0.0,0.0,0.0,-1100.0,0,0,0,0,0,0,1,0,0,0,0,0,0,0,0,0,0,0,0,0,0.0,0.0,0.0,0.0,1.0,5.0,34,11,2.8778524550496045,0.1539547952849615,2.8778524550496045
0,1,1,1,0,180000.0,770292.0,39330.0,688500.0,6,7,1,1,1,0.030755,-4558.0,-2598,1,1,0,1,0,0,14,2.0,2,2,5,11,0,0,0,0,1,1,5,0.6706194879225166,0.5352762504724826,0.0,0.0,0.0,0.0,-995.0,0,1,0,0,0,0,0,0,0,0,0,0,0,0,0,0,0,0,0,0,0.0,0.0,0.0,0.0,0.0,1.0,27,5,4.279376225687635,0.2184987861178549,4.279376225687635
0,0,0,1,0,135000.0,387000.0,14719.5,387000.0,6,7,4,2,1,0.028663,-8055.0,-865,1,1,0,1,0,0,18,1.0,2,2,1,9,0,0,0,0,1,1,5,0.6171437673815561,0.6528965519806539,1.0,0.0,1.0,0.0,-1601.0,0,1,0,0,0,0,0,0,0,0,0,0,0,0,0,0,0,0,0,0,0.0,0.0,0.0,0.0,0.0,3.0,47,6,2.8666454322560573,0.1090325256849949,2.8666454322560573
0,0,0,0,0,202500.0,755190.0,36459.0,675000.0,6,3,4,1,1,0.032561,-10786.0,-4051,1,0,0,1,1,0,18,2.0,1,1,1,18,0,0,0,0,0,0,57,0.6582461741649085,0.5352762504724826,5.0,0.0,5.0,0.0,0.0,0,1,0,0,0,0,0,0,0,0,0,0,0,0,0,0,0,0,0,0,0.0,0.0,0.0,0.0,0.0,1.0,59,0,3.729314916963373,0.1800435553404674,3.729314916963373
0,0,0,1,0,67500.0,80865.0,5881.5,67500.0,6,7,4,3,1,0.025164,-316.0,-4344,1,1,1,1,1,0,3,1.0,2,2,5,12,0,0,0,0,0,0,35,0.3499546253055273,0.5352762504724826,3.0,0.0,3.0,0.0,-2592.0,0,1,0,0,0,0,0,0,0,0,0,0,0,0,0,0,0,0,0,0,0.0,0.0,0.0,0.0,0.0,1.0,33,0,1.1979822521147834,0.0871320424882594,1.1979822521147834
0,0,1,0,2,157500.0,755190.0,36328.5,675000.0,6,1,4,1,1,0.006629,-4575.0,-2719,1,1,0,1,1,0,3,4.0,2,2,4,7,0,0,0,0,0,0,30,0.1655930925067656,0.5262949398096192,1.0,0.0,1.0,0.0,-2278.0,0,1,0,0,0,0,0,0,0,0,0,0,0,0,0,0,0,0,0,0,1.0,0.0,0.0,0.0,0.0,2.0,30,0,4.794826699513019,0.2306556783766452,4.794826699513019
0,0,0,1,0,135000.0,794173.5,38335.5,697500.0,1,7,4,1,1,0.018801,-11493.0,-4166,1,1,0,1,0,0,8,2.0,2,2,4,9,0,0,0,0,0,0,11,0.5024947672220491,0.0005272652387098,4.0,0.0,4.0,0.0,-1764.0,0,1,0,0,0,0,0,0,0,0,0,0,0,0,0,0,0,0,0,0,0.0,0.0,0.0,0.0,1.0,5.0,57,22,5.882723090940067,0.2839645632254576,5.882723090940067
0,1,0,0,0,247500.0,537471.0,56569.5,495000.0,1,7,1,1,1,0.00496,-4635.0,-3071,1,1,0,1,0,0,4,2.0,2,2,5,13,0,0,0,0,0,0,7,0.4131320005045074,0.3927738606031339,0.0,0.0,0.0,0.0,-410.0,0,0,0,0,0,0,1,0,0,0,0,0,0,0,0,0,0,0,0,0,0.0,0.0,0.0,0.0,1.0,0.0,28,8,2.1715912258940366,0.2285627128779277,2.1715912258940366
0,0,0,0,0,121500.0,1546020.0,45202.5,1350000.0,6,7,4,1,1,0.0196889999999999,-4984.0,-4002,1,1,0,1,1,0,18,2.0,2,2,0,7,0,0,0,0,0,0,3,0.5800052435597204,0.3910549766342248,8.0,1.0,8.0,1.0,-1618.0,0,1,0,0,0,0,0,0,0,0,0,0,0,0,0,0,0,0,0,0,0.0,0.0,0.0,1.0,2.0,5.0,56,13,12.72433971736858,0.3720339750290121,12.72433971736858
0,0,0,1,0,225000.0,1057500.0,31050.0,1057500.0,6,7,4,1,1,0.0145199999999999,-10096.0,-3057,1,1,0,1,0,0,11,2.0,2,2,1,10,0,0,0,0,1,1,30,0.2721138042155219,0.1293142889822697,0.0,0.0,0.0,0.0,0.0,0,1,0,0,0,0,0,0,0,0,0,0,0,0,0,0,0,0,0,0,0.0,0.0,0.0,0.0,0.0,1.0,54,2,4.69997911120395,0.1379993866693925,4.69997911120395
0,0,1,1,0,112500.0,409653.0,15570.0,288000.0,6,3,4,1,1,0.010032,-1818.0,-898,1,0,0,1,0,0,18,2.0,2,2,2,5,0,0,0,0,0,0,57,0.1164885318112526,0.5352762504724826,0.0,0.0,0.0,0.0,-1230.0,0,1,0,0,0,0,0,0,0,0,0,0,0,0,0,0,0,0,0,0,0.0,0.0,0.0,0.0,0.0,1.0,60,0,3.641327632643265,0.138398769788713,3.641327632643265
0,1,1,0,2,315000.0,1350000.0,43681.5,1350000.0,6,7,4,1,1,0.0228,-5339.0,-2296,1,1,0,1,0,0,8,4.0,2,2,2,11,0,0,0,0,1,1,5,0.5387281787256506,0.6722428897082422,0.0,0.0,0.0,0.0,-666.0,0,1,0,0,0,0,0,0,0,0,0,0,0,0,0,0,0,0,0,0,0.0,0.0,0.0,2.0,0.0,1.0,37,12,4.2857006803153,0.1386709883460687,4.2857006803153
0,1,0,1,2,292500.0,582228.0,18778.5,486000.0,6,1,1,1,1,0.00963,-185.0,-4130,1,1,0,1,0,0,10,4.0,2,2,4,14,0,0,0,0,0,0,24,0.6703537664760861,0.5352762504724826,2.0,0.0,2.0,0.0,-3165.0,0,1,0,0,0,0,0,0,0,0,0,0,0,0,0,0,0,0,0,0,0.0,0.0,0.0,0.0,0.0,1.0,36,3,1.990516271739242,0.0641997805135708,1.990516271739242
0,0,0,0,0,90000.0,90000.0,9580.5,90000.0,6,7,4,1,4,0.020713,-9936.0,-1316,1,1,0,1,1,1,18,2.0,3,3,1,15,0,0,0,0,1,1,5,0.3419146510586838,0.5352762504724826,6.0,1.0,6.0,1.0,-1121.0,0,1,0,0,0,0,0,0,0,0,0,0,0,0,0,0,0,0,0,0,0.0,0.0,0.0,0.0,0.0,1.0,27,2,0.9999888890123444,0.106448817235364,0.9999888890123444
1,1,1,0,1,202500.0,180000.0,9000.0,180000.0,6,7,4,1,1,0.018209,-1939.0,-3136,1,1,0,1,0,0,8,3.0,3,3,1,13,0,0,0,0,1,1,4,0.2243685706261267,0.5424451438613613,0.0,0.0,0.0,0.0,-2359.0,0,0,0,0,0,0,0,0,0,0,0,0,0,0,0,0,0,0,0,0,0.0,0.0,0.0,0.0,0.0,1.0,28,0,0.8888844993358057,0.0444442249667902,0.8888844993358057
0,1,0,1,0,94500.0,781920.0,28084.5,675000.0,6,1,4,1,1,0.025164,-7044.0,-2786,1,1,1,1,1,0,8,2.0,2,2,4,7,0,0,0,0,0,0,5,0.038023100429459,0.7801436381572275,0.0,0.0,0.0,0.0,-2.0,0,1,0,0,0,0,0,0,0,0,0,0,0,0,0,0,0,0,0,0,0.0,0.0,0.0,0.0,0.0,0.0,52,2,8.274198156633263,0.297187331350991,8.274198156633263
0,1,0,1,0,202500.0,1762110.0,51651.0,1575000.0,6,1,4,1,1,0.0038179999999999,-2086.0,-4704,1,1,1,1,1,0,16,2.0,2,2,5,4,0,0,0,1,1,0,40,0.575053988695232,0.5352762504724826,4.0,0.0,4.0,0.0,-463.0,0,1,0,0,0,0,0,0,0,0,0,0,0,0,0,0,0,0,0,0,0.0,0.0,0.0,0.0,0.0,1.0,60,4,8.70173480624787,0.2550654070844094,8.70173480624787
0,0,0,1,0,67500.0,604152.0,26739.0,540000.0,5,3,1,1,1,0.035792,-10743.0,-4689,1,0,0,1,0,0,18,2.0,2,2,5,10,0,0,0,0,0,0,57,0.7635696155457758,0.6910212267577837,0.0,0.0,0.0,0.0,0.0,0,0,0,0,1,0,0,0,0,0,0,0,0,0,0,0,0,0,0,0,0.0,0.0,0.0,0.0,0.0,3.0,60,0,8.950267403445874,0.3961274647782996,8.950267403445874
0,0,0,1,0,157500.0,512064.0,18522.0,360000.0,6,3,4,5,1,0.008019,-9390.0,-4549,1,0,0,1,0,0,18,1.0,2,2,5,9,0,0,0,0,0,0,57,0.3694216848077226,0.5334816299804352,1.0,0.0,1.0,0.0,0.0,0,0,0,0,1,0,0,0,0,0,0,0,0,0,0,0,0,0,0,0,0.0,0.0,0.0,0.0,0.0,1.0,60,0,3.2511793575913805,0.117599253338074,3.2511793575913805
0,1,0,1,0,157500.0,675000.0,36747.0,675000.0,6,7,4,1,1,0.026392,-3565.0,-3573,1,1,0,1,0,0,18,2.0,2,2,0,9,0,0,0,0,0,0,20,0.7024309001366358,0.2525986978339766,0.0,0.0,0.0,0.0,0.0,0,1,0,0,0,0,0,0,0,0,0,0,0,0,0,0,0,0,0,0,0.0,0.0,0.0,0.0,0.0,5.0,54,3,4.2856870750026985,0.2333128043631469,4.2856870750026985
0,1,0,1,0,202500.0,1185282.0,32593.5,1035000.0,6,1,4,1,1,0.028663,-5827.0,-810,1,1,0,1,1,0,8,2.0,2,2,1,10,0,0,0,0,1,1,24,0.6166579700451205,0.4884551844437485,0.0,0.0,0.0,0.0,0.0,0,1,0,0,0,0,0,0,0,0,0,0,0,0,1,0,0,0,0,0,0.0,0.0,0.0,0.0,0.0,0.0,56,9,5.853215539676348,0.160954760717231,5.853215539676348
1,1,1,1,1,900000.0,1350000.0,67500.0,1350000.0,6,1,1,1,1,0.006296,-1878.0,-4201,1,1,1,1,1,1,10,3.0,3,3,0,16,0,0,0,0,0,0,5,0.7107181587085397,0.3842068130556564,0.0,0.0,0.0,0.0,-555.0,0,0,0,0,0,1,0,0,0,0,0,0,0,0,0,0,0,0,0,0,0.0,0.0,0.0,0.0,0.0,0.0,44,1,1.4999983333351852,0.0749999166667592,1.4999983333351852
0,1,1,0,1,135000.0,1046142.0,27724.5,913500.0,6,7,4,1,1,0.010556,-10954.0,-1888,1,1,0,1,0,0,3,3.0,3,3,0,9,0,0,0,0,1,1,1,0.5244521866013889,0.5814837058057234,1.0,0.0,1.0,0.0,-3.0,0,0,0,0,0,0,1,0,0,0,0,0,0,0,0,0,0,0,0,0,0.0,0.0,0.0,0.0,0.0,0.0,50,6,7.749142598943711,0.2053651454433671,7.749142598943711
0,1,1,0,0,112500.0,273636.0,14031.0,247500.0,6,3,4,1,1,0.010147,-1442.0,-4240,1,0,0,1,0,0,18,2.0,2,2,1,10,0,0,0,0,0,0,57,0.4526694987282842,0.7076993447402619,0.0,0.0,0.0,0.0,-1.0,0,0,0,0,1,0,0,0,0,0,0,0,0,0,0,0,0,0,0,0,0.0,0.0,0.0,0.0,0.0,0.0,60,0,2.4322983795699598,0.1247188913876321,2.4322983795699598
0,0,0,0,0,247500.0,469152.0,31864.5,405000.0,6,7,2,1,1,0.020713,-7512.0,-1849,1,1,0,1,0,0,18,2.0,3,2,6,13,0,0,0,0,0,0,28,0.5139770931230321,0.1110424022694314,0.0,0.0,0.0,0.0,-114.0,0,1,0,0,0,0,0,0,0,0,0,0,0,0,0,0,0,0,0,0,0.0,0.0,0.0,0.0,0.0,1.0,36,2,1.8955559775516055,0.1287449343639015,1.8955559775516055
0,1,1,1,0,270000.0,225000.0,11074.5,225000.0,6,4,4,1,1,0.026392,-1142.0,-2205,1,1,0,1,0,0,3,2.0,2,2,4,9,0,0,0,0,0,0,34,0.4827005999505464,0.5370699579791587,1.0,0.0,1.0,0.0,0.0,0,0,0,0,0,0,1,0,0,0,0,0,0,0,0,0,0,0,0,0,0.0,0.0,0.0,0.0,0.0,0.0,31,10,0.8333302469250113,0.041016514753649,0.8333302469250113
0,0,0,1,0,112500.0,576000.0,25501.5,576000.0,6,3,4,1,1,0.028663,-6120.0,-4720,1,0,0,1,0,0,18,2.0,2,2,4,11,0,0,0,0,0,0,57,0.2015308943972451,0.6738300778602003,0.0,0.0,0.0,0.0,0.0,0,0,0,0,1,0,0,0,0,0,0,0,0,0,0,0,0,0,0,0,0.0,1.0,0.0,0.0,0.0,4.0,61,0,5.119954489293429,0.226677985084577,5.119954489293429
0,0,0,1,0,157500.0,161730.0,8388.0,135000.0,6,7,4,1,1,0.0096569999999999,-12117.0,-3147,1,1,0,1,0,0,10,2.0,2,2,1,10,0,0,0,0,1,1,35,0.2926549436962338,0.7062051096536562,0.0,0.0,0.0,0.0,0.0,0,1,0,0,0,0,0,0,0,0,0,0,0,0,0,0,0,0,0,0,0.0,0.0,0.0,0.0,0.0,9.0,53,34,1.0268506231706465,0.0532568047187002,1.0268506231706465
0,1,1,1,1,157500.0,473760.0,46989.0,450000.0,1,7,4,1,1,0.030755,-9976.0,-578,1,1,0,1,0,0,8,3.0,2,2,2,16,0,0,0,0,0,0,40,0.3566896565860295,0.7136313997323308,0.0,0.0,0.0,0.0,-468.0,0,1,0,0,0,0,0,0,0,0,0,0,0,0,0,0,0,0,0,0,0.0,0.0,0.0,0.0,0.0,2.0,46,1,3.0079809017085606,0.2983409629145211,3.0079809017085606
0,0,1,1,3,135000.0,1032093.0,43857.0,922500.0,5,7,4,1,1,0.025164,-376.0,-6203,1,1,0,1,0,0,8,5.0,2,2,6,14,0,0,0,0,0,0,4,0.6449629368002101,0.4578995512067301,5.0,0.0,4.0,0.0,-1324.0,0,1,0,0,0,0,0,0,0,0,0,0,0,0,0,0,0,0,0,0,0.0,0.0,0.0,0.0,0.0,3.0,39,8,7.6450767031355324,0.3248642602647388,7.6450767031355324
0,1,1,1,1,180000.0,1256400.0,44514.0,900000.0,6,7,1,1,1,0.006305,-3472.0,-4433,1,1,0,1,0,0,4,3.0,3,3,6,7,0,0,0,0,1,1,42,0.0241804071436883,0.5352762504724826,0.0,0.0,0.0,0.0,-616.0,0,1,0,0,0,0,0,0,0,0,0,0,0,0,0,0,0,0,0,0,0.0,0.0,0.0,0.0,0.0,1.0,36,1,6.9799612224376535,0.2472986261187438,6.9799612224376535
0,1,0,1,0,225000.0,254700.0,27558.0,225000.0,6,1,1,1,1,0.072508,-277.0,-2495,1,1,0,1,0,0,17,2.0,1,1,3,11,0,0,0,0,0,0,5,0.6639294334298472,0.5352762504724826,0.0,0.0,0.0,0.0,-477.0,0,1,0,0,0,0,0,0,0,0,0,0,0,0,0,0,0,0,0,0,0.0,0.0,0.0,0.0,0.0,1.0,27,2,1.1319949689112492,0.1224794556468637,1.1319949689112492
0,1,0,1,1,202500.0,569673.0,26685.0,400500.0,6,7,4,1,1,0.0096569999999999,-2298.0,-3905,1,1,0,1,0,0,8,3.0,2,2,4,17,0,0,0,0,0,0,5,0.5056489463161321,0.5352762504724826,2.0,0.0,1.0,0.0,-518.0,0,1,0,0,0,0,0,0,0,0,0,0,0,0,0,0,0,0,0,0,0.0,0.0,0.0,0.0,2.0,1.0,35,5,2.8131861077229248,0.1317771270265332,2.8131861077229248
0,0,0,1,0,225000.0,230256.0,23724.0,216000.0,1,3,4,5,2,0.010006,-10498.0,-946,1,0,0,1,0,0,18,1.0,2,2,2,8,0,0,0,0,0,0,57,0.4721005233794792,0.7700870700124128,0.0,0.0,0.0,0.0,-1835.0,0,1,0,0,0,0,0,0,0,0,0,0,0,0,0,0,0,0,0,0,0.0,0.0,0.0,0.0,0.0,3.0,66,0,1.0233554517535477,0.1054395313798605,1.0233554517535477
0,0,0,1,0,180000.0,651595.5,33399.0,526500.0,6,7,1,1,1,0.009175,-2022.0,-2039,1,1,0,1,1,0,0,2.0,2,2,6,9,0,0,0,0,1,1,5,0.0683917814619947,0.5082869913916046,0.0,0.0,0.0,0.0,-572.0,0,0,0,0,0,0,1,0,0,0,0,0,0,0,0,0,0,0,0,0,0.0,0.0,0.0,0.0,0.0,2.0,50,2,3.6199548891395046,0.1855489691723935,3.6199548891395046
0,0,0,1,0,90000.0,495351.0,27787.5,459000.0,6,3,4,1,1,0.035792,-14242.0,-4605,1,0,0,1,1,0,18,2.0,2,2,1,17,0,0,0,0,0,0,57,0.6702571134869325,0.7886807751817684,2.0,0.0,2.0,0.0,-620.0,0,0,0,0,1,0,0,0,0,0,0,0,0,0,0,0,0,0,0,0,0.0,0.0,0.0,1.0,0.0,3.0,59,0,5.503838846235042,0.3087465694825613,5.503838846235042
0,1,1,0,0,247500.0,1078200.0,31522.5,900000.0,6,3,4,1,1,0.030755,-9733.0,-2788,1,0,0,1,0,0,18,2.0,2,2,4,17,0,0,0,0,0,0,57,0.6782870241162953,0.8193176922872417,0.0,0.0,0.0,0.0,-1468.0,0,1,0,0,0,0,0,0,0,0,0,0,0,0,0,0,0,0,0,0,0.0,0.0,0.0,0.0,0.0,1.0,52,0,4.356346034965515,0.1273631217651646,4.356346034965515
0,0,0,0,0,112500.0,199152.0,9711.0,135000.0,6,1,4,1,1,0.030755,-9311.0,-2472,1,1,0,1,0,0,2,2.0,2,2,0,16,0,0,0,0,0,0,2,0.7120695538298979,0.7180328113294772,0.0,0.0,0.0,0.0,-1685.0,0,1,0,0,0,0,0,0,0,0,0,0,0,0,0,0,0,0,0,0,0.0,0.0,0.0,0.0,0.0,4.0,52,3,1.770224264673203,0.0863192327179313,1.770224264673203
1,1,0,1,0,45000.0,180000.0,9000.0,180000.0,6,7,4,3,5,0.018209,-1194.0,-1371,1,1,1,1,1,0,8,1.0,3,3,1,9,0,0,0,1,1,0,5,0.1915834321018056,0.5352762504724826,1.0,1.0,1.0,1.0,-1119.0,0,0,0,0,0,0,0,0,0,0,0,0,0,0,0,0,0,0,0,0,0.0,0.0,0.0,0.0,0.0,2.0,23,2,3.999911113086376,0.1999955556543187,3.999911113086376
0,1,0,1,0,157500.0,876816.0,37278.0,720000.0,5,1,1,1,1,0.006296,-215.0,-3191,1,1,0,1,0,0,10,2.0,3,3,4,11,0,0,0,0,0,0,5,0.8068697682242784,0.3233112448967859,0.0,0.0,0.0,0.0,-248.0,0,1,0,0,0,0,0,0,0,0,0,0,0,0,0,0,0,0,0,0,0.0,0.0,0.0,0.0,1.0,0.0,53,3,5.567050367934172,0.2366842115288157,5.567050367934172
0,0,0,0,0,156703.5,1575000.0,39816.0,1575000.0,6,7,4,2,1,0.022625,-2987.0,-4099,1,1,1,1,1,0,11,1.0,2,2,5,10,0,0,0,0,0,0,30,0.5361024602264732,0.5352762504724826,1.0,0.0,1.0,0.0,-1.0,0,0,0,0,0,0,0,0,0,1,0,0,0,0,0,0,0,0,0,0,0.0,0.0,0.0,0.0,0.0,1.0,57,38,10.050764336697414,0.2540833224317106,10.050764336697414
0,0,0,0,0,360000.0,1726866.0,47619.0,1543500.0,6,1,1,3,4,0.008625,-6473.0,-838,1,1,1,1,0,0,6,1.0,2,2,6,16,1,1,0,1,1,0,5,0.4025332326863091,0.1819591097862785,0.0,0.0,0.0,0.0,-526.0,0,0,0,0,0,0,0,1,0,0,0,0,0,0,0,0,0,0,0,0,0.0,0.0,0.0,0.0,1.0,0.0,34,0,4.79683667545368,0.1322746325704651,4.79683667545368
1,1,0,1,0,315000.0,1350000.0,67500.0,1350000.0,1,1,1,3,1,0.04622,-4671.0,-483,1,1,0,1,1,0,10,1.0,1,1,2,15,0,0,0,0,1,1,10,0.7758318769311375,0.7503751495159068,0.0,0.0,0.0,0.0,-571.0,0,0,0,0,0,0,0,0,0,0,0,0,0,0,0,0,0,0,0,0,0.0,0.0,0.0,0.0,0.0,0.0,30,7,4.2857006803153,0.214285034015765,4.2857006803153
1,1,1,1,2,180000.0,180000.0,9000.0,180000.0,6,7,4,1,4,0.0038179999999999,-386.0,-1442,1,1,1,1,0,0,2,4.0,2,2,4,7,0,0,0,0,0,0,33,0.347327662886226,0.5352762504724826,0.0,0.0,0.0,0.0,-581.0,0,0,0,0,0,0,0,0,0,0,0,0,0,0,0,0,0,0,0,0,0.0,0.0,0.0,0.0,0.0,1.0,41,5,0.9999944444753084,0.0499997222237654,0.9999944444753084
0,0,0,1,0,126000.0,675000.0,32602.5,675000.0,1,7,4,2,1,0.028663,-4638.0,-3913,1,1,0,1,0,0,18,1.0,2,2,5,15,0,0,0,0,0,0,39,0.6167613507263886,0.6161216908872079,3.0,1.0,2.0,1.0,-3.0,0,1,0,0,0,0,0,0,0,0,0,0,0,0,0,0,0,0,0,0,0.0,0.0,0.0,0.0,0.0,2.0,36,11,5.3571003404734885,0.2587479464448695,5.3571003404734885
0,1,0,1,0,180000.0,518562.0,25078.5,463500.0,6,7,3,3,1,0.035792,-4789.0,-5056,1,1,0,1,0,0,4,1.0,2,2,3,10,0,0,0,0,0,0,54,0.6174433980440678,0.3572932680336494,0.0,0.0,0.0,0.0,-1674.0,0,1,0,0,0,0,0,0,0,0,0,0,0,0,0,0,0,0,0,0,0.0,0.0,0.0,0.0,0.0,4.0,40,3,2.880883995088916,0.1393242259765223,2.880883995088916
0,0,0,1,2,126000.0,436032.0,28386.0,360000.0,6,7,4,1,1,0.025164,-2715.0,-3031,1,1,1,1,1,0,18,4.0,2,2,1,13,0,0,0,0,0,0,5,0.6540970926519695,0.4794489811780563,0.0,0.0,0.0,0.0,-1517.0,0,1,0,0,0,0,0,0,0,0,0,0,0,0,0,0,0,0,0,0,0.0,0.0,0.0,0.0,0.0,2.0,28,4,3.4605439639367943,0.225283926318045,3.4605439639367943
0,1,0,1,0,67500.0,225000.0,17541.0,225000.0,6,3,4,1,1,0.026392,-3908.0,-2466,1,0,0,1,0,0,18,2.0,2,2,4,10,0,0,0,0,0,0,57,0.6032939761555474,0.4668640059537032,4.0,2.0,4.0,2.0,-272.0,0,1,0,0,0,0,0,0,0,0,0,0,0,0,0,0,0,0,0,0,0.0,0.0,0.0,0.0,0.0,3.0,63,0,3.333283951348869,0.2598628168471578,3.333283951348869
0,0,1,1,0,391500.0,720000.0,40203.0,720000.0,6,3,4,1,1,0.018209,-10223.0,-4332,1,0,0,1,0,0,18,2.0,3,3,4,11,0,0,0,0,0,0,57,0.4563128015783887,0.4632753280912678,6.0,1.0,6.0,0.0,-1592.0,0,1,0,0,0,0,0,0,0,0,0,0,0,0,0,0,0,0,0,0,0.0,0.0,0.0,3.0,1.0,1.0,64,0,1.8390757622585892,0.1026893928751139,1.8390757622585892
0,1,1,0,0,315000.0,1288350.0,37665.0,1125000.0,6,1,4,1,1,0.072508,-10090.0,-4565,1,1,1,1,1,0,8,2.0,1,1,4,12,0,0,0,0,0,0,33,0.679793053679367,0.7407990879702335,0.0,0.0,0.0,0.0,-2597.0,0,0,0,0,0,0,1,0,0,0,0,0,0,0,0,0,0,0,0,0,0.0,0.0,0.0,2.0,0.0,0.0,57,18,4.089987015914235,0.1195710489807968,4.089987015914235
1,0,0,1,0,67500.0,180000.0,9000.0,180000.0,1,7,4,1,1,0.026392,-3346.0,-444,1,1,0,1,0,1,2,2.0,2,2,6,12,0,0,0,0,0,0,12,0.6148056792289229,0.3589512285783967,1.0,0.0,1.0,0.0,-1014.0,0,0,0,0,0,0,0,0,0,0,0,0,0,0,0,0,0,0,0,0,0.0,0.0,0.0,0.0,1.0,2.0,23,4,2.666627161079095,0.1333313580539547,2.666627161079095
0,0,1,1,0,112500.0,576072.0,26986.5,405000.0,1,3,1,0,1,0.010276,-12589.0,-3068,1,0,0,1,0,0,18,2.0,2,2,0,10,0,0,0,0,0,0,57,0.2813659209667705,0.5352762504724826,0.0,0.0,0.0,0.0,-211.0,0,0,0,0,1,0,0,0,0,0,0,0,0,0,0,0,0,0,0,0,0.0,0.0,0.0,0.0,0.0,1.0,53,0,5.12059448360459,0.2398778677522866,5.12059448360459
0,0,1,1,0,495000.0,1113840.0,47322.0,900000.0,6,1,4,0,1,0.020713,-570.0,-2661,1,1,0,1,0,0,18,2.0,3,2,0,12,0,0,0,0,0,0,5,0.6472280018351559,0.5352762504724826,1.0,0.0,1.0,0.0,-58.0,0,1,0,0,0,0,0,0,0,0,0,0,0,0,0,0,0,0,0,0,0.0,0.0,0.0,0.0,0.0,1.0,27,1,2.2501772723691467,0.095599806869077,2.2501772723691467
0,1,1,1,0,112500.0,254700.0,17149.5,225000.0,6,7,4,3,5,0.018634,-3499.0,-1597,1,1,1,1,1,0,14,1.0,2,2,6,10,0,0,0,0,0,0,42,0.3774083017449769,0.3376727217405312,1.0,0.0,1.0,0.0,-536.0,0,0,0,0,0,0,1,0,0,0,0,0,0,0,0,0,0,0,0,0,0.0,0.0,0.0,0.0,0.0,0.0,24,3,2.263979875734438,0.1524386449898223,2.263979875734438
1,0,0,0,0,76500.0,135000.0,6750.0,135000.0,6,7,4,1,1,0.028663,-2271.0,-1752,1,1,0,1,0,0,14,2.0,2,2,0,8,0,0,0,0,0,0,42,0.5109175384851768,0.6496203111237195,1.0,1.0,1.0,1.0,-1543.0,0,0,0,0,0,0,0,0,0,0,0,0,0,0,0,0,0,0,0,0,0.0,0.0,0.0,0.0,0.0,3.0,50,5,1.7646828146037308,0.0882341407301865,1.7646828146037308
0,0,1,1,3,315000.0,675000.0,53460.0,675000.0,6,1,1,1,1,0.025164,-1410.0,-2585,1,1,0,1,0,0,12,5.0,2,2,1,9,0,0,0,0,0,0,43,0.5018824867237826,0.5352762504724826,8.0,0.0,8.0,0.0,-641.0,0,1,0,0,0,0,0,0,0,0,0,0,0,0,0,0,0,0,0,0,0.0,0.0,0.0,0.0,1.0,5.0,28,7,2.14285034015765,0.1697137469404859,2.14285034015765
0,1,1,0,3,270000.0,1288350.0,41692.5,1125000.0,5,7,4,1,1,0.011703,-2883.0,-4676,1,1,0,1,0,0,8,5.0,2,2,4,18,0,0,0,0,0,0,4,0.7396271411143248,0.3606125659189888,0.0,0.0,0.0,0.0,-1761.0,0,1,0,0,0,0,0,0,0,0,0,0,0,0,0,0,0,0,0,0,0.0,0.0,0.0,0.0,0.0,1.0,35,8,4.771648993892615,0.1544160947552046,4.771648993892615
0,0,0,0,1,310500.0,781920.0,25542.0,675000.0,6,3,4,0,1,0.018029,-4841.0,-3606,1,0,0,1,0,0,18,3.0,3,2,5,11,0,0,0,0,0,0,57,0.4695779656888915,0.7252764347002191,0.0,0.0,0.0,0.0,-1694.0,0,0,0,0,1,0,0,0,0,0,0,0,0,0,0,0,0,0,0,0,0.0,0.0,0.0,0.0,0.0,0.0,56,0,2.5182527592503727,0.0822606046357338,2.5182527592503727
0,0,0,1,0,130500.0,450000.0,23526.0,450000.0,6,3,1,5,1,0.026392,-1008.0,-4161,1,0,0,1,1,0,18,1.0,2,2,0,11,0,0,0,0,0,0,57,0.7604008290073652,0.4241303111942548,1.0,1.0,1.0,1.0,-1837.0,0,0,0,0,1,0,0,0,0,0,0,0,0,0,0,0,0,0,0,0,0.0,0.0,0.0,0.0,0.0,0.0,63,0,3.448249438701619,0.1802744806553206,3.448249438701619
0,0,0,1,0,99000.0,328405.5,26460.0,283500.0,6,7,4,1,1,0.002134,-274.0,-3160,1,1,0,1,0,0,0,2.0,3,3,0,12,0,0,0,1,0,1,30,0.7425349111053906,0.5352762504724826,0.0,0.0,0.0,0.0,-340.0,0,1,0,0,0,0,0,0,0,0,0,0,0,0,0,0,0,0,0,0,0.0,0.0,0.0,0.0,0.0,1.0,55,1,3.317193765719538,0.267270027575479,3.317193765719538
1,0,0,1,1,135000.0,405000.0,20250.0,405000.0,6,7,4,1,1,0.018634,-2804.0,-4291,1,1,0,1,0,0,3,3.0,2,2,1,12,0,0,0,0,0,0,35,0.6394963278383454,0.6430255641096323,2.0,0.0,2.0,0.0,-1081.0,0,0,0,0,0,0,0,0,0,0,0,0,0,0,0,0,0,0,0,0,0.0,0.0,0.0,0.0,0.0,2.0,38,1,2.999977777942385,0.1499988888971193,2.999977777942385
0,1,1,1,1,112500.0,271066.5,16510.5,234000.0,6,7,4,1,1,0.00712,-243.0,-1876,1,1,1,1,1,0,8,3.0,2,2,5,9,0,0,0,0,0,0,5,0.5378966549125547,0.5656079814115492,3.0,1.0,3.0,1.0,-764.0,0,1,0,0,0,0,0,0,0,0,0,0,0,0,0,0,0,0,0,0,0.0,0.0,0.0,0.0,0.0,1.0,33,2,2.409458582590377,0.1467586954782624,2.409458582590377
0,1,0,1,0,56250.0,331834.5,17095.5,252000.0,6,3,4,1,1,0.018029,-10213.0,-2112,1,0,0,1,0,0,18,2.0,3,2,5,6,0,0,0,0,0,0,57,0.6150283381293925,0.3280631605201915,0.0,0.0,0.0,0.0,0.0,0,1,0,0,0,0,0,0,0,0,0,0,0,0,0,0,0,0,0,0,0.0,0.0,0.0,0.0,0.0,0.0,57,0,5.899175125775542,0.3039145970738298,5.899175125775542
0,0,0,1,0,126000.0,640080.0,23121.0,450000.0,0,7,4,1,1,0.0228,-735.0,-3459,1,1,0,1,0,0,8,2.0,2,2,4,14,0,0,0,0,0,0,34,0.5659614260608526,0.4722533429586386,8.0,0.0,8.0,0.0,-2666.0,0,1,0,0,0,0,0,0,0,0,0,0,0,0,0,0,0,0,0,0,0.0,0.0,0.0,1.0,0.0,0.0,54,12,5.07995968285966,0.1834985436623518,5.07995968285966
0,1,0,1,1,180000.0,1223010.0,48631.5,1125000.0,6,4,4,1,1,0.006852,-2443.0,-3111,1,1,0,1,0,0,18,3.0,3,3,1,5,0,0,0,1,0,1,33,0.2874674804359425,0.4812493411434029,0.0,0.0,0.0,0.0,0.0,0,1,0,0,0,0,0,0,0,0,0,0,0,0,0,0,0,0,0,0,0.0,0.0,0.0,0.0,0.0,0.0,28,9,6.794462252987484,0.2701734990361165,6.794462252987484
0,0,0,1,0,247500.0,1225224.0,44140.5,990000.0,6,7,1,3,1,0.020246,-6631.0,-3954,1,1,0,1,0,0,6,1.0,3,3,6,12,0,0,0,0,0,0,3,0.3851616390391467,0.520897599048938,3.0,0.0,3.0,0.0,-3253.0,0,1,0,0,0,0,0,0,0,0,0,0,0,0,0,0,0,0,0,0,0.0,0.0,0.0,1.0,0.0,5.0,43,15,4.950379998464653,0.1783447339606708,4.950379998464653
0,0,0,0,0,202500.0,400392.0,42174.0,360000.0,6,4,4,5,0,0.032561,-71.0,-2625,1,1,0,1,1,1,3,1.0,1,1,6,19,0,0,0,0,0,0,28,0.6531960726184977,0.7981372313187245,0.0,0.0,0.0,0.0,-1776.0,0,1,0,0,0,0,0,0,0,0,0,0,0,0,0,0,0,0,0,0,0.0,0.0,0.0,0.0,0.0,2.0,52,5,1.9772346803225664,0.2082656381943793,1.9772346803225664
0,0,0,1,0,135000.0,733176.0,23782.5,612000.0,6,1,4,1,4,0.0116569999999999,-2123.0,-1633,1,1,0,1,0,0,3,2.0,1,1,6,15,0,0,0,1,1,0,42,0.7313360257819522,0.6313545365850379,2.0,0.0,2.0,0.0,-1168.0,0,1,0,0,0,0,0,0,0,0,0,0,0,0,0,0,0,0,0,0,0.0,0.0,0.0,0.0,0.0,1.0,49,9,5.430893104495523,0.1761653617380612,5.430893104495523
0,0,0,1,0,166500.0,513531.0,21888.0,459000.0,6,3,4,1,1,0.01885,-2723.0,-3611,1,0,0,1,0,0,18,2.0,2,2,5,14,0,0,0,0,0,0,57,0.6334451181427647,0.6313545365850379,4.0,1.0,4.0,1.0,-1328.0,0,1,0,0,0,0,0,0,0,0,0,0,0,0,0,0,0,0,0,0,0.0,0.0,0.0,0.0,2.0,6.0,55,0,3.084251746235758,0.1314586699178984,3.084251746235758
0,1,1,1,1,405000.0,254700.0,26874.0,225000.0,6,1,1,1,1,0.006233,-2295.0,-475,1,1,0,1,0,0,10,3.0,2,2,4,14,0,0,0,0,1,1,5,0.5726208021951421,0.5316861425197883,0.0,0.0,0.0,0.0,-2337.0,0,0,0,0,1,0,0,0,0,0,0,0,0,0,0,0,0,0,0,0,0.0,0.0,0.0,0.0,0.0,2.0,37,2,0.6288873360806516,0.0663553917150821,0.6288873360806516
0,0,0,1,1,157500.0,663093.0,21519.0,553500.0,6,1,4,2,1,0.035792,-3653.0,-1881,1,1,0,1,0,0,2,2.0,2,2,1,16,0,0,0,0,0,0,33,0.6006952362932652,0.3791004853998145,0.0,0.0,0.0,0.0,-1517.0,0,1,0,0,0,0,0,0,0,0,0,0,0,0,0,0,0,0,0,0,0.0,0.0,1.0,0.0,0.0,1.0,44,1,4.21008755499965,0.136627703951086,4.21008755499965
0,1,0,1,0,121500.0,1042560.0,34587.0,900000.0,6,7,4,0,1,0.006207,-3484.0,-1300,1,1,0,1,0,0,14,2.0,2,2,6,12,0,1,1,0,0,0,16,0.2562824671280228,0.1455428133497032,4.0,1.0,4.0,1.0,-959.0,0,1,0,0,0,0,0,0,0,0,0,0,0,0,0,0,0,0,0,0,0.0,0.0,0.0,0.0,1.0,2.0,23,3,8.580670117941416,0.2846643237504218,8.580670117941416
1,0,0,1,3,76500.0,247500.0,12375.0,247500.0,6,7,1,1,1,0.006296,-5023.0,-2358,1,1,1,1,1,0,3,5.0,3,3,1,15,0,0,0,0,0,0,39,0.5056872096674755,0.5352762504724826,0.0,0.0,0.0,0.0,-160.0,0,0,0,0,0,0,0,0,0,0,0,0,0,0,0,0,0,0,0,0,0.0,0.0,0.0,0.0,0.0,1.0,32,4,3.2352518267735064,0.1617625913386753,3.2352518267735064
1,1,1,1,1,67500.0,202500.0,10125.0,202500.0,1,7,4,0,1,0.00733,-6128.0,-4215,1,1,0,1,0,0,8,3.0,2,2,0,12,0,0,0,0,1,1,9,0.4742646340433544,0.1293142889822697,0.0,0.0,0.0,0.0,-717.0,0,0,0,0,0,0,0,0,0,0,0,0,0,0,0,0,0,0,0,0,0.0,0.0,0.0,0.0,0.0,3.0,36,1,2.999955556213982,0.1499977778106991,2.999955556213982
0,0,1,1,1,630000.0,971280.0,54364.5,900000.0,6,7,1,1,1,0.010032,-1272.0,-3688,1,1,1,1,1,0,11,3.0,2,2,5,9,0,0,0,0,0,0,34,0.2128836748473699,0.1285043773724039,0.0,0.0,0.0,0.0,-930.0,0,1,0,0,0,0,0,0,0,0,0,0,0,0,0,0,0,0,0,0,0.0,0.0,0.0,0.0,0.0,3.0,38,5,1.5417118385526372,0.0862927201702854,1.5417118385526372
0,0,0,1,1,90000.0,545040.0,26640.0,450000.0,6,7,4,1,1,0.020246,-1981.0,-812,1,1,0,1,0,0,14,3.0,3,3,4,13,0,0,0,0,1,1,51,0.4677755269407014,0.5352762504724826,0.0,0.0,0.0,0.0,0.0,0,1,0,0,0,0,0,0,0,0,0,0,0,0,0,0,0,0,0,0,0.0,0.0,0.0,0.0,0.0,1.0,38,0,6.055932711858757,0.2959967111476539,6.055932711858757
0,1,1,1,0,99000.0,134775.0,11659.5,112500.0,1,7,4,3,5,0.010556,-3105.0,-1407,1,1,0,1,0,0,8,1.0,3,3,1,12,0,0,0,0,1,1,14,0.4625365227482791,0.5531646987710016,4.0,0.0,4.0,0.0,-179.0,0,1,0,0,0,0,0,0,0,0,0,0,0,0,0,0,0,0,0,0,0.0,0.0,0.0,0.0,0.0,0.0,23,0,1.3613498853546937,0.1177715376612357,1.3613498853546937
0,0,0,1,1,135000.0,1350000.0,39604.5,1350000.0,1,4,4,1,1,0.006233,-1715.0,-421,1,1,1,1,1,0,18,3.0,2,2,2,13,0,0,0,0,0,0,30,0.6548586317393682,0.1376544619182607,1.0,1.0,1.0,1.0,-787.0,0,1,0,0,0,0,0,0,0,0,0,0,0,0,0,0,0,0,0,0,0.0,0.0,0.0,1.0,0.0,2.0,46,22,9.99992592647462,0.2933644935963437,9.99992592647462
1,1,1,1,0,315000.0,270000.0,13500.0,270000.0,6,7,4,3,1,0.04622,-651.0,-3451,1,1,0,1,0,0,4,1.0,1,1,4,12,0,1,1,1,1,1,42,0.7269830097724631,0.5352762504724826,0.0,0.0,0.0,0.0,-274.0,0,0,0,0,0,0,0,0,0,0,0,0,0,0,0,0,0,0,0,0,0.0,0.0,0.0,0.0,0.0,0.0,55,9,0.8571401360630602,0.042857006803153,0.8571401360630602
0,1,0,1,1,130500.0,675000.0,28728.0,675000.0,0,7,4,1,1,0.026392,-5992.0,-1058,1,1,0,1,1,0,8,3.0,2,2,6,13,0,0,0,0,0,0,5,0.7291304656403249,0.5352762504724826,1.0,0.0,1.0,0.0,-1608.0,0,1,0,0,0,0,0,0,0,0,0,0,0,0,0,0,0,0,0,0,0.0,0.0,0.0,0.0,0.0,1.0,48,2,5.1723741580524285,0.2201362441667113,5.1723741580524285
1,0,1,1,0,360000.0,337500.0,16875.0,337500.0,6,1,1,1,1,0.018209,-4495.0,-30,1,1,0,1,0,0,3,2.0,3,3,0,12,0,0,0,0,0,0,32,0.5656605837016465,0.2032521136204725,1.0,0.0,1.0,0.0,-417.0,0,0,0,0,0,0,0,0,0,0,0,0,0,0,0,0,0,0,0,0,0.0,0.0,0.0,0.0,0.0,0.0,27,2,0.9374973958405672,0.0468748697920283,0.9374973958405672
0,0,0,0,0,135000.0,781920.0,34443.0,675000.0,1,7,4,1,4,0.008625,-4930.0,-1400,1,1,1,1,0,0,10,2.0,2,2,6,14,1,1,1,1,1,1,5,0.5787209161578791,0.445396241560834,1.0,0.0,1.0,0.0,-970.0,0,1,0,0,0,0,0,0,0,0,0,0,0,0,0,0,0,0,0,0,0.0,0.0,0.0,0.0,0.0,0.0,41,2,5.791957096614099,0.2551314434707891,5.791957096614099
0,0,0,1,0,270000.0,886090.5,35271.0,792000.0,6,7,4,2,1,0.020713,-3693.0,-974,1,1,0,1,0,0,10,1.0,3,3,2,6,0,0,0,0,0,0,5,0.2888086007738993,0.5028782772082183,0.0,0.0,0.0,0.0,0.0,0,1,0,0,0,0,0,0,0,0,0,0,0,0,0,0,0,0,0,0,0.0,0.0,0.0,0.0,2.0,3.0,47,3,3.281804511835141,0.1306328495079647,3.281804511835141
0,1,1,1,0,193500.0,1078200.0,38200.5,900000.0,6,7,4,0,2,0.072508,-4286.0,-2596,1,1,1,1,1,0,4,2.0,1,1,3,15,0,0,0,0,0,0,5,0.5435444538339467,0.3996756156233169,0.0,0.0,0.0,0.0,-227.0,0,1,0,0,0,0,0,0,0,0,0,0,0,0,0,0,0,0,0,0,0.0,0.0,0.0,0.0,0.0,1.0,27,3,5.572064227058258,0.1974175844052485,5.572064227058258
1,0,0,0,0,337500.0,405000.0,20250.0,405000.0,6,1,1,3,1,0.026392,-5211.0,-3919,1,1,0,1,0,0,3,1.0,2,2,3,13,0,0,0,0,0,0,42,0.3285680295441021,0.6738300778602003,4.0,0.0,4.0,0.0,0.0,0,0,0,0,0,0,0,0,0,0,0,0,0,0,0,0,0,0,0,0,0.0,0.0,0.0,0.0,0.0,2.0,30,2,1.199996444454979,0.0599998222227489,1.199996444454979
0,1,1,1,0,135000.0,450000.0,21780.0,450000.0,6,1,1,3,1,0.00496,-6498.0,-4842,1,1,0,1,1,1,18,1.0,2,2,4,14,0,0,0,0,1,1,42,0.5297285570340203,0.6706517530862718,0.0,0.0,0.0,0.0,-1081.0,0,1,0,0,0,0,0,0,0,0,0,0,0,0,0,0,0,0,0,0,0.0,0.0,0.0,0.0,0.0,1.0,34,5,3.3333086421582063,0.1613321382804571,3.3333086421582063
0,0,0,1,1,225000.0,715095.0,53595.0,675000.0,1,1,1,2,1,0.035792,-3913.0,-4347,1,1,0,1,0,0,18,2.0,2,2,6,17,0,0,0,0,0,0,42,0.522619381784872,0.4294236843421945,0.0,0.0,0.0,0.0,-583.0,0,0,0,0,1,0,0,0,0,0,0,0,0,0,0,0,0,0,0,0,0.0,0.0,0.0,0.0,0.0,0.0,34,2,3.178185874729446,0.2381989413380385,3.178185874729446
0,0,0,0,0,112500.0,454500.0,18153.0,454500.0,6,7,1,2,1,0.0096569999999999,-5038.0,-889,1,1,0,1,1,0,18,1.0,2,2,2,19,0,0,0,0,0,0,5,0.6455335698640535,0.172495466777331,4.0,0.0,4.0,0.0,-157.0,0,1,0,0,0,0,0,0,0,0,0,0,0,0,0,0,0,0,0,0,0.0,0.0,0.0,1.0,0.0,1.0,44,1,4.039964089208096,0.1613585657016382,4.039964089208096
0,1,0,1,0,67500.0,354276.0,11443.5,292500.0,6,3,4,5,1,0.0096569999999999,-11088.0,-4022,1,0,0,1,0,0,18,1.0,2,2,5,12,0,0,0,0,0,0,57,0.3309313883863573,0.7838324335199619,0.0,0.0,0.0,0.0,0.0,0,0,0,0,1,0,0,0,0,0,0,0,0,0,0,0,0,0,0,0,0.0,0.0,0.0,0.0,0.0,0.0,62,0,5.248455578435875,0.1695308217656034,5.248455578435875
0,0,0,1,1,83250.0,474048.0,22095.0,360000.0,6,7,4,2,1,0.035792,-4570.0,-2003,1,1,0,1,1,0,14,2.0,2,2,6,13,0,0,0,1,1,0,42,0.4727872598959891,0.2940831009471255,2.0,1.0,2.0,1.0,0.0,0,1,0,0,0,0,0,0,0,0,0,0,0,0,0,0,1,0,0,0,0.0,0.0,0.0,0.0,0.0,0.0,28,7,5.694201871448992,0.265402217390782,5.694201871448992
0,1,1,1,2,193500.0,672174.0,26176.5,481500.0,6,7,4,1,1,0.018634,-4200.0,-1010,1,1,0,1,0,0,4,4.0,2,2,6,13,0,0,0,0,0,0,30,0.6126802496635984,0.2238313174701554,0.0,0.0,0.0,0.0,-1111.0,0,1,0,0,0,0,0,0,0,0,0,0,0,0,0,0,0,0,0,0,0.0,0.0,0.0,0.0,1.0,0.0,47,5,3.4737494896667203,0.1352783706544152,3.4737494896667203
0,0,0,0,1,103500.0,345645.0,16240.5,243000.0,6,1,4,1,1,0.018029,-1356.0,-1485,1,1,0,1,0,0,14,3.0,3,3,3,6,0,0,0,0,0,0,5,0.6231705481230984,0.5352762504724826,0.0,0.0,0.0,0.0,-416.0,0,1,0,0,0,0,0,0,0,0,0,0,0,0,0,0,0,0,0,0,0.0,0.0,0.0,0.0,0.0,4.0,30,6,3.3395329513724503,0.1569115274248558,3.3395329513724503
0,1,1,1,0,180000.0,770292.0,30676.5,688500.0,6,1,3,1,1,0.030755,-6846.0,-4375,1,1,0,1,0,0,8,2.0,2,2,5,17,0,0,0,0,0,0,5,0.7909589662905858,0.7874761977281463,11.0,0.0,11.0,0.0,-3426.0,0,1,0,0,0,0,0,0,0,0,0,0,0,0,0,0,0,0,0,0,0.0,0.0,0.0,0.0,0.0,0.0,64,5,4.279376225687635,0.1704240531997044,4.279376225687635
0,0,1,1,0,189000.0,485190.0,23472.0,405000.0,6,3,3,1,1,0.030755,-9681.0,-4223,1,0,0,1,0,0,18,2.0,2,2,4,11,0,0,0,0,0,0,57,0.5969654103487121,0.7435593141311444,6.0,2.0,6.0,2.0,-1969.0,0,1,0,0,0,0,0,0,0,0,0,0,0,0,0,0,0,0,0,0,0.0,0.0,1.0,0.0,0.0,1.0,43,0,2.567129274448283,0.1241898191014862,2.567129274448283
0,0,0,1,0,90000.0,103500.0,7047.0,103500.0,6,7,4,1,1,0.010276,-270.0,-2334,1,1,0,1,0,0,18,2.0,2,2,1,12,0,0,0,1,1,0,33,0.6014450586837641,0.2881295999178507,4.0,0.0,4.0,0.0,0.0,0,1,0,0,0,0,0,0,0,0,0,0,0,0,0,0,0,0,0,0,0.0,0.0,0.0,0.0,0.0,0.0,39,13,1.149987222364196,0.0782991300096665,1.149987222364196
0,1,0,1,0,67500.0,225000.0,12694.5,225000.0,6,3,1,1,1,0.018209,-12009.0,-3993,1,0,0,1,0,0,18,2.0,3,3,2,11,0,0,0,0,0,0,57,0.6257243984582151,0.3944954053123993,4.0,0.0,4.0,0.0,-1549.0,0,1,0,0,0,0,0,0,0,0,0,0,0,0,0,0,0,0,0,0,0.0,0.0,0.0,0.0,0.0,1.0,66,0,3.333283951348869,0.1880638805351031,3.333283951348869
1,1,1,1,1,202500.0,270000.0,13500.0,270000.0,6,7,4,0,1,0.019101,-5834.0,-3928,1,1,0,1,0,0,14,3.0,2,2,0,9,0,0,0,0,1,1,42,0.6316661896756744,0.5352762504724826,4.0,0.0,4.0,0.0,0.0,0,0,0,0,0,0,0,0,0,0,0,0,0,0,0,0,0,0,0,0,0.0,0.0,0.0,0.0,0.0,2.0,36,4,1.3333267490037086,0.0666663374501854,1.3333267490037086
0,0,0,1,0,81000.0,239850.0,23850.0,225000.0,6,3,4,5,1,0.010966,-5.0,-4237,1,0,0,1,0,0,18,1.0,2,2,6,12,0,0,0,0,0,0,57,0.3702116095691348,0.7252764347002191,2.0,0.0,2.0,0.0,0.0,0,0,0,0,1,0,0,0,0,0,0,0,0,0,0,0,0,0,0,0,0.0,0.0,0.0,0.0,0.0,1.0,65,0,2.961074554635128,0.2944408093727237,2.961074554635128
1,0,0,1,0,112500.0,180000.0,9000.0,180000.0,6,1,2,0,1,0.010643,-4429.0,-441,1,1,0,1,0,0,17,2.0,2,2,5,13,1,1,0,1,1,0,5,0.5708699368125583,0.3046721837533529,0.0,0.0,0.0,0.0,-210.0,0,0,0,0,0,0,0,0,0,0,0,0,0,0,0,0,0,0,0,0,0.0,0.0,0.0,0.0,0.0,0.0,21,2,1.5999857779041964,0.0799992888952098,1.5999857779041964
0,1,0,0,0,112500.0,225000.0,11502.0,225000.0,6,7,4,1,1,0.010276,-6317.0,-5333,1,1,1,1,0,0,8,2.0,2,2,2,12,0,0,0,1,1,0,26,0.5861981535808329,0.2750003523983893,1.0,0.0,1.0,0.0,-661.0,0,0,0,1,0,0,0,0,0,0,0,0,0,0,0,0,0,0,0,0,0.0,0.0,1.0,0.0,0.0,2.0,59,19,1.9999822223802453,0.1022390912080781,1.9999822223802453
0,0,0,1,0,225000.0,251280.0,13761.0,180000.0,6,1,4,1,1,0.002042,-699.0,-2900,1,1,0,1,0,0,14,2.0,3,3,0,14,0,0,0,0,0,0,42,0.1236416586215339,0.3539876078507373,0.0,0.0,0.0,0.0,-303.0,0,1,0,0,0,0,0,0,0,0,0,0,0,0,0,0,0,0,0,0,0.0,0.0,0.0,1.0,0.0,5.0,31,2,1.116795036466505,0.0611597281789858,1.116795036466505
0,0,1,0,0,45000.0,409500.0,19089.0,409500.0,6,7,1,1,1,0.00733,-2794.0,-4048,1,1,1,1,0,1,15,2.0,2,2,4,17,0,0,0,0,0,0,30,0.6957054376638168,0.3296550543128238,0.0,0.0,0.0,0.0,-2187.0,0,1,0,0,0,0,0,0,0,0,0,0,0,0,0,0,0,0,0,0,0.0,0.0,0.0,0.0,0.0,4.0,37,7,9.099797782271503,0.4241905735428101,9.099797782271503
0,1,1,1,0,157500.0,1037110.5,41260.5,954000.0,6,7,4,1,1,0.0105,-12521.0,-953,1,1,0,1,1,0,18,2.0,3,3,6,10,0,0,0,0,0,0,5,0.5389890047560312,0.8214433128935934,0.0,0.0,0.0,0.0,-2318.0,0,1,0,0,0,0,0,0,0,0,0,0,0,0,0,0,0,0,0,0,0.0,0.0,1.0,0.0,0.0,3.0,64,0,6.584786763258646,0.2619697652713316,6.584786763258646
0,0,0,1,0,292500.0,905859.0,32665.5,702000.0,1,3,4,1,1,0.031329,-8258.0,-4602,1,0,0,1,0,0,18,2.0,2,2,3,11,0,0,0,0,0,0,57,0.6705615216292514,0.5495965024956946,0.0,0.0,0.0,0.0,-592.0,0,1,0,0,0,0,0,0,0,0,0,0,0,0,0,0,0,0,0,0,0.0,0.0,0.0,1.0,0.0,4.0,61,0,3.096943258313647,0.1116765412767819,3.096943258313647
0,1,1,1,1,202500.0,484789.5,25510.5,418500.0,6,7,1,3,1,0.018029,-7837.0,-90,1,1,0,1,0,0,4,2.0,3,3,5,9,0,0,0,0,0,0,52,0.6330743827359632,0.470456116119975,5.0,3.0,5.0,3.0,-1458.0,0,1,0,0,0,0,0,0,0,0,0,0,0,0,0,0,0,0,0,0,0.0,0.0,0.0,1.0,0.0,0.0,45,2,2.3940103999486424,0.125977155668367,2.3940103999486424
0,0,0,1,0,45000.0,1125000.0,40540.5,1125000.0,5,7,4,1,1,0.015221,-3304.0,-4819,1,1,0,1,1,0,18,2.0,2,2,0,9,0,0,0,0,0,0,5,0.5671857802614046,0.5352762504724826,0.0,0.0,0.0,0.0,-672.0,0,1,0,0,0,0,0,0,0,0,0,0,0,0,0,0,0,0,0,0,0.0,0.0,0.0,0.0,1.0,3.0,39,2,24.99944445678985,0.900879980444879,24.99944445678985
0,0,1,0,1,157500.0,260640.0,24034.5,225000.0,6,1,1,0,1,0.072508,-6194.0,-4854,1,1,0,1,0,0,14,3.0,1,1,3,12,1,1,0,1,1,0,5,0.4368591770935656,0.1862929496555374,0.0,0.0,0.0,0.0,-1711.0,0,1,0,0,0,0,0,0,0,0,0,0,0,0,0,0,0,0,0,0,0.0,0.0,0.0,1.0,0.0,2.0,33,7,1.6548466358943752,0.1525990311172627,1.6548466358943752
0,1,0,0,0,157500.0,781920.0,28215.0,675000.0,6,7,4,1,1,0.003069,-2501.0,-4306,1,1,0,1,0,0,16,2.0,3,3,2,11,0,0,0,0,0,0,40,0.6125920287798655,0.0861616623809292,0.0,0.0,0.0,0.0,0.0,0,1,0,0,0,0,0,0,0,0,0,0,0,0,0,0,0,0,0,0,0.0,0.0,0.0,0.0,0.0,2.0,37,7,4.964539907683126,0.1791417197351127,4.964539907683126
0,0,1,0,1,117000.0,468733.5,27040.5,387000.0,6,7,4,3,5,0.035792,-7052.0,-4262,1,1,0,1,0,0,8,2.0,2,2,5,12,0,0,0,0,0,0,42,0.6574931246663057,0.5709165417729987,2.0,0.0,2.0,0.0,-1894.0,0,1,0,0,0,0,0,0,0,0,0,0,0,0,0,0,0,0,0,0,0.0,0.0,0.0,0.0,0.0,1.0,36,2,4.006234989444534,0.2311134092871001,4.006234989444534
0,1,1,1,0,225000.0,1546020.0,42642.0,1350000.0,1,4,4,1,1,0.006852,-9763.0,-4016,1,1,0,1,1,0,3,2.0,3,3,3,5,0,0,0,0,0,0,33,0.0429269427825917,0.6296742509538716,0.0,0.0,0.0,0.0,-2425.0,0,1,0,0,0,0,0,0,0,0,0,0,0,0,0,0,0,0,0,0,0.0,0.0,0.0,0.0,0.0,1.0,62,13,6.87116946146906,0.1895191576926324,6.87116946146906
0,1,1,0,1,112500.0,479637.0,22491.0,396000.0,0,7,4,1,1,0.015221,-2297.0,-4103,1,1,0,1,0,0,18,3.0,2,2,4,10,0,0,0,0,1,1,33,0.2858978721410488,0.1624419982223248,0.0,0.0,0.0,0.0,-2449.0,0,1,0,0,0,0,0,0,0,0,0,0,0,0,0,0,0,0,0,0,0.0,0.0,0.0,0.0,0.0,2.0,42,0,4.2634021030924165,0.1999182229491293,4.2634021030924165
0,0,0,1,0,270000.0,1129500.0,31189.5,1129500.0,6,3,4,0,1,0.0145199999999999,-1633.0,-4199,1,0,0,1,0,0,18,2.0,2,2,4,10,0,0,0,0,0,0,57,0.4100444646006068,0.1285043773724039,1.0,0.0,1.0,0.0,-2222.0,0,1,0,0,0,0,0,0,0,0,0,0,0,0,0,0,0,0,0,0,0.0,0.0,0.0,0.0,2.0,1.0,61,0,4.183317839563557,0.115516238828745,4.183317839563557
1,0,0,1,0,67500.0,270000.0,13500.0,270000.0,6,3,4,1,1,0.035792,-12271.0,-385,1,0,0,1,0,0,18,2.0,2,2,0,11,0,0,0,0,0,0,57,0.7679352713722443,0.2851799046358216,0.0,0.0,0.0,0.0,-739.0,0,0,0,0,0,0,0,0,0,0,0,0,0,0,0,0,0,0,0,0,0.0,0.0,0.0,0.0,0.0,6.0,62,0,3.9999407416186425,0.1999970370809321,3.9999407416186425
0,0,0,1,0,135000.0,594081.0,27657.0,531000.0,6,7,4,3,1,0.010032,-10611.0,-180,1,1,0,1,0,0,8,1.0,2,2,1,3,0,0,0,0,0,0,20,0.4152596621663056,0.722392890081304,0.0,0.0,0.0,0.0,-2350.0,0,1,0,0,0,0,0,0,0,0,0,0,0,0,0,0,0,0,0,0,0.0,0.0,0.0,0.0,0.0,1.0,45,9,4.400567403204421,0.2048651491470433,4.400567403204421
0,0,1,1,0,405000.0,972000.0,28417.5,972000.0,6,1,1,3,1,0.072508,-3603.0,-2268,1,1,0,1,0,0,18,1.0,1,1,1,14,0,0,0,0,0,0,5,0.7739245740107529,0.5064842396679806,0.0,0.0,0.0,0.0,-3117.0,0,0,0,0,0,0,1,0,0,0,0,0,0,0,0,0,0,0,0,0,0.0,0.0,0.0,0.0,0.0,6.0,51,9,2.399994074088706,0.0701664934160656,2.399994074088706
0,0,0,1,0,49500.0,254700.0,17149.5,225000.0,6,3,4,2,1,0.019101,-4962.0,-3318,1,0,0,1,0,0,18,1.0,2,2,0,10,0,0,0,0,0,0,57,0.7254003077399541,0.8317782304090495,6.0,1.0,5.0,0.0,0.0,0,0,0,0,1,0,0,0,0,0,0,0,0,0,0,0,0,0,0,0,0.0,0.0,0.0,0.0,0.0,0.0,67,0,5.145350598977799,0.3464475465142118,5.145350598977799
0,1,0,1,0,162000.0,254700.0,25321.5,225000.0,6,4,4,5,1,0.022625,-10001.0,-920,1,1,0,1,0,0,4,1.0,2,2,1,11,0,0,0,0,0,0,41,0.6677051386064681,0.5352762504724826,4.0,0.0,4.0,0.0,-362.0,0,1,0,0,0,0,0,0,0,0,0,0,0,0,0,0,0,0,0,0,0.0,0.0,0.0,0.0,0.0,1.0,67,2,1.572212517206684,0.156304590712403,1.572212517206684
0,1,0,0,0,135000.0,675000.0,22306.5,675000.0,6,7,4,1,1,0.00712,-4299.0,-4303,1,1,0,1,1,0,4,2.0,2,2,5,14,0,0,0,0,1,1,55,0.4642384844295199,0.6178261467332483,0.0,0.0,0.0,0.0,-1600.0,0,0,0,0,0,0,1,0,0,0,0,0,0,0,0,0,0,0,0,0,0.0,0.0,0.0,0.0,0.0,6.0,43,8,4.9999629632373095,0.1652321093917823,4.9999629632373095
0,0,0,0,0,63000.0,270000.0,14647.5,270000.0,6,7,4,3,1,0.003813,-3130.0,-4446,1,1,1,1,1,0,8,1.0,2,2,5,11,0,0,0,0,0,0,42,0.5973546846595864,0.6127042441012546,0.0,0.0,0.0,0.0,-1063.0,0,1,0,0,0,0,0,0,0,0,0,0,0,0,0,0,0,0,0,0,0.0,0.0,0.0,0.0,0.0,0.0,34,11,4.2856462595831815,0.2324963095823876,4.2856462595831815
0,1,1,0,4,360000.0,490495.5,26131.5,454500.0,6,7,4,1,1,0.04622,-3112.0,-1678,1,1,1,1,1,0,3,6.0,1,1,3,18,0,1,1,0,1,1,51,0.7359594487016711,0.2458512138252296,0.0,0.0,0.0,0.0,-1516.0,0,1,0,0,0,0,0,0,0,0,0,0,0,0,0,0,0,0,0,0,0.0,0.0,0.0,7.0,0.0,0.0,49,9,1.362483715323013,0.0725872983686156,1.362483715323013
0,0,0,0,1,270000.0,472500.0,44991.0,454500.0,6,4,4,1,1,0.030755,-7145.0,-4708,1,1,0,1,0,0,3,3.0,2,2,2,13,0,0,0,0,0,0,35,0.6299805289275121,0.7826078370261895,2.0,0.0,2.0,0.0,-2297.0,0,1,0,0,0,0,0,0,0,0,0,0,0,0,0,0,0,0,0,0,0.0,0.0,1.0,1.0,0.0,4.0,42,7,1.749993518542524,0.1666327161751253,1.749993518542524
0,0,0,1,0,135000.0,163512.0,13045.5,135000.0,6,7,4,2,1,0.028663,-1335.0,-4777,1,1,1,1,1,0,18,1.0,2,2,3,14,1,1,0,1,1,0,5,0.7047476329141857,0.6594055320683344,8.0,0.0,8.0,0.0,-2038.0,0,1,0,0,0,0,0,0,0,0,0,0,0,0,0,0,0,0,0,0,0.0,0.0,0.0,0.0,0.0,4.0,40,4,1.211191028214606,0.0966326175361663,1.211191028214606
0,0,0,1,0,112500.0,257562.0,13279.5,184500.0,6,3,4,1,1,0.008019,-6585.0,-3123,1,0,0,1,0,0,18,2.0,2,2,6,12,0,0,0,0,0,0,57,0.5042222265679186,0.1624419982223248,0.0,0.0,0.0,0.0,0.0,0,0,0,0,1,0,0,0,0,0,0,0,0,0,0,0,0,0,0,0,0.0,0.0,0.0,0.0,0.0,1.0,57,0,2.2894196496031145,0.118038950764882,2.2894196496031145
0,0,0,0,1,216000.0,467667.0,37080.0,423000.0,6,7,1,2,2,0.00733,-3605.0,-4709,1,1,0,1,0,0,14,2.0,2,2,5,10,0,0,0,0,1,1,51,0.6165494089759113,0.4382813743111921,0.0,0.0,0.0,0.0,-300.0,0,1,0,0,0,0,0,0,0,0,0,0,0,0,0,0,0,0,0,0,0.0,0.0,0.0,0.0,0.0,5.0,37,3,2.165114976319554,0.1716658719172596,2.165114976319554
0,1,0,1,0,117000.0,422892.0,27531.0,382500.0,6,7,4,0,1,0.011703,-10910.0,-3097,1,1,1,1,0,0,8,2.0,2,2,0,10,0,0,0,0,0,0,5,0.558221430608821,0.4848514754962666,0.0,0.0,0.0,0.0,-1348.0,0,1,0,0,0,0,0,0,0,0,0,0,0,0,0,0,0,0,0,0,0.0,0.0,0.0,0.0,0.0,1.0,29,0,3.614430645891916,0.2353056811480244,3.614430645891916
0,0,1,0,0,202500.0,1096020.0,56092.5,900000.0,6,1,1,1,1,0.010006,-1831.0,-1010,1,1,1,1,0,0,3,2.0,2,2,5,17,0,0,0,0,0,0,2,0.3503626503129488,0.2881295999178507,2.0,0.0,2.0,0.0,-684.0,0,1,0,0,0,0,0,0,0,0,0,0,0,0,0,0,0,0,0,0,0.0,0.0,0.0,0.0,0.0,2.0,28,0,5.412417716455721,0.2769986321055204,5.412417716455721
0,1,1,1,1,198000.0,254700.0,27558.0,225000.0,6,1,4,1,1,0.016612,-4162.0,-4869,1,1,0,1,0,0,10,3.0,2,2,2,11,0,0,0,1,1,0,5,0.5974335766807336,0.7801436381572275,5.0,0.0,5.0,0.0,0.0,0,0,0,0,0,0,1,0,0,0,0,0,0,0,0,0,0,0,0,0,0.0,0.0,0.0,0.0,0.0,2.0,33,3,1.286357139610406,0.1391811152468927,1.286357139610406
0,1,0,0,1,157500.0,835605.0,24561.0,697500.0,6,1,4,1,1,0.0196889999999999,-5579.0,-397,1,1,0,1,0,0,8,3.0,2,2,1,16,0,0,0,0,0,0,41,0.3555965289023036,0.7476633896301825,1.0,0.0,1.0,0.0,-2537.0,0,1,0,0,0,0,0,0,0,0,0,0,0,0,0,0,0,0,0,0,0.0,0.0,1.0,0.0,0.0,0.0,31,10,5.305394886381674,0.1559418670357648,5.305394886381674
0,1,0,0,0,180000.0,495216.0,26865.0,427500.0,6,1,1,0,1,0.032561,-5370.0,-3840,1,1,0,1,1,0,18,2.0,1,1,5,15,0,0,0,0,0,0,3,0.5160034855684944,0.5352762504724826,0.0,0.0,0.0,0.0,-270.0,0,0,0,0,0,0,0,1,0,0,0,0,0,0,0,0,0,0,0,0,0.0,0.0,0.0,0.0,0.0,0.0,30,0,2.7511847156404685,0.1492491708379398,2.7511847156404685
0,0,0,1,0,166500.0,1354500.0,45517.5,1354500.0,1,1,4,1,1,0.026392,-6609.0,-2163,1,1,0,1,0,0,11,2.0,2,2,4,15,0,0,0,0,0,0,30,0.7431197568648654,0.646329897706246,1.0,0.0,1.0,0.0,-1685.0,0,1,0,0,0,0,0,0,0,0,0,0,0,0,0,0,1,0,0,0,0.0,0.0,0.0,0.0,0.0,3.0,50,1,8.135086275758104,0.2733767364760572,8.135086275758104
0,1,1,1,0,225000.0,521280.0,24286.5,450000.0,6,7,4,1,1,0.030755,-11960.0,-1573,1,1,0,1,0,0,3,2.0,2,2,5,16,0,0,0,0,0,0,42,0.7460350638738472,0.3893387918468769,0.0,0.0,0.0,0.0,-1513.0,0,1,0,0,0,0,0,0,0,0,0,0,0,0,0,0,0,0,0,0,0.0,0.0,0.0,0.0,0.0,3.0,49,9,2.316789703156875,0.1079395202687988,2.316789703156875
0,0,1,1,2,85500.0,508495.5,21541.5,454500.0,6,7,4,1,1,0.0228,-6836.0,-4060,1,1,1,1,0,0,14,4.0,2,2,5,12,0,0,0,0,0,0,5,0.3260931696584197,0.2721336844147212,0.0,0.0,0.0,0.0,-1778.0,0,1,0,0,0,0,0,0,0,0,0,0,0,0,0,0,0,0,0,0,0.0,0.0,0.0,0.0,1.0,0.0,44,15,5.947246231038234,0.2519444217026701,5.947246231038234
0,0,0,0,1,135000.0,1185282.0,34785.0,1035000.0,6,7,4,1,1,0.010556,-5310.0,-5328,1,1,0,1,0,0,6,3.0,3,3,0,19,0,0,0,0,0,0,13,0.0933508931903424,0.7076993447402619,0.0,0.0,0.0,0.0,-1361.0,0,1,0,0,0,0,0,0,0,0,0,0,0,0,0,0,0,0,0,0,0.0,0.0,0.0,0.0,0.0,0.0,39,9,8.779801631099028,0.2576647580388293,8.779801631099028
0,0,0,0,0,54000.0,544491.0,16047.0,454500.0,6,3,4,2,1,0.0116569999999999,-5136.0,-4143,1,0,0,1,0,0,18,1.0,1,1,5,12,0,0,0,0,0,0,57,0.7369356448902583,0.5352762504724826,2.0,0.0,2.0,0.0,-567.0,0,1,0,0,0,0,0,0,0,0,0,0,0,0,0,0,0,0,0,0,0.0,0.0,0.0,0.0,0.0,1.0,64,0,10.082979944815836,0.297161163682154,10.082979944815836
0,1,0,1,0,270000.0,1327500.0,47682.0,1327500.0,6,1,2,3,1,0.0145199999999999,-8598.0,-1137,1,1,0,1,0,0,10,1.0,2,2,0,12,0,0,0,0,0,0,42,0.1604053214783667,0.5352762504724826,2.0,0.0,2.0,0.0,0.0,0,0,0,0,0,0,0,1,0,0,0,0,0,0,0,0,0,0,0,0,0.0,0.0,0.0,0.0,0.0,1.0,23,5,4.916648456857567,0.1765993459283484,4.916648456857567
0,0,0,0,1,180000.0,1288350.0,37800.0,1125000.0,6,1,4,5,2,0.025164,-9519.0,-4407,1,1,0,1,0,0,11,2.0,2,2,5,13,0,0,0,0,0,0,11,0.6609270099135092,0.5779691187553125,0.0,0.0,0.0,0.0,-1812.0,0,1,0,0,0,0,0,0,0,0,0,0,0,0,0,0,0,0,0,0,0.0,0.0,0.0,0.0,0.0,0.0,42,3,7.15746023633202,0.2099988333398147,7.15746023633202
0,1,0,1,0,135000.0,354276.0,23193.0,292500.0,6,7,4,0,1,0.005144,-1512.0,-3783,1,1,0,1,0,0,18,2.0,2,2,2,10,0,0,0,1,1,1,42,0.582980048129109,0.5352762504724826,0.0,0.0,0.0,0.0,-1016.0,0,1,0,0,0,0,0,0,0,0,0,0,0,0,0,0,0,0,0,0,0.0,0.0,0.0,0.0,0.0,3.0,55,2,2.6242472277983127,0.1717987274168339,2.6242472277983127
0,0,1,1,0,90000.0,1314117.0,36265.5,1147500.0,6,7,4,1,1,0.031329,-4676.0,-4676,1,1,0,1,0,0,14,2.0,2,2,4,17,0,0,0,0,1,1,42,0.6212995316344735,0.5226973172821112,1.0,0.0,1.0,0.0,-2395.0,0,1,0,0,0,0,0,0,0,0,0,0,0,0,0,0,0,0,0,0,0.0,0.0,0.0,0.0,0.0,2.0,39,0,14.601137765135944,0.4029455228275241,14.601137765135944
0,0,0,1,0,94500.0,254700.0,14220.0,225000.0,6,3,4,1,1,0.015221,-4900.0,-4911,1,0,0,1,1,0,18,2.0,2,2,4,14,0,0,0,0,0,0,57,0.5388205570439962,0.6144143775673561,2.0,0.0,2.0,0.0,-1114.0,0,1,0,0,0,0,0,0,0,0,0,0,0,0,0,0,0,0,0,0,0.0,0.0,0.0,0.0,0.0,0.0,59,0,2.695209574501857,0.1504745981524005,2.695209574501857
0,0,0,1,0,162000.0,535500.0,23715.0,535500.0,6,3,4,1,1,0.018209,-9477.0,-4819,1,0,0,1,0,1,18,2.0,3,3,4,6,0,0,0,0,0,0,57,0.4349825700609715,0.6658549219640212,0.0,0.0,0.0,0.0,-1918.0,0,1,0,0,0,0,0,0,0,0,0,0,0,0,0,0,0,0,0,0,0.0,0.0,0.0,1.0,0.0,4.0,59,0,3.3055351510175863,0.1463879852593502,3.3055351510175863
0,0,0,1,3,135000.0,966555.0,51628.5,913500.0,6,7,4,1,1,0.019101,-4517.0,-2554,1,1,0,1,1,0,14,5.0,2,2,6,14,0,0,0,0,1,1,42,0.2842666720624674,0.5832379256761245,0.0,0.0,0.0,0.0,-795.0,0,1,0,0,0,0,0,0,0,0,0,0,0,0,0,0,0,0,0,0,0.0,0.0,0.0,0.0,0.0,3.0,27,3,7.159613632491611,0.382430500514811,7.159613632491611
0,0,0,0,0,135000.0,760225.5,30150.0,679500.0,1,7,4,1,1,0.035792,-4075.0,-2492,1,1,1,1,1,0,8,2.0,2,2,6,13,0,0,0,0,1,1,3,0.3572819736123357,0.524496446363472,0.0,0.0,0.0,0.0,-1836.0,0,1,0,0,0,0,0,0,0,0,0,0,0,0,0,0,0,0,0,0,0.0,0.0,0.0,0.0,0.0,0.0,51,3,5.631258286975652,0.2233316790245998,5.631258286975652
0,0,0,1,0,157500.0,1129500.0,43150.5,1129500.0,6,7,1,2,1,0.026392,-7073.0,-701,1,1,1,1,1,0,14,1.0,2,2,0,12,0,0,0,0,0,0,42,0.682978562226768,0.5919766183185521,6.0,0.0,6.0,0.0,-1062.0,0,1,0,0,0,0,0,0,0,0,0,0,0,0,0,0,0,0,0,0,0.0,0.0,0.0,0.0,1.0,1.0,47,3,7.171383038837849,0.2739696890813392,7.171383038837849
0,0,0,1,1,135000.0,668983.5,67648.5,643500.0,1,1,1,1,1,0.006852,-586.0,-5071,1,1,0,1,0,0,3,3.0,3,3,1,10,0,0,0,0,1,1,51,0.4405638702005263,0.6380435278721609,0.0,0.0,0.0,0.0,-354.0,0,1,0,0,0,0,0,0,0,0,0,0,0,0,0,0,0,0,0,0,0.0,0.0,0.0,0.0,0.0,4.0,39,9,4.955396626691655,0.5010962881756431,4.955396626691655
0,0,0,1,0,90000.0,360000.0,18535.5,360000.0,6,3,4,0,1,0.028663,-1810.0,-4141,1,0,0,1,1,0,18,2.0,2,2,2,9,0,0,0,0,0,0,57,0.4685105617020201,0.6801388218428291,1.0,0.0,1.0,0.0,0.0,0,0,0,0,1,0,0,0,0,0,0,0,0,0,0,0,0,0,0,0,0.0,0.0,0.0,1.0,0.0,0.0,61,0,3.999955556049377,0.2059477116920923,3.999955556049377
0,1,0,1,0,135000.0,630000.0,23274.0,630000.0,1,3,1,1,1,0.003069,-833.0,-4166,1,0,0,1,0,0,18,2.0,3,3,2,10,0,0,0,1,0,0,57,0.6863635926912919,0.237916079507114,3.0,0.0,3.0,0.0,-417.0,0,1,0,0,0,0,0,0,0,0,0,0,0,0,0,0,0,0,0,0,0.0,0.0,0.0,0.0,0.0,0.0,62,0,4.666632099021489,0.1723987229724224,4.666632099021489
1,1,0,1,1,164250.0,180000.0,9000.0,180000.0,6,7,4,1,3,0.025164,-9094.0,-1822,1,1,0,1,0,0,8,3.0,2,2,4,12,0,0,0,1,1,0,31,0.4181777122530149,0.3425288720742255,4.0,0.0,4.0,0.0,-1138.0,0,0,0,0,0,0,0,0,0,0,0,0,0,0,0,0,0,0,0,1,0.0,0.0,0.0,0.0,0.0,1.0,25,2,1.0958837389117877,0.0547941869455893,1.0958837389117877
0,1,1,1,0,135000.0,332946.0,18189.0,238500.0,6,7,4,3,1,0.00496,-2648.0,-57,1,1,0,1,0,0,4,1.0,2,2,6,10,0,0,0,0,0,0,54,0.7033533753527849,0.6446794549585961,0.0,0.0,0.0,0.0,-559.0,0,0,0,0,0,0,1,0,0,0,0,0,0,0,0,0,0,0,0,0,0.0,0.0,0.0,1.0,0.0,0.0,43,2,2.4662483981600136,0.1347323353160347,2.4662483981600136
1,0,1,0,2,81000.0,180000.0,9000.0,180000.0,6,1,1,1,1,0.00702,-1399.0,-1490,1,1,0,1,1,1,6,4.0,2,2,5,19,0,0,0,1,1,0,5,0.5543891765417489,0.5028782772082183,0.0,0.0,0.0,0.0,-865.0,0,0,0,0,0,0,0,0,0,0,0,0,0,0,0,0,0,0,0,0,0.0,0.0,0.0,0.0,0.0,2.0,30,4,2.2221947877186703,0.1111097393859335,2.2221947877186703
0,0,0,0,0,112500.0,835605.0,24561.0,697500.0,6,7,4,1,1,0.003813,-3639.0,-4018,1,1,0,1,0,0,11,2.0,2,2,5,7,0,0,0,0,1,1,28,0.5158068764797473,0.5585066276769286,3.0,0.0,3.0,0.0,-1622.0,0,1,0,0,0,0,0,0,0,0,0,0,0,0,0,0,0,0,0,0,0.0,0.0,0.0,0.0,0.0,2.0,37,4,7.427533977475756,0.2183180593950276,7.427533977475756
0,1,1,0,3,166500.0,283585.5,29187.0,256500.0,6,7,4,1,1,0.018801,-9244.0,-4167,1,1,0,1,0,0,18,5.0,2,2,2,11,0,0,0,0,0,0,51,0.5797015786077091,0.6363761710860439,0.0,0.0,0.0,0.0,-2329.0,0,1,0,0,0,0,0,0,0,0,0,0,0,0,0,0,0,0,0,0,0.0,0.0,0.0,0.0,0.0,2.0,41,14,1.7032059867508302,0.1752962444670002,1.7032059867508302
0,1,1,1,0,54000.0,90000.0,9351.0,90000.0,6,3,4,1,1,0.028663,-134.0,-4538,1,0,0,1,0,0,18,2.0,2,2,2,9,0,0,0,0,0,0,57,0.7585873808486401,0.6161216908872079,0.0,0.0,0.0,0.0,-2012.0,0,1,0,0,0,0,0,0,0,0,0,0,0,0,0,0,0,0,0,0,0.0,0.0,0.0,0.0,1.0,0.0,64,0,1.6666358030406845,0.1731634599359271,1.6666358030406845
0,0,0,0,2,135000.0,521280.0,31630.5,450000.0,6,7,4,1,1,0.006305,-2121.0,-3164,1,1,0,1,0,0,6,4.0,3,3,4,5,0,0,0,0,0,0,33,0.529668633343421,0.6577838002083306,0.0,0.0,0.0,0.0,-1081.0,0,1,0,0,0,0,0,0,0,0,0,0,0,0,0,0,0,0,0,0,0.0,0.0,0.0,0.0,0.0,0.0,29,1,3.861304731076066,0.2342982644573003,3.861304731076066
0,0,0,0,0,67500.0,180000.0,9765.0,180000.0,6,7,4,1,1,0.010643,-922.0,-3306,1,1,1,1,1,0,18,2.0,2,2,2,11,0,0,0,0,0,0,4,0.6558513938530508,0.5352762504724826,3.0,0.0,3.0,0.0,-289.0,0,1,0,0,0,0,0,0,0,0,0,0,0,0,0,0,0,0,0,0,0.0,0.0,0.0,1.0,1.0,0.0,54,1,2.666627161079095,0.1446645234885409,2.666627161079095
0,1,0,0,1,90000.0,101880.0,10206.0,90000.0,6,7,3,1,2,0.008019,-6501.0,-4350,1,1,0,1,0,0,4,3.0,2,2,5,10,0,0,0,0,1,1,42,0.0544323281843925,0.3392876999089139,0.0,0.0,0.0,0.0,-8.0,0,1,0,0,0,0,0,0,0,0,0,0,0,0,0,0,0,0,0,0,0.0,0.0,0.0,0.0,0.0,2.0,43,16,1.1319874223619737,0.1133987400139998,1.1319874223619737
0,0,0,0,0,90000.0,566055.0,16681.5,472500.0,1,7,4,3,1,0.010966,-4410.0,-4492,1,1,0,1,0,0,0,1.0,2,2,1,16,0,0,0,0,1,1,5,0.1254297421072168,0.5620604831738043,2.0,0.0,2.0,0.0,-1754.0,0,1,0,0,0,0,0,0,0,0,0,0,0,0,0,0,0,0,0,0,0.0,0.0,0.0,0.0,0.0,0.0,37,2,6.28943011744314,0.185347940578438,6.28943011744314
0,0,1,0,0,270000.0,1350000.0,38821.5,1350000.0,1,7,4,1,1,0.032561,-9937.0,-4064,1,1,0,1,1,0,11,2.0,1,1,3,18,0,0,0,0,0,0,30,0.6892419975474547,0.2405414172860865,2.0,0.0,2.0,0.0,-2274.0,0,1,0,0,0,0,0,0,0,0,0,0,0,0,0,0,1,0,0,0,0.0,0.0,0.0,0.0,2.0,8.0,43,18,4.999981481550068,0.1437828008044414,4.999981481550068
0,0,1,1,0,270000.0,720000.0,23224.5,720000.0,6,7,4,2,1,0.018029,-3629.0,-501,1,1,1,1,1,0,10,1.0,3,2,1,7,0,0,0,0,0,0,42,0.1596792335026377,0.5100895276257282,4.0,0.0,4.0,0.0,-154.0,0,1,0,0,0,0,0,0,0,0,0,0,0,0,0,0,0,0,0,0,0.0,0.0,0.0,0.0,0.0,0.0,46,18,2.6666567901600366,0.0860163480875996,2.6666567901600366
0,0,1,1,0,225000.0,521280.0,28408.5,450000.0,6,7,1,1,1,0.003813,-5252.0,-1158,1,1,0,1,0,0,13,2.0,2,2,4,7,0,0,0,0,1,1,42,0.5375922533658648,0.3979463219016906,0.0,0.0,0.0,0.0,-782.0,0,0,0,0,0,0,1,0,0,0,0,0,0,0,0,0,0,0,0,0,0.0,0.0,0.0,0.0,0.0,7.0,29,3,2.316789703156875,0.1262594388469384,2.316789703156875
0,0,0,1,1,157500.0,579942.0,37062.0,495000.0,6,7,4,2,1,0.018029,-2927.0,-3634,1,1,0,1,0,1,12,2.0,3,2,6,8,0,0,0,0,0,0,5,0.6901545933373993,0.2103502286944494,2.0,0.0,2.0,0.0,-692.0,0,1,0,0,0,0,0,0,0,0,0,0,0,0,0,0,0,0,0,0,0.0,0.0,0.0,0.0,4.0,4.0,40,3,3.682148049853652,0.2353127916648148,3.682148049853652
0,0,1,0,0,94500.0,251091.0,23364.0,238500.0,1,3,4,5,1,0.010006,-4699.0,-1623,1,0,0,1,0,0,18,1.0,2,1,0,11,0,0,0,0,0,0,57,0.5595638015383632,0.5902333386185574,8.0,1.0,8.0,0.0,-1678.0,0,0,0,0,1,0,0,0,0,0,0,0,0,0,0,0,0,0,0,0,0.0,0.0,0.0,0.0,0.0,2.0,68,0,2.657019502439128,0.2472354789896403,2.657019502439128
0,0,0,1,0,202500.0,728460.0,38938.5,675000.0,6,7,1,2,1,0.019101,-9775.0,-3954,1,1,0,1,1,0,7,1.0,2,2,0,16,0,0,0,0,0,0,33,0.7003515952541114,0.5585066276769286,0.0,0.0,0.0,0.0,-474.0,0,1,0,0,0,0,0,0,0,0,0,0,0,0,0,0,0,0,0,0,0.0,0.0,0.0,0.0,0.0,1.0,58,3,3.597315568812006,0.1922879393188181,3.597315568812006
0,1,1,1,0,234000.0,1078200.0,38331.0,900000.0,6,1,1,1,1,0.00496,-4613.0,-3280,1,1,0,1,0,0,14,2.0,2,2,2,12,0,0,0,1,1,0,5,0.5744126171505184,0.0612681138492898,3.0,0.0,2.0,0.0,-801.0,0,1,0,0,0,0,0,0,0,0,0,0,0,0,0,0,0,0,0,0,0.0,0.0,0.0,1.0,0.0,3.0,29,4,4.607672616783689,0.1638069922778108,4.607672616783689
0,0,1,0,0,216000.0,1288350.0,41562.0,1125000.0,6,3,4,3,1,0.072508,-1331.0,-4500,1,0,0,1,0,0,18,1.0,1,1,4,12,0,0,0,0,0,0,57,0.7243536544341328,0.5797274227921155,5.0,0.0,5.0,0.0,-1103.0,0,1,0,0,0,0,0,0,0,0,0,0,0,0,0,0,0,0,0,0,0.0,0.0,0.0,0.0,0.0,3.0,64,0,5.964555719649446,0.1924157758528895,5.964555719649446
0,0,0,1,2,180000.0,594081.0,28710.0,531000.0,6,7,1,1,1,0.010276,-1297.0,-1410,1,1,1,1,1,0,8,4.0,2,2,2,14,1,1,0,1,1,0,5,0.1589002722512757,0.4083588531230431,0.0,0.0,0.0,0.0,-166.0,0,1,0,0,0,0,0,0,0,0,0,0,0,0,0,0,0,0,0,0,0.0,0.0,0.0,0.0,0.0,4.0,34,0,3.300431664268532,0.1594991138938117,3.300431664268532
0,0,1,1,0,270000.0,1348848.0,51507.0,1156500.0,6,7,4,1,1,0.005313,-3576.0,-4851,1,1,0,1,0,0,10,2.0,2,2,4,16,0,0,0,0,0,0,5,0.6950337651432958,0.4956658291397297,3.0,0.0,3.0,0.0,-2951.0,0,1,0,0,0,0,0,0,0,0,0,0,0,0,0,0,0,0,0,0,0.0,0.0,0.0,0.0,1.0,0.0,43,13,4.995714830685812,0.1907659601260736,4.995714830685812
0,0,0,0,0,225000.0,1483650.0,61227.0,1350000.0,6,7,4,2,1,0.018801,-842.0,-1377,1,1,1,1,1,0,11,1.0,2,2,0,13,0,0,0,1,1,0,30,0.5658056387496816,0.6446794549585961,3.0,0.0,3.0,0.0,-661.0,0,1,0,0,0,0,0,0,0,0,0,0,0,0,0,0,0,0,0,0,0.0,0.0,0.0,0.0,1.0,1.0,48,8,6.593970693463585,0.2721187905831529,6.593970693463585
0,0,0,1,2,112500.0,755190.0,33394.5,675000.0,6,7,1,1,1,0.035792,-5843.0,-4596,1,1,0,1,0,0,18,4.0,2,2,6,16,0,0,0,0,0,0,12,0.6739630001507717,0.1766525794312139,0.0,0.0,0.0,0.0,-1991.0,0,1,0,0,0,0,0,0,0,0,0,0,0,0,0,0,0,0,0,0,0.0,0.0,0.0,0.0,0.0,2.0,42,1,6.712740331197056,0.296837361445676,6.712740331197056
0,0,0,1,0,112500.0,378000.0,19431.0,378000.0,6,1,4,1,1,0.018209,-129.0,-703,1,1,0,1,0,0,18,2.0,3,3,0,13,0,0,0,0,0,0,19,0.7348701721203988,0.3689687382528466,0.0,0.0,0.0,0.0,-1175.0,0,1,0,0,0,0,0,0,0,0,0,0,0,0,0,0,0,0,0,0,0.0,0.0,0.0,0.0,0.0,3.0,46,2,3.3599701335988126,0.172718464724758,3.3599701335988126
0,0,0,0,0,144000.0,284400.0,18306.0,225000.0,6,7,4,0,5,0.001333,-5040.0,-4283,1,1,1,1,1,0,14,2.0,3,3,3,11,0,0,0,0,0,0,51,0.2858978721410488,0.3296550543128238,0.0,0.0,0.0,0.0,-1446.0,0,1,0,0,0,0,0,0,0,0,0,0,0,0,0,0,0,0,0,0,0.0,0.0,0.0,0.0,0.0,2.0,33,6,1.9749862848174664,0.1271241171936306,1.9749862848174664
0,0,0,1,0,112500.0,279000.0,10647.0,279000.0,5,7,4,1,1,0.025164,-3999.0,-2124,1,1,0,1,0,0,10,2.0,2,2,4,15,0,0,0,0,0,0,3,0.7102728588641575,0.6296742509538716,1.0,0.0,1.0,0.0,-1526.0,0,1,0,0,0,0,0,0,0,0,0,0,0,0,0,0,0,0,0,0,0.0,0.0,0.0,0.0,0.0,2.0,50,12,2.4799779557515045,0.0946391587630332,2.4799779557515045
1,1,1,0,0,180000.0,382500.0,19125.0,382500.0,6,7,4,1,1,0.020713,-4882.0,-3405,1,1,0,1,0,0,4,2.0,3,2,5,9,0,0,0,0,0,0,7,0.4862670297536295,0.5352762504724826,7.0,0.0,7.0,0.0,-231.0,0,0,0,0,0,0,0,0,0,0,0,0,0,0,0,0,0,0,0,0,0.0,0.0,0.0,0.0,0.0,1.0,54,1,2.1249881945100304,0.1062494097255015,2.1249881945100304
0,1,1,1,0,157500.0,906615.0,30091.5,688500.0,6,1,4,1,1,0.025164,-537.0,-3903,1,1,0,1,0,0,8,2.0,2,2,1,13,0,0,0,0,1,1,31,0.2722567594870311,0.6879328378491735,2.0,0.0,2.0,0.0,-2400.0,0,1,0,0,0,0,0,0,0,0,0,0,0,0,0,0,0,0,0,0,0.0,0.0,0.0,0.0,0.0,1.0,31,13,5.7562491666719575,0.1910559298036203,5.7562491666719575
0,0,0,1,0,360000.0,378801.0,29875.5,351000.0,6,1,4,1,1,0.072508,-21.0,-4564,1,1,0,1,1,0,3,2.0,1,1,4,13,0,0,0,0,0,0,45,0.6875768240972454,0.6144143775673561,0.0,0.0,0.0,0.0,-2953.0,0,1,0,0,0,0,0,0,0,0,0,0,0,0,0,0,0,0,0,0,0.0,0.0,0.0,0.0,0.0,1.0,38,9,1.0522220771608968,0.082987269479807,1.0522220771608968
0,0,0,1,0,225000.0,199467.0,8914.5,166500.0,6,3,1,5,1,0.04622,-4999.0,-4990,1,0,0,1,0,0,18,1.0,1,1,6,11,0,0,0,0,0,0,57,0.5878945368047416,0.5352762504724826,0.0,0.0,0.0,0.0,0.0,0,1,0,0,0,0,0,0,0,0,0,0,0,0,0,0,0,0,0,0,0.0,0.0,0.0,0.0,0.0,1.0,63,0,0.8865160599286226,0.0396198239118937,0.8865160599286226
0,0,1,0,0,90000.0,78192.0,8973.0,67500.0,6,1,4,1,1,0.031329,-1317.0,-4173,1,1,0,1,0,0,14,2.0,2,2,6,10,0,0,0,0,0,0,5,0.3021447729960001,0.6041125998015721,0.0,0.0,0.0,0.0,-891.0,0,1,0,0,0,0,0,0,0,0,0,0,0,0,0,0,0,0,0,0,0.0,0.0,1.0,0.0,0.0,3.0,33,3,0.8687903467739247,0.0996988922345307,0.8687903467739247
0,0,0,1,0,180000.0,497520.0,31923.0,450000.0,6,1,4,5,1,0.025164,-11613.0,-4523,1,1,0,1,0,0,18,1.0,2,2,5,16,0,0,0,0,0,0,42,0.5019043539925702,0.520897599048938,2.0,1.0,2.0,1.0,-196.0,0,1,0,0,0,0,0,0,0,0,0,0,0,0,0,0,0,0,0,0,0.0,0.0,0.0,0.0,0.0,0.0,65,12,2.7639846445297525,0.1773490147276959,2.7639846445297525
0,0,0,1,1,247500.0,562500.0,37872.0,562500.0,6,7,1,1,1,0.04622,-5709.0,-1909,1,1,1,1,1,0,18,3.0,1,1,2,15,0,0,0,0,1,0,11,0.6054063995239909,0.6674577419214722,0.0,0.0,0.0,0.0,-1507.0,0,1,0,0,0,0,0,0,0,0,0,0,0,0,0,0,0,0,0,0,0.0,0.0,0.0,2.0,0.0,1.0,51,4,2.272718090027919,0.1530175635653997,2.272718090027919
1,1,1,1,1,135000.0,180000.0,9000.0,180000.0,6,7,4,1,1,0.035792,-2085.0,-2174,1,1,0,1,0,0,8,3.0,2,2,1,12,0,0,0,0,0,0,13,0.5764854701156138,0.5352762504724826,4.0,0.0,4.0,0.0,-295.0,0,0,0,0,0,0,0,0,0,0,0,0,0,0,0,0,0,0,0,0,0.0,0.0,0.0,0.0,0.0,0.0,29,0,1.3333234568632826,0.0666661728431641,1.3333234568632826
0,0,0,1,0,238500.0,675000.0,36747.0,675000.0,1,1,4,1,1,0.032561,-2175.0,-4693,1,1,0,1,0,0,0,2.0,1,1,5,11,0,0,0,0,0,0,38,0.463531495951355,0.1117563710719636,0.0,0.0,0.0,0.0,-1124.0,0,1,0,0,0,0,0,0,0,0,0,0,0,0,0,0,0,0,0,0,0.0,0.0,0.0,0.0,0.0,0.0,33,10,2.830176812675838,0.1540748256820726,2.830176812675838
1,1,1,1,1,157500.0,270000.0,13500.0,270000.0,6,7,4,1,1,0.010643,-1693.0,-2777,1,1,0,1,0,0,10,3.0,2,2,5,14,0,0,0,0,0,0,33,0.636182615303078,0.1229554179088549,5.0,0.0,5.0,0.0,-883.0,0,0,0,0,0,0,0,0,0,0,0,0,0,0,0,0,0,0,0,0,0.0,0.0,0.0,0.0,0.0,1.0,28,3,1.7142748300010793,0.0857137415000539,1.7142748300010793
0,0,0,0,1,144000.0,909000.0,26577.0,909000.0,6,7,4,1,1,0.035792,-6183.0,-4698,1,1,1,1,0,0,8,3.0,2,2,3,11,0,0,0,0,0,0,5,0.4781045779505248,0.0956927242302637,3.0,0.0,3.0,0.0,-2612.0,0,1,0,0,0,0,0,0,0,0,0,0,0,0,0,0,0,0,0,0,0.0,0.0,0.0,0.0,0.0,2.0,40,6,6.312456163498864,0.1845612183248727,6.312456163498864
0,0,0,1,1,90000.0,269550.0,24853.5,225000.0,5,1,4,1,1,0.011703,-13572.0,-180,1,1,0,1,1,0,18,3.0,2,2,1,16,0,0,0,0,0,0,24,0.7217745452581065,0.5352762504724826,0.0,0.0,0.0,0.0,-1315.0,0,1,0,0,0,0,0,0,0,0,0,0,0,0,0,0,0,0,0,0,0.0,0.0,0.0,0.0,0.0,1.0,53,34,2.9949667225919714,0.2761469317007589,2.9949667225919714
0,0,0,1,0,67500.0,183384.0,9445.5,162000.0,7,3,4,3,1,0.006852,-4318.0,-4606,1,0,0,1,0,0,18,1.0,3,3,4,12,0,0,0,0,0,0,57,0.0941404596849426,0.2091546988410069,0.0,0.0,0.0,0.0,0.0,0,0,0,0,1,0,0,0,0,0,0,0,0,0,0,0,0,0,0,0,0.0,0.0,0.0,0.0,0.0,3.0,58,0,2.7167597517073823,0.1399312602776255,2.7167597517073823
0,0,0,0,2,90000.0,269550.0,10116.0,225000.0,7,7,4,1,1,0.035792,-4595.0,-2910,1,1,0,1,1,0,14,4.0,2,2,4,10,0,0,0,0,0,0,42,0.6872808062009657,0.5352762504724826,12.0,0.0,11.0,0.0,-469.0,0,1,0,0,0,0,0,0,0,0,0,0,0,0,1,0,0,0,0,0,0.0,0.0,0.0,0.0,0.0,0.0,29,2,2.9949667225919714,0.1123987511249875,2.9949667225919714
0,1,0,0,0,45000.0,119925.0,11097.0,112500.0,6,3,4,2,1,0.014464,-9427.0,-4514,1,0,0,1,0,0,18,1.0,2,2,3,6,0,0,0,0,0,0,57,0.3475111014756095,0.5352762504724826,0.0,0.0,0.0,0.0,-427.0,0,0,0,0,1,0,0,0,0,0,0,0,0,0,0,0,0,0,0,0,0.0,0.0,0.0,0.0,0.0,1.0,57,0,2.664940779093798,0.246594520121775,2.664940779093798
1,0,1,0,0,99000.0,180000.0,9000.0,180000.0,6,7,4,1,1,0.01885,-3077.0,-2503,1,1,0,1,1,0,14,2.0,2,2,2,12,0,0,0,0,0,0,42,0.5949908675221109,0.6940926425266661,0.0,0.0,0.0,0.0,-96.0,0,1,0,0,0,0,0,0,0,0,0,0,0,0,0,0,0,0,0,0,0.0,0.0,0.0,0.0,0.0,4.0,26,7,1.8181634528944155,0.0909081726447207,1.8181634528944155
0,1,1,1,2,135000.0,177768.0,9076.5,135000.0,6,7,4,1,1,0.018801,-6335.0,-4739,1,1,0,1,0,0,14,4.0,2,2,5,12,0,0,0,0,0,0,42,0.7802576273828363,0.6127042441012546,6.0,0.0,6.0,0.0,-1713.0,0,1,0,0,0,0,0,0,0,0,0,0,0,0,0,0,0,0,0,0,0.0,0.0,1.0,0.0,0.0,2.0,35,1,1.3167902459981775,0.067232835312331,1.3167902459981775
1,1,1,1,0,180000.0,495000.0,24750.0,495000.0,6,1,1,1,1,0.02461,-2562.0,-3279,1,1,0,1,0,0,18,2.0,2,2,5,14,0,0,0,0,1,1,55,0.4202061917915048,0.7557400501752248,5.0,1.0,5.0,0.0,-1545.0,0,0,0,0,0,0,0,0,0,0,0,0,0,0,0,0,0,0,0,0,0.0,0.0,0.0,0.0,0.0,2.0,55,3,2.749984722307098,0.1374992361153549,2.749984722307098
0,0,1,1,0,675000.0,2085120.0,72607.5,1800000.0,6,7,1,0,1,0.008019,-1077.0,-2831,1,1,0,1,0,1,10,2.0,2,2,4,10,0,0,0,0,1,1,5,0.7012044743012037,0.7449321846094795,0.0,0.0,0.0,0.0,-1388.0,0,1,0,0,0,0,0,0,0,0,0,0,0,0,0,0,0,0,0,0,0.0,0.0,0.0,2.0,0.0,1.0,52,22,3.089062090278385,0.107566507308878,3.089062090278385
0,1,0,1,1,90000.0,135000.0,13482.0,135000.0,6,7,4,1,1,0.028663,-8186.0,-4595,1,1,0,1,0,0,8,3.0,2,2,1,8,0,0,0,0,0,0,5,0.6074575355605591,0.5709165417729987,3.0,0.0,3.0,0.0,0.0,0,1,0,0,0,0,0,0,0,0,0,0,0,0,0,0,0,0,0,0,0.0,0.0,0.0,1.0,0.0,2.0,38,8,1.4999833335185164,0.1497983355740491,1.4999833335185164
0,0,0,1,0,135000.0,500211.0,48861.0,463500.0,5,3,4,1,1,0.0035409999999999,-4179.0,-570,1,0,0,1,0,0,18,2.0,1,1,0,12,0,0,0,0,0,0,57,0.4587714428579229,0.5902333386185574,1.0,0.0,1.0,0.0,0.0,0,0,0,0,1,0,0,0,0,0,0,0,0,0,0,0,0,0,0,0,0.0,0.0,0.0,0.0,0.0,1.0,50,0,3.7052392204502183,0.361930652365538,3.7052392204502183
0,1,1,0,1,121500.0,207306.0,10102.5,148500.0,6,7,4,2,1,0.010643,-4466.0,-4473,1,1,0,1,0,0,8,2.0,2,2,1,15,0,0,0,0,0,0,24,0.647547481044461,0.5352762504724826,3.0,0.0,3.0,0.0,-1490.0,0,1,0,0,0,0,0,0,0,0,0,0,0,0,0,0,0,0,0,0,0.0,0.0,0.0,0.0,0.0,1.0,41,8,1.7062081793565484,0.0831474638068822,1.7062081793565484
0,0,0,0,0,225000.0,327024.0,10044.0,270000.0,6,3,4,2,1,0.0116569999999999,-159.0,-4617,1,0,0,1,0,0,18,1.0,1,1,0,13,0,0,0,0,0,0,57,0.329325879100976,0.3774042489507649,0.0,0.0,0.0,0.0,-3.0,0,0,0,0,1,0,0,0,0,0,0,0,0,0,0,0,0,0,0,0,0.0,4.0,0.0,0.0,0.0,0.0,62,0,1.4534335402953764,0.0446398016008817,1.4534335402953764
0,0,0,1,2,112500.0,562491.0,23832.0,454500.0,1,7,4,1,1,0.025164,-633.0,-2585,1,1,0,1,0,0,1,4.0,2,2,0,12,0,0,0,0,0,0,13,0.7011357453908916,0.6722428897082422,0.0,0.0,0.0,0.0,-573.0,0,1,0,0,0,0,0,0,0,0,0,0,0,0,0,0,0,0,0,0,0.0,0.0,0.0,0.0,0.0,0.0,29,8,4.999875556661719,0.2118381169945156,4.999875556661719
0,1,1,1,3,157500.0,1288350.0,37800.0,1125000.0,6,7,4,1,1,0.035792,-2910.0,-5036,1,1,0,1,0,0,4,5.0,2,2,3,15,0,0,0,0,1,1,42,0.7121547315690165,0.0926171713748545,0.0,0.0,0.0,0.0,-935.0,0,0,0,0,0,0,1,0,0,0,0,0,0,0,0,0,0,0,0,0,0.0,0.0,0.0,0.0,1.0,1.0,39,5,8.179948063821817,0.2399984762001511,8.179948063821817
0,1,0,1,0,123300.0,545040.0,26640.0,450000.0,6,3,4,1,1,0.0196889999999999,-9607.0,-4728,1,0,0,1,0,0,18,2.0,2,2,1,11,0,0,0,0,0,0,57,0.1944308003117683,0.5762088360175724,1.0,0.0,1.0,0.0,-4.0,0,0,0,0,1,0,0,0,0,0,0,0,0,0,0,0,0,0,0,0,0.0,0.0,0.0,0.0,0.0,1.0,60,0,4.420402105416826,0.2160566418763838,4.420402105416826
0,0,1,1,0,135000.0,485640.0,37710.0,450000.0,1,7,4,1,1,0.0105,-6175.0,-4105,1,1,0,1,0,0,12,2.0,3,3,4,12,0,0,0,0,0,0,43,0.588265343951069,0.5531646987710016,2.0,1.0,2.0,1.0,-1075.0,0,1,0,0,0,0,0,0,0,0,0,0,0,0,0,0,0,0,0,0,0.0,0.0,0.0,0.0,0.0,0.0,45,9,3.597306686617136,0.2793312642128577,3.597306686617136
0,0,0,1,1,153000.0,540000.0,17550.0,540000.0,1,7,1,3,1,0.00702,-7625.0,-1622,1,1,1,1,1,0,18,2.0,2,2,4,13,0,0,0,0,0,0,28,0.6267071568955447,0.8193176922872417,0.0,0.0,0.0,0.0,-1589.0,0,1,0,0,0,0,0,0,0,0,0,0,0,0,0,0,0,0,0,0,0.0,0.0,0.0,1.0,0.0,3.0,49,4,3.529388696805903,0.1147051326461918,3.529388696805903
1,0,0,1,0,108000.0,135000.0,6750.0,135000.0,6,3,4,3,1,0.026392,-6418.0,-1127,1,0,0,1,0,0,18,1.0,2,2,5,14,0,0,0,0,0,0,57,0.2366068524069659,0.3979463219016906,0.0,0.0,0.0,0.0,-452.0,0,0,0,0,0,0,0,0,0,0,0,0,0,0,0,0,0,0,0,0,0.0,0.0,0.0,0.0,0.0,1.0,55,0,1.2499884260330922,0.0624994213016546,1.2499884260330922
0,0,0,1,0,135000.0,225000.0,13765.5,225000.0,6,3,4,1,1,0.025164,-5015.0,-4214,1,0,0,1,0,0,18,2.0,2,2,1,7,0,0,0,0,0,0,57,0.6044657020340799,0.5154953751603267,2.0,0.0,2.0,0.0,-2333.0,0,1,0,0,0,0,0,0,0,0,0,0,0,0,0,0,0,0,0,0,0.0,0.0,0.0,0.0,0.0,0.0,63,0,1.6666543210791032,0.1019659113636195,1.6666543210791032
0,0,0,1,2,67500.0,558000.0,21753.0,558000.0,6,7,4,1,1,0.015221,-204.0,-2516,1,1,0,1,0,0,15,4.0,2,2,0,13,0,0,0,0,0,0,39,0.1385743139680205,0.5478104658520093,0.0,0.0,0.0,0.0,0.0,0,1,0,0,0,0,0,0,0,0,0,0,0,0,0,0,0,0,0,0,0.0,0.0,0.0,0.0,0.0,0.0,27,8,8.266544199345194,0.3222618924164086,8.266544199345194
1,0,0,1,2,103500.0,270000.0,13500.0,270000.0,6,7,4,1,1,0.0096569999999999,-388.0,-2412,1,1,0,1,0,0,8,4.0,2,2,2,13,0,0,0,0,0,0,5,0.4623788765777645,0.2707073872651806,2.0,1.0,2.0,1.0,-1059.0,0,0,0,0,0,0,0,0,0,0,0,0,0,0,0,0,0,0,0,0,0.0,0.0,0.0,0.0,0.0,0.0,36,2,2.6086704476285254,0.1304335223814262,2.6086704476285254
0,1,0,1,0,148500.0,427500.0,25960.5,427500.0,1,7,4,1,1,0.030755,-5161.0,-2239,1,1,0,1,0,0,8,2.0,2,2,4,9,0,0,0,0,1,1,24,0.5190011246230325,0.5779691187553125,0.0,0.0,0.0,0.0,-2405.0,0,1,0,0,0,0,0,0,0,0,0,0,0,0,0,0,0,0,0,0,0.0,0.0,0.0,0.0,0.0,1.0,51,13,2.87876849314146,0.1748170045992956,2.87876849314146
0,0,0,0,0,135000.0,474048.0,25843.5,360000.0,6,7,4,1,2,0.0066709999999999,-1172.0,-3658,1,1,0,1,0,0,12,2.0,2,2,1,13,0,0,0,0,0,0,43,0.6404838443007084,0.8347841592331774,0.0,0.0,0.0,0.0,-2806.0,0,1,0,0,0,0,0,0,0,0,0,0,0,0,0,0,0,0,0,0,0.0,0.0,0.0,0.0,0.0,1.0,41,1,3.5114406559951408,0.1914319153191457,3.5114406559951408
0,1,1,0,0,189000.0,669600.0,32341.5,598500.0,6,3,4,1,1,0.0196889999999999,-11084.0,-4440,1,0,0,1,0,0,18,2.0,2,2,2,10,0,0,0,0,0,0,57,0.5725137673822248,0.6496203111237195,0.0,0.0,0.0,0.0,-672.0,0,1,0,0,0,0,0,0,0,0,0,0,0,0,0,0,0,0,0,0,0.0,0.0,0.0,0.0,0.0,5.0,62,0,3.5428383976804354,0.1711181422320516,3.5428383976804354
0,0,1,1,0,112500.0,728460.0,38808.0,675000.0,6,3,4,1,1,0.01885,-4204.0,-2364,1,0,0,1,1,0,18,2.0,2,2,5,11,0,0,0,0,0,0,57,0.7060336978464163,0.7136313997323308,0.0,0.0,0.0,0.0,-2354.0,0,1,0,0,0,0,0,0,0,0,0,0,0,0,0,0,0,0,0,0,0.0,0.0,0.0,0.0,0.0,1.0,59,0,6.4751424431782825,0.3449569337161447,6.4751424431782825
0,0,0,1,2,72000.0,776304.0,25042.5,648000.0,6,7,4,1,1,0.025164,-601.0,-4264,1,1,1,1,1,0,8,4.0,2,2,4,15,0,0,0,0,0,0,4,0.4725964893113184,0.5352762504724826,0.0,0.0,0.0,0.0,-441.0,0,1,0,0,0,0,0,0,0,0,0,0,0,0,0,0,0,0,0,0,0.0,0.0,0.0,0.0,0.0,1.0,39,19,10.781850252079831,0.3478076693379258,10.781850252079831
0,0,0,1,0,135000.0,573408.0,29407.5,495000.0,6,1,4,1,1,0.0060079999999999,-275.0,-1417,1,1,0,1,0,0,8,2.0,2,2,4,14,0,0,0,0,0,0,42,0.7539886238298881,0.656158373001177,0.0,0.0,0.0,0.0,-641.0,0,1,0,0,0,0,0,0,0,0,0,0,0,0,0,0,0,0,0,0,0.0,0.0,0.0,0.0,0.0,1.0,48,3,4.247435204183673,0.2178317197650388,4.247435204183673
0,0,0,0,0,90000.0,983299.5,41661.0,904500.0,6,7,4,1,1,0.019101,-4688.0,-1082,1,1,0,1,1,0,0,2.0,2,2,6,19,0,0,0,0,0,0,5,0.6759683351734409,0.5352762504724826,2.0,1.0,2.0,1.0,-1088.0,0,1,0,0,0,0,0,0,0,0,0,0,0,0,0,0,0,0,0,0,0.0,0.0,0.0,0.0,1.0,2.0,48,4,10.925428606348818,0.4628948567238142,10.925428606348818
0,1,1,0,1,360000.0,450000.0,47749.5,450000.0,6,7,1,0,1,0.010032,-4985.0,-3345,1,1,1,1,1,0,8,3.0,2,2,2,11,0,0,0,1,1,0,5,0.5832936775204198,0.4776491548517548,0.0,0.0,0.0,0.0,-659.0,0,1,0,0,0,0,0,0,0,0,0,0,0,0,0,0,0,0,0,0,0.0,0.0,0.0,0.0,0.0,1.0,30,6,1.2499965277874228,0.1326371315635234,1.2499965277874228
0,0,0,1,2,112500.0,1546020.0,45333.0,1350000.0,1,7,4,1,5,0.035792,-901.0,-1550,1,1,0,1,0,0,14,4.0,2,2,1,14,0,0,0,0,0,0,42,0.6474975711077288,0.6674577419214722,0.0,0.0,0.0,0.0,0.0,0,1,0,0,0,0,0,0,0,0,0,0,0,0,0,0,0,0,0,0,0.0,0.0,0.0,0.0,0.0,1.0,24,4,13.742277846419142,0.4029564181651718,13.742277846419142
1,0,0,1,1,450000.0,247500.0,12375.0,247500.0,6,7,4,1,1,0.018029,-4846.0,-1043,1,1,0,1,0,0,1,3.0,3,3,0,6,0,0,0,0,0,0,55,0.2010878841373872,0.2115507642052577,1.0,0.0,1.0,0.0,-2546.0,0,0,0,0,0,0,0,0,0,0,0,0,0,0,0,0,0,0,0,0,0.0,0.0,0.0,0.0,0.0,2.0,47,10,0.5499987777804938,0.0274999388890246,0.5499987777804938
0,1,1,1,0,202500.0,1575000.0,43443.0,1575000.0,6,7,4,1,1,0.018801,-728.0,-2233,1,1,0,1,0,0,8,2.0,2,2,0,12,0,0,0,0,0,0,16,0.215581911225356,0.5937175866150576,0.0,0.0,0.0,0.0,-1431.0,0,1,0,0,0,0,0,0,0,0,0,0,0,0,0,0,0,0,0,0,0.0,0.0,0.0,0.0,0.0,0.0,51,8,7.7777393691883,0.2145322739146967,7.7777393691883
0,0,0,1,1,121500.0,601470.0,25483.5,450000.0,1,7,1,3,1,0.025164,-9211.0,-210,1,1,0,1,0,0,18,2.0,2,2,5,8,0,0,0,0,1,1,11,0.343234538198518,0.2392262794694045,0.0,0.0,0.0,0.0,-572.0,0,1,0,0,0,0,0,0,0,0,0,0,0,0,0,0,0,0,0,0,0.0,0.0,0.0,1.0,0.0,0.0,45,1,4.950329626916651,0.2097390144937078,4.950329626916651
0,0,0,0,0,117000.0,170640.0,6430.5,135000.0,6,3,4,2,1,0.01885,-620.0,-3852,1,0,0,1,0,0,18,1.0,2,2,2,12,0,0,0,0,0,0,57,0.5759942094814599,0.6212263380626669,0.0,0.0,0.0,0.0,-2128.0,0,1,0,0,0,0,0,0,0,0,0,0,0,0,0,0,0,0,0,0,0.0,0.0,0.0,0.0,0.0,0.0,64,0,1.4584490730848454,0.0549610687088144,1.4584490730848454
1,0,0,1,0,157500.0,900000.0,45000.0,900000.0,6,7,1,1,1,0.02461,-5260.0,-1724,1,1,0,1,0,0,14,2.0,2,2,1,10,0,0,0,0,0,0,5,0.6967645195090402,0.4884551844437485,0.0,0.0,0.0,0.0,-640.0,0,0,0,0,0,0,0,0,0,0,0,0,0,0,0,0,0,0,0,0,0.0,0.0,0.0,0.0,0.0,3.0,49,1,5.714249433336931,0.2857124716668465,5.714249433336931
0,0,0,1,0,135000.0,454500.0,33394.5,454500.0,1,7,4,1,1,0.015221,-9844.0,-2726,1,1,0,1,1,1,18,2.0,2,2,4,9,0,0,0,0,1,1,11,0.3976311076117196,0.1940678276718812,0.0,0.0,0.0,0.0,-777.0,0,1,0,0,0,0,0,0,0,0,0,0,0,0,0,0,0,0,0,0,0.0,0.0,0.0,0.0,0.0,2.0,52,6,3.3666417285797885,0.2473648343345605,3.3666417285797885
0,0,1,1,1,180000.0,604152.0,30978.0,540000.0,6,1,4,3,1,0.04622,-6230.0,-4310,1,1,0,1,0,1,14,2.0,1,1,5,10,0,1,1,0,0,0,4,0.6661215425865188,0.5352762504724826,0.0,0.0,0.0,0.0,-658.0,0,0,0,0,0,0,1,0,0,0,0,0,0,0,0,0,0,0,0,0,0.0,0.0,0.0,0.0,0.0,5.0,41,2,3.3563813534369253,0.1720990438942005,3.3563813534369253
0,0,0,0,0,135000.0,1113840.0,57001.5,900000.0,6,7,4,1,1,0.018801,-9379.0,-67,1,1,0,1,0,0,8,2.0,2,2,3,8,0,0,0,0,0,0,5,0.2966132687735776,0.5352762504724826,0.0,0.0,0.0,0.0,-18.0,0,1,0,0,0,0,0,0,0,0,0,0,0,0,0,0,0,0,0,0,0.0,0.0,0.0,0.0,0.0,1.0,41,9,8.250605551069992,0.42223020570218,8.250605551069992
0,1,1,1,1,292500.0,790830.0,62613.0,675000.0,6,7,3,1,1,0.010032,-6241.0,-2707,1,1,0,1,0,1,18,3.0,2,2,1,3,0,0,0,0,0,0,4,0.0820751897214955,0.3409064264152384,1.0,0.0,1.0,0.0,-161.0,0,0,0,0,0,0,1,0,0,0,0,0,0,0,0,0,0,0,0,0,0.0,0.0,0.0,0.0,0.0,4.0,32,1,2.703683064331404,0.2140608066297209,2.703683064331404
0,0,0,1,0,157500.0,251280.0,13761.0,180000.0,6,7,4,0,1,0.035792,-3198.0,-1695,1,1,0,1,0,0,0,2.0,2,2,6,17,0,0,0,0,0,0,13,0.6117561596602326,0.6397075677637197,1.0,0.0,1.0,0.0,-2348.0,0,1,0,0,0,0,0,0,0,0,0,0,0,0,0,0,0,0,0,0,0.0,0.0,0.0,0.0,1.0,2.0,49,6,1.5954184417876711,0.0873708738357216,1.5954184417876711
0,1,0,1,0,90000.0,251091.0,26640.0,238500.0,6,7,4,1,1,0.006852,-3845.0,-3849,1,1,0,1,0,0,4,2.0,3,3,4,11,0,0,0,0,0,0,29,0.3249025212160277,0.5352762504724826,3.0,0.0,3.0,0.0,-731.0,0,1,0,0,0,0,0,0,0,0,0,0,0,0,0,0,0,0,0,0,0.0,0.0,0.0,0.0,0.0,1.0,58,7,2.789869001455539,0.2959967111476539,2.789869001455539
0,0,1,0,0,180000.0,781920.0,25542.0,675000.0,6,1,1,3,5,0.035792,-4181.0,-2802,1,1,0,1,0,0,3,1.0,2,2,6,14,0,0,0,1,1,0,39,0.5843988147559858,0.3944954053123993,0.0,0.0,0.0,0.0,-1.0,0,0,0,0,0,0,1,0,0,0,0,1,0,0,0,0,0,0,0,0,0.0,0.0,0.0,0.0,0.0,0.0,28,4,4.34397586680074,0.1418992116710462,4.34397586680074
1,1,1,1,1,180000.0,270000.0,13500.0,270000.0,1,1,1,1,1,0.028663,-2650.0,-4214,1,1,0,1,0,0,10,3.0,2,2,5,11,0,0,0,0,0,0,4,0.2244332717180644,0.5989262182569273,0.0,0.0,0.0,0.0,0.0,0,0,0,0,0,0,0,0,0,0,0,0,0,0,0,0,0,0,0,0,0.0,0.0,0.0,1.0,0.0,0.0,38,17,1.4999916667129627,0.0749995833356481,1.4999916667129627
1,0,0,1,0,90000.0,270000.0,13500.0,270000.0,6,1,4,1,1,0.0145199999999999,-790.0,-1692,1,1,0,1,0,0,3,2.0,2,2,1,11,0,0,0,0,0,0,11,0.6805066343290109,0.1253078784282391,0.0,0.0,0.0,0.0,-175.0,0,0,0,0,0,0,0,0,0,0,0,0,0,0,0,0,0,0,0,0,0.0,0.0,0.0,0.0,1.0,1.0,49,7,2.999966667037033,0.1499983333518516,2.999966667037033
0,0,0,0,0,135000.0,906660.0,32566.5,675000.0,6,4,1,1,1,0.006852,-4145.0,-4502,1,1,1,1,0,0,3,2.0,3,3,6,14,0,0,0,0,0,0,11,0.1385586525175477,0.5585066276769286,0.0,0.0,0.0,0.0,-733.0,0,1,0,0,0,0,0,0,0,0,0,0,0,0,0,0,0,0,0,0,0.0,0.0,0.0,1.0,0.0,0.0,34,2,6.715950252220354,0.2412315464329893,6.715950252220354
0,1,1,0,1,135000.0,343800.0,16155.0,225000.0,6,7,4,1,5,0.035792,-812.0,-4708,1,1,0,1,0,0,8,3.0,2,2,5,9,0,0,0,0,1,1,4,0.6810768909191237,0.8016009030071296,0.0,0.0,0.0,0.0,-1487.0,0,1,0,0,0,0,0,0,0,0,0,0,0,0,0,0,0,0,0,0,0.0,0.0,0.0,0.0,0.0,2.0,40,0,2.5466478026088697,0.1196657802534796,2.5466478026088697
0,0,0,1,1,114075.0,585000.0,17221.5,585000.0,6,1,1,3,1,0.030755,-3353.0,-1286,1,1,1,1,1,0,14,2.0,2,2,6,10,0,0,0,1,1,0,47,0.2246807804962792,0.475849908720221,5.0,1.0,5.0,0.0,-273.0,0,0,0,0,0,0,0,0,0,0,0,0,0,0,0,0,0,0,0,0,0.0,0.0,0.0,0.0,0.0,3.0,23,2,5.128160173919142,0.1509651460429888,5.128160173919142
0,0,1,1,1,225000.0,675000.0,53460.0,675000.0,6,7,4,1,1,0.026392,-8118.0,-4382,1,1,0,1,0,0,10,3.0,2,2,1,10,0,0,0,0,0,0,5,0.7366854507856275,0.5316861425197883,0.0,0.0,0.0,0.0,0.0,0,1,0,0,0,0,0,0,0,0,0,0,0,0,0,0,0,0,0,0,0.0,0.0,0.0,0.0,0.0,2.0,42,5,2.999986666725926,0.2375989440046933,2.999986666725926
0,0,0,1,0,202500.0,1071000.0,34677.0,1071000.0,1,7,4,0,1,0.025164,-3518.0,-4664,1,1,0,1,0,1,0,2.0,2,2,2,11,0,0,0,0,0,0,42,0.650993377688055,0.816092360478441,11.0,0.0,11.0,0.0,-1127.0,0,1,0,0,0,0,0,0,0,0,0,0,0,0,0,0,0,0,0,0,0.0,0.0,0.0,0.0,4.0,6.0,43,8,5.288862771048044,0.1712435987970429,5.288862771048044
0,0,1,1,1,126000.0,521280.0,27423.0,450000.0,6,7,1,1,1,0.020713,-3667.0,-1134,1,1,1,1,0,0,13,3.0,3,3,4,10,0,0,0,0,0,0,42,0.2995735573709204,0.3807996826489149,1.0,1.0,1.0,0.0,-1868.0,0,1,0,0,0,0,0,0,0,0,0,0,0,0,0,0,0,0,0,0,0.0,0.0,0.0,0.0,0.0,0.0,28,3,4.137110022936326,0.2176411298323029,4.137110022936326
0,0,0,1,0,225000.0,1305909.0,43285.5,1170000.0,6,1,4,0,1,0.032561,-22928.0,-4395,1,1,0,1,0,0,8,2.0,1,1,1,12,0,0,0,0,0,0,16,0.7397871361195009,0.5762088360175724,7.0,0.0,6.0,0.0,-1068.0,0,1,0,0,0,0,0,0,0,0,0,0,0,0,0,0,0,0,0,0,0.0,0.0,0.0,0.0,0.0,1.0,62,44,5.804014204381314,0.1923791449815778,5.804014204381314
0,1,0,0,0,175500.0,888840.0,32053.5,675000.0,1,3,4,0,1,0.008575,-5687.0,-1411,1,0,0,1,0,0,18,2.0,2,2,1,16,0,0,0,0,0,0,57,0.4169438723267927,0.6178261467332483,0.0,0.0,0.0,0.0,0.0,0,1,0,0,0,0,0,0,0,0,0,0,0,0,0,0,0,0,0,0,0.0,0.0,0.0,0.0,0.0,1.0,63,0,5.064586526572498,0.1826399849573506,5.064586526572498
0,0,1,0,0,180000.0,360000.0,18378.0,360000.0,6,1,1,3,1,0.007114,-121.0,-2660,1,1,1,1,0,1,3,1.0,2,2,4,13,0,0,0,0,0,0,0,0.548347184519823,0.228883416700673,1.0,1.0,1.0,1.0,-880.0,0,1,0,0,0,0,0,0,0,0,0,0,0,0,0,0,0,0,0,0,0.0,0.0,0.0,0.0,0.0,0.0,27,3,1.999988888950617,0.1020994327809289,1.999988888950617
0,1,0,0,1,112500.0,225000.0,19246.5,225000.0,6,7,1,2,1,0.010556,-689.0,-1595,1,1,0,1,0,0,4,2.0,3,3,1,12,0,0,0,0,0,0,4,0.6294706397870851,0.4614823912998385,0.0,0.0,0.0,0.0,-698.0,0,0,0,0,0,0,1,0,0,0,0,0,0,0,0,0,0,0,0,0,0.0,0.0,0.0,0.0,0.0,3.0,41,2,1.9999822223802453,0.1710784793024062,1.9999822223802453
0,0,1,0,0,477000.0,2517300.0,69354.0,2250000.0,6,4,1,1,1,0.006629,-2483.0,-4721,1,1,0,1,0,0,10,2.0,2,2,2,10,0,0,0,0,0,0,34,0.707583510349662,0.5352762504724826,7.0,0.0,7.0,0.0,-2.0,0,1,0,0,0,0,0,0,0,0,0,0,0,0,0,0,0,0,0,0,0.0,0.0,0.0,0.0,0.0,1.0,35,13,5.277347426944598,0.1453959216018415,5.277347426944598
0,1,1,1,0,225000.0,538704.0,26046.0,481500.0,1,1,4,1,1,0.009334,-6552.0,-2849,1,1,0,1,1,0,4,2.0,2,2,4,10,0,0,0,0,0,0,54,0.6667729246303692,0.3392876999089139,1.0,0.0,1.0,0.0,-1531.0,0,0,0,0,0,0,1,0,0,0,0,0,0,0,0,0,0,0,0,0,0.0,0.0,0.0,0.0,0.0,5.0,53,2,2.3942293589806267,0.1157594855133977,2.3942293589806267
0,0,1,1,0,225000.0,500490.0,48888.0,450000.0,6,7,4,1,1,0.035792,-9867.0,-789,1,1,0,1,0,0,12,2.0,2,2,5,11,0,0,0,0,0,0,42,0.6018957720185646,0.5352762504724826,1.0,0.0,1.0,0.0,-585.0,0,1,0,0,0,0,0,0,0,0,0,0,0,0,0,0,0,0,0,0,0.0,0.0,0.0,0.0,0.0,1.0,47,3,2.224390113821716,0.217279034315403,2.224390113821716
0,1,1,1,2,180000.0,547344.0,30559.5,472500.0,6,1,4,1,1,0.072508,-8672.0,-4624,1,1,0,1,1,0,8,4.0,1,1,1,11,0,0,0,0,0,0,55,0.7213923356569986,0.6956219298394389,0.0,0.0,0.0,0.0,-1053.0,0,1,0,0,0,0,0,0,0,0,0,0,0,0,0,0,0,0,0,0,0.0,0.0,0.0,0.0,0.0,0.0,42,1,3.040783106760518,0.1697740568107955,3.040783106760518
0,0,0,1,0,225000.0,781920.0,28215.0,675000.0,1,1,4,0,1,0.003069,-5836.0,-1087,1,1,0,1,0,0,2,2.0,3,3,6,10,0,0,0,0,1,1,5,0.3471492255894252,0.7544061731797895,0.0,0.0,0.0,0.0,-769.0,0,1,0,0,0,0,0,0,0,0,0,0,0,0,0,0,0,0,0,0,0.0,0.0,0.0,0.0,1.0,4.0,48,6,3.4751845547353124,0.1253994426691436,3.4751845547353124
1,0,0,1,0,180000.0,405000.0,20250.0,405000.0,6,1,4,5,1,0.0060079999999999,-11167.0,-4089,1,1,1,1,0,0,18,1.0,2,2,2,13,0,0,0,0,1,1,20,0.7203407005696079,0.6690566947824041,0.0,0.0,0.0,0.0,-563.0,0,0,0,0,0,0,0,0,0,0,0,0,0,0,0,0,0,0,0,0,0.0,0.0,0.0,0.0,0.0,1.0,58,13,2.249987500069444,0.1124993750034722,2.249987500069444
0,0,0,0,0,135000.0,745429.5,26905.5,643500.0,1,7,4,3,1,0.00496,-4640.0,-2893,1,1,0,1,0,0,14,1.0,2,2,1,14,0,0,0,0,1,1,42,0.6453183796221642,0.3233112448967859,0.0,0.0,0.0,0.0,-340.0,0,1,0,0,0,0,0,0,0,0,0,0,0,0,0,0,0,0,0,0,0.0,0.0,0.0,0.0,0.0,0.0,29,7,5.52165909882149,0.1992985237146391,5.52165909882149
0,0,0,1,0,166500.0,760225.5,51138.0,679500.0,1,7,1,1,1,0.025164,-3294.0,-4070,1,1,0,1,0,0,3,2.0,2,2,2,14,0,0,0,0,0,0,39,0.6764949865968203,0.5316861425197883,0.0,0.0,0.0,0.0,-443.0,0,1,0,0,0,0,0,0,0,0,0,0,0,0,0,0,0,0,0,0,0.0,0.0,0.0,0.0,1.0,2.0,43,5,4.56589149614717,0.3071332904907478,4.56589149614717
0,1,1,0,0,180000.0,545040.0,25537.5,450000.0,6,1,1,1,1,0.032561,-8749.0,-860,1,1,0,1,1,0,2,2.0,1,1,6,16,0,0,0,0,0,0,4,0.5974388359695607,0.6109913280868294,0.0,0.0,0.0,0.0,-1970.0,0,0,0,0,0,0,1,0,0,0,0,0,0,0,0,0,0,0,0,0,0.0,0.0,0.0,0.0,0.0,3.0,29,2,3.027983177871234,0.1418742118099344,3.027983177871234
1,1,1,1,0,225000.0,180000.0,9000.0,180000.0,6,1,1,1,1,0.030755,-5772.0,-255,1,1,0,1,0,0,10,2.0,2,2,6,15,0,0,0,0,0,0,42,0.6100304315220022,0.2707073872651806,0.0,0.0,0.0,0.0,-205.0,0,0,0,0,0,0,0,0,0,0,0,0,0,0,0,0,0,0,0,0,0.0,0.0,0.0,0.0,0.0,0.0,39,4,0.7999964444602469,0.0399998222230123,0.7999964444602469
0,0,1,1,0,135000.0,364896.0,18760.5,315000.0,6,7,4,1,1,0.030755,-3461.0,-4426,1,1,0,1,0,0,8,2.0,2,2,2,13,0,0,0,0,0,0,4,0.5689135119434512,0.5602843280409464,4.0,0.0,4.0,0.0,-1282.0,0,1,0,0,0,0,0,0,0,0,0,0,0,0,0,0,0,0,0,0,0.0,0.0,0.0,0.0,0.0,4.0,41,1,2.7029133117532465,0.1389656372915756,2.7029133117532465
0,0,0,1,0,157500.0,269550.0,11871.0,225000.0,1,3,4,0,1,0.030755,-5009.0,-1461,1,0,0,1,0,0,18,2.0,2,2,3,10,0,0,0,0,0,0,57,0.5364613754441977,0.6801388218428291,0.0,0.0,0.0,0.0,-450.0,0,1,0,0,0,0,0,0,0,0,0,0,0,0,0,0,0,0,0,0,0.0,0.0,0.0,0.0,0.0,2.0,60,0,1.7114177052844108,0.0753709500257141,1.7114177052844108
0,1,0,1,1,157500.0,225000.0,15165.0,225000.0,6,1,2,1,1,0.016612,-2665.0,-4060,1,1,0,1,0,0,14,3.0,2,2,6,10,0,0,0,0,0,0,5,0.4270190171609759,0.6528965519806539,0.0,0.0,0.0,0.0,-2615.0,0,0,0,0,0,0,1,0,0,0,0,0,0,0,0,0,0,0,0,0,0.0,0.0,0.0,0.0,0.0,0.0,36,2,1.4285623583342328,0.0962851029517272,1.4285623583342328
0,0,0,0,0,180000.0,2139705.0,58837.5,1912500.0,6,1,4,1,1,0.02461,-10668.0,-4189,1,1,1,1,0,0,1,2.0,2,2,0,9,0,0,0,0,0,0,5,0.6818221584920346,0.221335206354466,0.0,0.0,0.0,0.0,-2.0,0,1,0,0,0,0,0,0,0,0,0,0,0,0,0,0,0,0,0,0,0.0,0.0,0.0,0.0,0.0,0.0,56,6,11.88718396008911,0.3268731840378664,11.88718396008911
0,0,0,0,2,94500.0,675000.0,37692.0,675000.0,1,1,4,1,1,0.035792,-5788.0,-2703,1,1,0,1,1,0,3,4.0,2,2,5,14,0,0,0,0,0,0,4,0.694699936021273,0.7380196196295241,0.0,0.0,0.0,0.0,-1940.0,0,1,0,0,0,0,0,0,0,0,0,0,0,0,0,0,0,0,0,0,0.0,0.0,0.0,0.0,0.0,0.0,38,6,7.142781557867113,0.3988529221912996,7.142781557867113
0,0,0,1,0,225000.0,1506816.0,47443.5,1350000.0,6,1,3,1,1,0.04622,-3887.0,-3183,1,1,0,1,0,0,2,2.0,1,1,3,17,0,0,0,0,1,1,5,0.4466195790923816,0.5352762504724826,1.0,0.0,1.0,0.0,-628.0,0,1,0,0,0,0,0,0,0,0,0,0,0,0,0,0,0,0,0,0,0.0,0.0,0.0,0.0,0.0,3.0,53,12,6.696930235865619,0.2108590628486095,6.696930235865619
0,1,0,0,0,270000.0,316125.0,20709.0,261000.0,6,1,4,3,1,0.002042,-6177.0,-3110,1,1,0,1,0,0,8,1.0,3,3,2,13,0,0,0,0,0,0,14,0.5438319871891587,0.190705947811054,2.0,1.0,2.0,0.0,-1109.0,0,1,0,0,0,0,0,0,0,0,0,0,0,0,0,0,0,0,0,0,0.0,0.0,0.0,0.0,0.0,7.0,44,3,1.170828996929641,0.076699715926978,1.170828996929641
1,1,0,1,0,202500.0,270000.0,13500.0,270000.0,6,1,4,0,1,0.04622,-8077.0,-1461,1,1,0,1,0,0,8,2.0,1,1,6,10,0,0,0,0,1,1,3,0.7581947060794499,0.5352762504724826,0.0,0.0,0.0,0.0,-260.0,0,0,0,0,0,0,0,0,0,0,0,0,0,0,0,0,0,0,0,0,0.0,0.0,0.0,0.0,0.0,1.0,50,1,1.3333267490037086,0.0666663374501854,1.3333267490037086
0,1,1,0,1,135000.0,720000.0,21960.0,720000.0,6,1,4,1,1,0.018209,-1573.0,-4987,1,1,1,1,0,0,8,3.0,3,3,0,8,0,0,0,0,0,0,5,0.4922613773785294,0.5352762504724826,7.0,0.0,7.0,0.0,-687.0,0,1,0,0,0,0,0,0,0,0,0,0,0,0,0,0,0,0,0,0,0.0,0.0,0.0,0.0,0.0,0.0,35,0,5.33329382745313,0.1626654617373204,5.33329382745313
0,0,1,1,0,112500.0,450000.0,21109.5,450000.0,6,7,4,1,1,0.026392,-5639.0,-2978,1,1,1,1,0,0,6,2.0,2,2,1,18,0,0,0,0,0,0,42,0.5822568503659155,0.2650494299443805,8.0,1.0,8.0,0.0,-1490.0,0,1,0,0,0,0,0,0,0,0,0,0,0,0,0,0,0,0,0,0,0.0,0.0,0.0,1.0,0.0,1.0,32,3,3.999964444760491,0.1876383321037146,3.999964444760491
0,1,1,0,1,405000.0,545040.0,36553.5,450000.0,6,7,3,1,1,0.035792,-5388.0,-4738,1,1,0,1,0,0,4,3.0,2,2,1,11,0,0,0,0,1,1,42,0.6885343078990122,0.3606125659189888,0.0,0.0,0.0,0.0,-2328.0,0,1,0,0,0,0,0,0,0,0,0,0,0,0,0,0,0,0,0,0,0.0,0.0,0.0,0.0,0.0,0.0,35,7,1.3457744548778892,0.0902553327028822,1.3457744548778892
0,0,0,1,2,90000.0,808650.0,26217.0,675000.0,0,7,4,1,1,0.005084,-860.0,-390,1,1,0,1,0,0,11,4.0,2,2,1,12,0,0,0,0,0,0,33,0.5941316361946593,0.1841161559307151,0.0,0.0,0.0,0.0,-1097.0,0,1,0,0,0,0,0,0,0,0,0,0,0,0,0,0,0,0,0,0,0.0,0.0,0.0,0.0,0.0,0.0,33,1,8.984900167775914,0.2912967633692959,8.984900167775914
0,0,0,1,0,180000.0,829584.0,29925.0,630000.0,6,3,3,0,1,0.020713,-7007.0,-3995,1,0,0,1,0,0,18,2.0,3,3,5,8,0,0,0,1,0,0,57,0.2789184537326021,0.5478104658520093,0.0,0.0,0.0,0.0,-12.0,0,0,0,0,1,0,0,0,0,0,0,0,0,0,0,0,0,0,0,0,0.0,0.0,0.0,0.0,0.0,0.0,60,0,4.608774395697802,0.16624907639402,4.608774395697802
0,0,0,0,0,67500.0,408780.0,12964.5,337500.0,6,7,4,1,1,0.011703,-7805.0,-1038,1,1,0,1,0,0,1,2.0,2,2,4,13,0,0,0,0,0,0,5,0.5660581150801257,0.3046721837533529,1.0,0.0,1.0,0.0,-279.0,0,1,0,0,0,0,0,0,0,0,0,0,0,0,0,0,0,0,0,0,0.0,0.0,0.0,0.0,0.0,2.0,48,3,6.055910282810625,0.1920638212767218,6.055910282810625
0,0,0,1,0,90000.0,755190.0,30078.0,675000.0,6,3,4,1,1,0.01885,-11830.0,-5008,1,0,0,1,0,1,18,2.0,2,2,4,10,0,0,0,0,0,0,57,0.5913285707252195,0.5352762504724826,0.0,0.0,0.0,0.0,-611.0,0,0,0,0,1,0,0,0,0,0,0,0,0,0,0,0,0,0,0,0,0.0,0.0,0.0,0.0,0.0,1.0,60,0,8.390906767702582,0.3341962867079254,8.390906767702582
1,1,0,1,1,90000.0,270000.0,13500.0,270000.0,6,1,1,1,3,0.010147,-5720.0,-3832,1,1,1,1,1,0,6,3.0,2,2,0,12,0,1,1,0,1,1,40,0.2622583692422573,0.5352762504724826,4.0,0.0,4.0,0.0,-2087.0,0,0,0,0,0,0,0,0,0,0,0,0,0,0,0,0,0,0,0,0,0.0,0.0,0.0,0.0,0.0,0.0,37,1,2.999966667037033,0.1499983333518516,2.999966667037033
0,0,0,1,0,225000.0,1528200.0,53118.0,1350000.0,6,7,1,0,1,0.0035409999999999,-8854.0,-1528,1,1,0,1,1,0,12,2.0,1,1,0,10,0,0,0,0,0,0,43,0.7503812562628444,0.2837118826350007,0.0,0.0,0.0,0.0,-1949.0,0,1,0,0,0,0,0,0,0,0,0,0,0,0,0,0,0,0,0,0,0.0,0.0,0.0,1.0,0.0,0.0,49,2,6.791969813467496,0.2360789507602188,6.791969813467496
0,0,1,1,0,202500.0,312840.0,8964.0,247500.0,6,7,1,1,1,0.010643,-4228.0,-2519,1,1,0,1,0,0,18,2.0,2,2,4,13,0,0,0,0,0,0,33,0.6283172279492623,0.4884551844437485,0.0,0.0,0.0,0.0,-2.0,0,1,0,0,0,0,0,0,0,0,0,0,0,0,0,0,0,0,0,0,0.0,0.0,0.0,0.0,0.0,0.0,35,0,1.5448812598456303,0.0442664480669231,1.5448812598456303
0,0,0,1,1,157500.0,427500.0,29047.5,427500.0,6,7,1,3,1,0.018209,-2448.0,-4163,1,1,0,1,0,0,3,2.0,3,3,3,10,0,0,0,0,0,0,56,0.5175707146956071,0.5602843280409464,3.0,0.0,3.0,0.0,-2187.0,0,1,0,0,0,0,0,0,0,0,0,0,0,0,0,0,0,0,0,0,0.0,0.0,0.0,0.0,0.0,1.0,31,9,2.714268480835042,0.1844274004609494,2.714268480835042
0,0,1,1,0,225000.0,781920.0,47965.5,675000.0,1,7,4,1,1,0.0031219999999999,-2135.0,-5485,1,1,0,1,0,0,12,2.0,3,3,5,17,0,0,0,0,0,0,30,0.5663427813009567,0.5478104658520093,2.0,0.0,2.0,0.0,-820.0,0,1,0,0,0,0,0,0,0,0,0,0,0,0,0,0,0,0,0,0,0.0,0.0,0.0,0.0,2.0,5.0,38,7,3.4751845547353124,0.2131790525375442,3.4751845547353124
0,1,1,1,2,405000.0,900000.0,46084.5,900000.0,6,7,1,1,1,0.0145199999999999,-1486.0,-4156,1,1,0,1,0,1,10,4.0,2,2,1,11,0,0,0,0,0,0,3,0.5201637867199876,0.1519345490496476,1.0,0.0,1.0,0.0,-642.0,0,1,0,0,0,0,0,0,0,0,0,0,0,0,0,0,0,0,0,0,0.0,0.0,0.0,0.0,0.0,1.0,41,2,2.2222167352673203,0.1137886079293631,2.2222167352673203
0,1,1,1,1,270000.0,1312110.0,55723.5,1125000.0,6,7,4,1,1,0.020713,-1571.0,-2711,1,1,0,1,0,0,8,3.0,3,1,0,9,0,0,0,0,0,0,26,0.1869065179259582,0.4101025731788671,2.0,0.0,2.0,0.0,-1526.0,0,1,0,0,0,0,0,0,0,0,0,0,0,0,0,0,0,0,0,0,0.0,0.0,0.0,0.0,0.0,3.0,39,7,4.859648667967896,0.2063825689534483,4.859648667967896
0,0,1,1,2,180000.0,1270746.0,42124.5,1138500.0,6,7,1,1,1,0.030755,-5404.0,-4046,1,1,0,1,1,0,18,4.0,2,2,0,13,0,0,0,0,0,0,42,0.5975124636593346,0.4223696523543468,2.0,0.0,2.0,0.0,-875.0,0,1,0,0,0,0,0,0,0,0,0,0,0,0,0,0,0,0,0,0,0.0,0.0,0.0,3.0,0.0,0.0,36,4,7.059660779662336,0.234023699868334,7.059660779662336
0,1,1,1,0,4500000.0,1755000.0,61132.5,1755000.0,6,7,1,1,1,0.010032,-9447.0,-2315,1,1,1,1,0,0,10,2.0,2,2,2,2,0,0,0,0,0,0,42,0.4073862801523016,0.3457848024695955,3.0,0.0,3.0,0.0,-284.0,0,1,0,0,0,0,0,0,0,0,0,0,0,0,0,0,0,0,0,0,0.0,0.0,1.0,0.0,0.0,0.0,51,9,0.3899999133333526,0.0135849969811117,0.3899999133333526
0,0,1,0,0,184500.0,675000.0,32602.5,675000.0,6,7,1,1,1,0.035792,-4172.0,-3598,1,1,1,1,1,0,14,2.0,2,2,4,15,0,0,0,0,0,0,42,0.5250902433647509,0.5154953751603267,4.0,0.0,4.0,0.0,-817.0,0,1,0,0,0,0,0,0,0,0,0,0,0,0,0,0,0,0,0,0,0.0,0.0,0.0,0.0,0.0,4.0,57,12,3.658516756006743,0.1767063593151256,3.658516756006743
0,0,0,1,0,135000.0,640080.0,31261.5,450000.0,6,7,1,0,1,0.00963,-38.0,-3096,1,1,0,1,1,0,18,2.0,2,2,4,15,0,0,0,0,1,1,5,0.5605605828513152,0.7490217048463391,0.0,0.0,0.0,0.0,-452.0,0,1,0,0,0,0,0,0,0,0,0,0,0,0,0,0,0,0,0,0,0.0,0.0,0.0,0.0,1.0,2.0,53,1,4.741298212605833,0.2315649513707305,4.741298212605833
0,1,0,1,0,270000.0,254700.0,20119.5,225000.0,5,1,2,0,1,0.072508,-4129.0,-2218,1,1,0,1,0,1,14,2.0,1,1,1,10,0,0,0,0,0,0,5,0.3768843433535922,0.3185955240537633,0.0,0.0,0.0,0.0,0.0,0,0,0,1,0,0,0,0,0,0,0,0,0,0,0,0,0,0,0,0,0.0,0.0,0.0,1.0,2.0,1.0,27,3,0.9433298395191128,0.0745163906800345,0.9433298395191128
0,0,0,1,0,333000.0,900000.0,29034.0,900000.0,6,7,1,2,1,0.030755,-1051.0,-2477,1,1,0,1,1,0,0,1.0,2,2,4,9,0,0,0,0,0,0,31,0.5748348817210839,0.5370699579791587,0.0,0.0,0.0,0.0,-552.0,0,0,0,0,0,0,1,0,0,0,0,0,0,0,0,0,0,0,0,0,0.0,0.0,0.0,2.0,0.0,1.0,30,7,2.7026945865027434,0.0871889273605785,2.7026945865027434
0,0,0,1,2,220500.0,900000.0,39775.5,900000.0,1,7,4,1,1,0.028663,-385.0,-2471,1,1,0,1,0,0,8,4.0,2,2,1,11,0,0,0,0,1,1,5,0.1108926759404369,0.1351060157401717,0.0,0.0,0.0,0.0,0.0,0,1,0,0,0,0,0,0,0,0,0,0,0,0,0,0,0,0,0,0,0.0,0.0,0.0,0.0,1.0,4.0,27,8,4.0816141423394905,0.1803869370206937,4.0816141423394905
0,0,0,1,0,103500.0,547344.0,24237.0,472500.0,6,3,2,1,1,0.04622,-8928.0,-4573,1,0,0,1,1,0,18,2.0,1,1,0,9,0,0,0,0,0,0,57,0.7344055076440443,0.6397075677637197,0.0,0.0,0.0,0.0,-1214.0,0,0,0,0,1,0,0,0,0,0,0,0,0,0,0,0,0,0,0,0,0.0,0.0,0.0,0.0,0.0,3.0,60,0,5.288296731432546,0.2341716505154539,5.288296731432546
0,0,1,1,1,135000.0,481176.0,24696.0,360000.0,6,7,4,1,2,0.018801,-5304.0,-2549,1,1,0,1,0,0,14,3.0,2,2,6,12,0,0,0,1,1,0,42,0.5563277312797889,0.5352762504724826,0.0,0.0,0.0,0.0,-662.0,0,1,0,0,0,0,0,0,0,0,0,0,0,0,0,0,0,0,0,0,0.0,0.0,0.0,0.0,0.0,1.0,31,2,3.564240264886927,0.1829319782816423,3.564240264886927
1,0,0,1,1,108000.0,225000.0,11250.0,225000.0,6,7,4,1,1,0.008625,-8037.0,-4463,1,1,0,1,0,0,8,3.0,2,2,2,16,0,0,0,0,0,0,16,0.6794407101987575,0.746300213050371,0.0,0.0,0.0,0.0,0.0,0,0,0,0,0,0,0,0,0,0,0,0,0,0,0,0,0,0,0,0,0.0,0.0,1.0,0.0,0.0,0.0,41,7,2.083314043388487,0.1041657021694243,2.083314043388487
0,0,1,1,0,126000.0,675000.0,19737.0,675000.0,6,7,4,1,1,0.035792,-2951.0,-2671,1,1,0,1,1,0,0,2.0,2,2,2,14,0,0,0,0,0,0,30,0.0843387235578996,0.7001838506835805,14.0,2.0,14.0,0.0,-24.0,0,1,0,0,0,0,0,0,0,0,0,0,0,0,0,0,0,0,0,0,0.0,0.0,0.0,0.0,2.0,1.0,52,2,5.3571003404734885,0.1566416139554448,5.3571003404734885
0,0,0,1,0,112500.0,265500.0,17095.5,265500.0,1,3,4,1,1,0.018209,-9608.0,-3648,1,0,0,1,0,0,18,2.0,3,3,5,8,0,0,0,0,0,0,57,0.5053373708887999,0.4471785780453068,0.0,0.0,0.0,0.0,-259.0,0,1,0,0,0,0,0,0,0,0,0,0,0,0,0,0,0,0,0,0,0.0,0.0,0.0,0.0,0.0,1.0,56,0,2.3599790224086896,0.151958649256451,2.3599790224086896
0,0,0,1,0,76500.0,1293502.5,35698.5,1129500.0,6,7,4,1,1,0.003813,-70.0,-2164,1,1,1,1,1,0,1,2.0,2,2,6,7,0,0,0,0,0,0,33,0.540906497908818,0.5424451438613613,4.0,0.0,4.0,0.0,-421.0,0,1,0,0,0,0,0,0,0,0,0,0,0,0,0,0,0,0,0,0,0.0,0.0,0.0,0.0,0.0,1.0,51,4,16.908308388125647,0.4666409589417132,16.908308388125647
0,0,1,1,1,90000.0,521280.0,31500.0,450000.0,6,7,4,1,1,0.00712,-1952.0,-3022,1,1,0,1,0,0,14,3.0,2,2,5,11,0,0,0,1,0,1,42,0.1923160541736026,0.266456808245056,1.0,0.0,1.0,0.0,-1606.0,0,1,0,0,0,0,0,0,0,0,0,0,0,0,0,0,0,0,0,0,0.0,0.0,0.0,0.0,1.0,1.0,28,0,5.791935645159498,0.3499961111543205,5.791935645159498
0,0,0,1,1,67500.0,163008.0,13009.5,144000.0,5,7,4,1,1,0.00496,-8733.0,-4332,1,1,1,1,1,0,14,3.0,2,2,5,9,0,0,0,0,0,0,45,0.7289015068383269,0.4400578303966329,0.0,0.0,0.0,0.0,-547.0,0,1,0,0,0,0,0,0,0,0,0,0,0,0,0,0,0,0,0,0,0.0,0.0,0.0,0.0,0.0,3.0,42,3,2.4148975570732287,0.1927304780669916,2.4148975570732287
0,0,0,1,1,135000.0,545040.0,25537.5,450000.0,6,1,4,1,1,0.014464,-4364.0,-1421,1,1,0,1,0,0,8,3.0,2,2,0,6,0,0,0,0,0,0,5,0.274067238591644,0.4223696523543468,0.0,0.0,0.0,0.0,-501.0,0,1,0,0,0,0,0,0,0,0,0,0,0,0,0,0,0,0,0,0,0.0,0.0,0.0,0.0,0.0,4.0,42,1,4.037303427382019,0.1891652654424782,4.037303427382019
0,1,1,1,0,157500.0,497520.0,32521.5,450000.0,6,7,4,1,1,0.022625,-4216.0,-2246,1,1,1,1,1,0,8,2.0,2,2,0,12,0,0,0,0,0,0,5,0.2778422032741993,0.3842068130556564,4.0,0.0,2.0,0.0,-302.0,0,1,0,0,0,0,0,0,0,0,0,0,0,0,0,0,0,0,0,0,0.0,0.0,0.0,0.0,0.0,3.0,26,0,3.1588370867486555,0.20648440327363,3.1588370867486555
0,0,1,1,2,112500.0,272520.0,21528.0,225000.0,6,7,4,1,1,0.020713,-1809.0,-3955,1,1,1,1,1,0,2,4.0,3,3,1,7,0,0,0,0,0,0,39,0.3193540261437645,0.1082263226697141,2.0,0.0,2.0,0.0,-2042.0,0,1,0,0,0,0,0,0,0,0,0,0,0,0,0,0,0,0,0,0,0.0,0.0,0.0,1.0,0.0,3.0,32,4,2.4223784677469533,0.1913582990373419,2.4223784677469533
0,0,0,0,0,225000.0,1800000.0,49500.0,1800000.0,6,7,1,1,1,0.025164,-969.0,-3726,1,1,0,1,1,0,11,2.0,2,2,1,10,0,0,0,0,0,0,11,0.61338056446591,0.7076993447402619,0.0,0.0,0.0,0.0,-808.0,0,1,0,0,0,0,0,0,0,0,0,0,0,0,0,0,0,0,0,0,0.0,0.0,0.0,0.0,0.0,2.0,37,3,7.999964444602468,0.2199990222265679,7.999964444602468
0,0,0,1,0,60300.0,440784.0,27094.5,360000.0,6,3,4,1,1,0.002134,-8938.0,-4871,1,0,0,1,0,0,18,2.0,3,3,1,6,0,0,0,0,0,0,57,0.5683342090837129,0.6161216908872079,4.0,0.0,4.0,0.0,-221.0,0,0,0,0,1,0,0,0,0,0,0,0,0,0,0,0,0,0,0,0,0.0,0.0,0.0,0.0,0.0,5.0,58,0,7.309729523556824,0.4493209067842987,7.309729523556824
0,0,0,1,1,207000.0,540000.0,14242.5,540000.0,6,4,4,1,1,0.028663,-4295.0,-4297,1,1,0,1,0,0,3,3.0,2,2,1,11,0,0,0,0,1,1,30,0.4759388076395944,0.1500851762342935,0.0,0.0,0.0,0.0,-490.0,0,1,0,0,0,0,0,0,0,0,0,0,0,0,0,0,0,0,0,0,0.0,0.0,0.0,0.0,0.0,1.0,39,0,2.608683049840339,0.0688040154395389,2.608683049840339
0,1,1,0,0,157500.0,545040.0,25537.5,450000.0,6,1,1,1,1,0.00496,-5979.0,-4352,1,1,0,1,0,0,10,2.0,2,2,6,15,0,0,0,0,0,0,5,0.5589708924695069,0.4241303111942548,0.0,0.0,0.0,0.0,-604.0,0,1,0,0,0,0,0,0,0,0,0,0,0,0,0,0,0,0,0,0,0.0,0.0,0.0,0.0,0.0,0.0,32,3,3.4605494568288457,0.1621418276709354,3.4605494568288457
0,0,0,0,0,67500.0,305221.5,14359.5,252000.0,6,7,4,5,5,0.031329,-347.0,-1705,1,1,0,1,0,0,8,1.0,2,2,5,14,0,0,0,1,1,0,20,0.5321846707723369,0.2020866016820394,1.0,1.0,1.0,1.0,-1515.0,0,1,0,0,0,0,0,0,0,0,0,0,0,0,0,0,0,0,0,0,0.0,0.0,0.0,0.0,0.0,2.0,50,4,4.5217330113627945,0.2127301817750848,4.5217330113627945
1,0,0,1,1,90000.0,270000.0,13500.0,270000.0,6,1,4,2,1,0.008068,-7174.0,-1453,1,1,0,1,0,0,6,2.0,3,3,5,11,0,0,0,0,0,0,55,0.1356713719866222,0.7503751495159068,0.0,0.0,0.0,0.0,0.0,0,0,0,0,0,0,0,0,0,0,0,0,0,0,0,0,0,0,0,0,0.0,0.0,0.0,0.0,1.0,0.0,42,1,2.999966667037033,0.1499983333518516,2.999966667037033
0,0,1,0,0,225000.0,1125000.0,33021.0,1125000.0,1,7,1,2,1,0.028663,-1368.0,-4392,1,1,0,1,0,0,10,1.0,2,2,0,12,0,0,0,0,0,0,34,0.5743965796434499,0.5190973382084597,1.0,0.0,1.0,0.0,0.0,0,0,0,0,0,0,1,0,0,0,0,0,0,0,0,0,0,0,0,0,0.0,0.0,0.0,1.0,0.0,0.0,42,0,4.999977777876543,0.1467593477362322,4.999977777876543
0,0,0,1,0,45000.0,354276.0,12852.0,292500.0,1,1,4,5,1,0.031329,-12589.0,-3493,1,1,0,1,0,0,14,1.0,2,2,4,10,0,0,0,1,1,0,51,0.5172594796878771,0.5352762504724826,0.0,0.0,0.0,0.0,-3.0,0,1,0,0,0,0,0,0,0,0,0,0,0,0,0,0,0,0,0,0,0.0,0.0,1.0,0.0,0.0,2.0,54,1,7.872625052776605,0.2855936534743672,7.872625052776605
1,0,0,1,1,135000.0,270000.0,13500.0,270000.0,6,7,4,1,2,0.032561,-3636.0,-3167,1,1,0,1,0,0,6,3.0,1,1,4,14,0,0,0,0,0,0,5,0.5635318300352679,0.6263042766749393,0.0,0.0,0.0,0.0,-853.0,0,0,0,0,0,0,0,0,0,0,0,0,0,0,0,0,0,0,0,0,0.0,0.0,0.0,1.0,0.0,1.0,38,1,1.999985185294924,0.0999992592647461,1.999985185294924
0,1,1,1,0,180000.0,1006920.0,45630.0,900000.0,6,7,4,0,1,0.0088659999999999,-11486.0,-3037,1,1,1,1,0,0,18,2.0,2,2,3,10,0,0,0,0,1,1,42,0.6829170073572459,0.6956219298394389,2.0,0.0,2.0,0.0,-528.0,0,1,0,0,0,0,0,0,0,0,0,0,0,0,0,0,0,0,0,0,0.0,0.0,0.0,0.0,0.0,1.0,53,3,5.593968922394875,0.2534985916744907,5.593968922394875
0,0,0,1,2,180000.0,1078200.0,31653.0,900000.0,6,7,1,1,4,0.018801,-986.0,-3091,1,1,0,1,0,0,14,4.0,2,2,1,7,0,0,0,0,0,0,42,0.155562269038425,0.6940926425266661,4.0,0.0,4.0,0.0,-538.0,0,1,0,0,0,0,0,0,0,0,0,0,0,0,0,0,0,0,0,0,0.0,0.0,0.0,0.0,0.0,0.0,35,2,5.989966722407098,0.175849023060983,5.989966722407098
0,1,1,1,0,186480.0,225000.0,9162.0,225000.0,6,1,1,1,1,0.0084739999999999,-4076.0,-2065,1,1,1,1,0,0,14,2.0,2,2,4,9,1,1,0,1,1,1,46,0.4752025386728375,0.3740208032583212,0.0,0.0,0.0,0.0,-617.0,0,0,0,0,0,0,0,0,0,0,0,0,0,0,0,0,0,0,0,0,0.0,0.0,0.0,1.0,1.0,4.0,25,4,1.2065572363940562,0.0491310106659659,1.2065572363940562
0,0,1,0,1,315000.0,592560.0,35937.0,450000.0,6,7,4,1,1,0.007114,-7321.0,-4306,1,1,0,1,1,0,14,3.0,2,2,6,10,0,0,0,0,0,0,5,0.5652092295106195,0.5424451438613613,1.0,0.0,1.0,0.0,-16.0,0,1,0,0,0,0,0,0,0,0,0,0,0,0,0,0,0,0,0,0,0.0,0.0,0.0,0.0,0.0,1.0,41,14,1.8811368852797288,0.1140853521099933,1.8811368852797288
0,1,1,0,1,180000.0,900000.0,48825.0,900000.0,6,7,4,1,1,0.035792,-7615.0,-4772,1,1,0,1,0,0,4,3.0,2,2,1,10,0,0,0,1,1,0,54,0.6370729444329256,0.7583930617144343,1.0,1.0,1.0,0.0,-2975.0,0,0,0,0,0,0,1,0,0,0,0,0,0,0,0,0,0,0,0,0,0.0,0.0,0.0,1.0,0.0,2.0,40,1,4.999972222376543,0.2712484930639274,4.999972222376543
0,0,0,1,1,292500.0,1004913.0,64354.5,877500.0,1,4,1,1,1,0.003069,-1603.0,-3770,1,1,0,1,1,0,18,3.0,3,3,5,10,0,0,0,0,0,0,31,0.5718660623198637,0.7435593141311444,0.0,0.0,0.0,0.0,-547.0,0,1,0,0,0,0,0,0,0,0,0,0,0,0,0,0,0,0,0,0,0.0,0.0,0.0,0.0,0.0,4.0,35,11,3.4355882543991303,0.220014632428607,3.4355882543991303
0,1,1,0,1,157500.0,314055.0,17167.5,238500.0,6,7,4,0,1,0.031329,-9541.0,-789,1,1,0,1,0,0,4,3.0,2,2,5,9,0,0,0,0,0,0,5,0.6899675146036884,0.2366108235287817,2.0,0.0,2.0,0.0,-2888.0,0,1,0,0,0,0,0,0,0,0,0,0,0,0,0,0,0,0,0,0,0.0,0.0,0.0,1.0,0.0,1.0,47,3,1.9939873397629224,0.1089993079409019,1.9939873397629224
0,0,0,1,0,112500.0,563269.5,21231.0,396000.0,6,7,4,1,1,0.0096569999999999,-8279.0,-287,1,1,1,1,0,0,14,2.0,2,2,1,15,0,0,0,0,0,0,42,0.525864526808013,0.0005272652387098,0.0,0.0,0.0,0.0,-1721.0,0,1,0,0,0,0,0,0,0,0,0,0,0,0,0,0,0,0,0,0,0.0,0.0,0.0,2.0,0.0,1.0,45,7,5.006795495151154,0.1887183225037999,5.006795495151154
0,1,0,0,0,315000.0,1546020.0,45333.0,1350000.0,6,7,1,2,1,0.00823,-3366.0,-3110,1,1,0,1,1,1,18,1.0,2,2,1,14,0,0,0,0,0,0,5,0.6177274481271203,0.7700870700124128,0.0,0.0,0.0,0.0,-1867.0,0,0,0,0,0,0,1,0,0,0,0,0,0,0,0,0,0,0,0,0,0.0,0.0,0.0,1.0,1.0,1.0,35,7,4.907984419097082,0.1439138288449878,4.907984419097082
0,0,0,0,0,112500.0,545040.0,26509.5,450000.0,6,7,4,1,1,0.02461,-4555.0,-4555,1,1,1,1,0,0,14,2.0,2,2,6,14,0,0,0,0,1,1,42,0.7228272443520909,0.3092753558842053,3.0,1.0,3.0,0.0,-875.0,0,1,0,0,0,0,0,0,0,0,0,0,0,0,0,0,0,0,0,0,0.0,0.0,0.0,0.0,0.0,2.0,41,0,4.844756935493907,0.2356379054408405,4.844756935493907
0,1,0,1,0,159300.0,296505.0,23904.0,247500.0,6,1,4,1,1,0.0228,-7343.0,-1863,1,1,0,1,0,0,4,2.0,2,2,6,8,0,0,0,1,0,1,33,0.545355963953732,0.7394117535524816,0.0,0.0,0.0,0.0,0.0,0,1,0,0,0,0,0,0,0,0,0,0,0,0,0,0,0,0,0,0,0.0,0.0,0.0,0.0,2.0,2.0,50,1,1.8612877508615768,0.1500555552068097,1.8612877508615768
0,0,0,1,1,90000.0,1125000.0,36423.0,1125000.0,6,7,1,1,1,0.028663,-2353.0,-2178,1,1,0,1,1,0,18,3.0,2,2,5,11,0,0,0,0,1,1,4,0.6230678397348887,0.5656079814115492,0.0,0.0,0.0,0.0,-653.0,0,0,0,1,0,0,0,0,0,0,0,0,0,0,0,0,0,0,0,0,0.0,0.0,0.0,0.0,0.0,1.0,27,8,12.499861112654305,0.4046955033832957,12.499861112654305
0,1,1,1,0,247500.0,352044.0,16542.0,247500.0,4,4,4,3,1,0.010006,-3396.0,-2238,1,1,0,1,0,0,8,1.0,2,2,2,14,0,1,1,0,1,1,26,0.514900227770726,0.5352762504724826,8.0,3.0,8.0,3.0,-1127.0,0,1,0,0,0,0,0,0,0,0,0,0,0,0,0,0,0,0,0,0,0.0,0.0,0.0,0.0,0.0,1.0,27,6,1.422394252952513,0.066836093591541,1.422394252952513
0,0,1,1,0,202500.0,1027327.5,43524.0,945000.0,6,3,1,1,2,0.020246,-14977.0,-4481,1,0,0,1,1,0,18,2.0,3,3,4,5,0,0,0,0,0,0,57,0.6666320077805453,0.5352762504724826,0.0,0.0,0.0,0.0,-768.0,0,1,0,0,0,0,0,0,0,0,0,0,0,0,0,0,0,0,0,0,0.0,0.0,0.0,0.0,0.0,1.0,65,0,5.073197169396694,0.2149322719393978,5.073197169396694
0,1,0,0,1,180000.0,675000.0,65758.5,675000.0,6,7,4,1,1,0.026392,-7845.0,-4415,1,1,0,1,0,0,18,3.0,2,2,3,19,0,0,0,0,0,0,42,0.6912290873031319,0.3927738606031339,0.0,0.0,0.0,0.0,-1424.0,0,1,0,0,0,0,0,0,0,0,0,0,0,0,0,0,0,0,0,0,0.0,0.0,0.0,0.0,0.0,3.0,41,5,3.749979166782407,0.365322970427942,3.749979166782407
0,0,0,1,0,112500.0,170640.0,11403.0,135000.0,6,7,1,1,1,0.00823,-11411.0,-3449,1,1,0,1,1,0,3,2.0,2,2,6,11,0,0,0,0,1,1,42,0.6521253039423502,0.5352762504724826,0.0,0.0,0.0,0.0,-815.0,0,1,0,0,0,0,0,0,0,0,0,0,0,0,0,0,0,0,0,0,0.0,0.0,0.0,0.0,0.0,1.0,54,5,1.5167865174531785,0.1013590990302308,1.5167865174531785
0,0,1,1,1,112500.0,450000.0,27324.0,450000.0,6,7,4,1,1,0.0145199999999999,-6433.0,-4276,1,1,0,1,0,0,14,3.0,2,2,4,11,0,0,0,0,1,1,42,0.2665240502420832,0.5352762504724826,0.0,0.0,0.0,0.0,0.0,0,1,0,0,0,0,0,0,0,0,0,0,0,0,0,0,0,0,0,0,0.0,0.0,0.0,0.0,0.0,1.0,36,9,3.999964444760491,0.242877841085857,3.999964444760491
0,0,0,0,1,360000.0,1467612.0,54387.0,1350000.0,6,7,1,1,1,0.028663,-8303.0,-3952,1,1,0,1,0,0,6,3.0,2,2,6,12,0,0,0,0,0,0,26,0.2775176345893066,0.6144143775673561,0.0,0.0,0.0,0.0,-606.0,0,1,0,0,0,0,0,0,0,0,0,0,0,0,0,0,0,0,0,0,0.0,0.0,0.0,0.0,0.0,0.0,41,1,4.076688675864789,0.1510745803483879,4.076688675864789
1,0,0,1,0,67500.0,180000.0,9000.0,180000.0,6,7,4,3,1,0.022625,-7615.0,-383,1,1,0,1,0,0,6,1.0,2,2,5,17,0,0,0,0,0,0,3,0.6447225467398052,0.5352762504724826,5.0,0.0,4.0,0.0,-227.0,0,0,0,0,0,0,0,0,0,0,0,0,0,0,0,0,0,0,0,0,0.0,0.0,0.0,0.0,0.0,1.0,21,1,2.666627161079095,0.1333313580539547,2.666627161079095
0,1,0,0,0,160650.0,157500.0,5967.0,157500.0,6,1,1,1,1,0.006233,-4843.0,-3542,1,1,1,1,0,0,3,2.0,2,2,1,18,1,1,0,1,1,0,46,0.6450029947017184,0.3572932680336494,7.0,0.0,7.0,0.0,-804.0,0,0,0,0,0,0,0,0,0,0,0,0,0,0,0,0,1,0,0,0,0.0,0.0,0.0,0.0,0.0,0.0,29,1,0.9803860542418036,0.0371426259407037,0.9803860542418036
0,0,1,1,1,108000.0,957033.0,53437.5,904500.0,6,4,4,1,1,0.0116569999999999,-5645.0,-793,1,1,1,1,0,0,18,3.0,1,1,0,12,0,1,1,0,1,1,11,0.2990690704300838,0.1237353221130787,0.0,0.0,0.0,0.0,-322.0,0,1,0,0,0,0,0,0,0,0,0,0,0,0,0,0,0,0,0,0,0.0,0.0,0.0,0.0,0.0,0.0,44,4,8.861334617272062,0.4947870853047657,8.861334617272062
0,0,0,1,0,270000.0,538704.0,23859.0,481500.0,1,7,4,1,1,0.022625,-3480.0,-2472,1,1,0,1,0,0,8,2.0,2,2,6,14,0,0,0,0,0,0,24,0.3114876824233998,0.4830501881366946,2.0,0.0,2.0,0.0,-2210.0,0,1,0,0,0,0,0,0,0,0,0,0,0,0,0,0,0,0,0,0,0.0,0.0,0.0,0.0,0.0,1.0,51,11,1.9951926103977395,0.0883663393839282,1.9951926103977395
0,0,1,1,1,90000.0,509602.5,22576.5,387000.0,1,7,4,3,1,0.020246,-8733.0,-3557,1,1,0,1,1,0,12,2.0,3,3,0,12,0,0,0,0,0,0,43,0.4757370048637704,0.5352762504724826,0.0,0.0,0.0,0.0,-3148.0,0,1,0,0,0,0,0,0,0,0,0,0,0,0,0,0,0,0,0,0,0.0,0.0,0.0,0.0,2.0,1.0,30,11,5.662187086810147,0.2508472128087465,5.662187086810147
0,0,1,1,1,180000.0,288873.0,19435.5,238500.0,6,7,4,0,1,0.00823,-8294.0,-5015,1,1,0,1,0,0,10,3.0,2,2,0,14,0,0,0,0,0,0,51,0.5722461506680674,0.5352762504724826,3.0,0.0,3.0,0.0,-1620.0,0,1,0,0,0,0,0,0,0,0,0,0,0,0,0,0,0,0,0,0,1.0,1.0,0.0,0.0,1.0,0.0,39,2,1.6048410842161989,0.1079744001422214,1.6048410842161989
0,1,1,1,0,135000.0,325908.0,22045.5,247500.0,6,1,4,3,1,0.02461,-3295.0,-3289,1,1,0,1,0,0,4,1.0,2,2,5,17,0,0,0,0,0,0,42,0.7667367296614266,0.8050196619153701,0.0,0.0,0.0,0.0,-1174.0,0,1,0,0,0,0,0,0,0,0,0,0,0,0,0,0,0,0,0,0,0.0,0.0,0.0,0.0,0.0,0.0,31,2,2.41411545099666,0.1632987903793305,2.41411545099666
1,0,0,0,0,90000.0,157500.0,7875.0,450000.0,7,3,4,0,1,0.010032,-8945.0,-4756,1,0,0,1,1,0,18,2.0,2,2,1,6,0,0,0,0,0,0,57,0.6727942797737587,0.5352762504724826,4.0,0.0,4.0,0.0,-1824.0,0,0,0,1,0,0,0,0,0,0,0,0,0,0,0,0,0,0,0,0,0.0,0.0,0.0,0.0,0.0,1.0,58,0,1.7499805557716026,0.0874990277885801,1.7499805557716026
0,0,0,1,1,72000.0,225000.0,17905.5,225000.0,6,7,1,0,1,0.020246,-7876.0,-2257,1,1,0,1,0,0,16,3.0,3,3,0,9,0,0,0,0,0,0,5,0.1996129546997421,0.1206410299309233,0.0,0.0,0.0,0.0,-589.0,0,1,0,0,0,0,0,0,0,0,0,0,0,0,0,0,0,0,0,0,0.0,0.0,1.0,0.0,2.0,0.0,28,1,3.12495659782503,0.2486840460549159,3.12495659782503
0,0,0,1,0,81000.0,463554.0,26608.5,409500.0,5,3,4,1,1,0.031329,-3364.0,-4074,1,0,0,1,0,0,18,2.0,2,2,1,8,0,0,0,0,0,0,57,0.4984656906883334,0.7407990879702335,0.0,0.0,0.0,0.0,0.0,0,1,0,0,0,0,0,0,0,0,0,0,0,0,0,0,0,0,0,0,0.0,0.0,0.0,0.0,1.0,4.0,65,0,5.722818236811891,0.3284959444945124,5.722818236811891
0,0,0,1,0,180000.0,679671.0,32827.5,607500.0,6,7,3,0,1,0.00963,-5789.0,-1217,1,1,0,1,0,0,8,2.0,2,2,1,14,0,0,0,0,0,0,5,0.3470055156573819,0.4830501881366946,3.0,1.0,3.0,1.0,-401.0,0,1,0,0,0,0,0,0,0,0,0,0,0,0,0,0,0,0,0,0,0.0,0.0,0.0,0.0,0.0,0.0,48,1,3.775929022616541,0.1823739868111843,3.775929022616541
0,1,1,0,0,225000.0,675000.0,36616.5,675000.0,6,7,4,3,1,0.00963,-2152.0,-792,1,1,1,1,0,0,8,1.0,2,2,4,9,0,0,0,0,0,0,5,0.3668427674236806,0.5442347412142162,0.0,0.0,0.0,0.0,-56.0,0,1,0,0,0,0,0,0,0,0,0,0,0,0,0,0,0,0,0,0,0.0,0.0,0.0,0.0,1.0,1.0,49,7,2.999986666725926,0.1627392767143257,2.999986666725926
0,1,1,0,0,76500.0,215640.0,11007.0,180000.0,5,4,4,1,1,0.018209,-5783.0,-1283,1,1,1,1,0,0,8,2.0,3,3,4,10,0,0,0,0,0,0,5,0.5069334626805627,0.3425288720742255,0.0,0.0,0.0,0.0,-1982.0,0,1,0,0,0,0,0,0,0,0,0,0,0,0,0,0,0,0,0,0,0.0,0.0,0.0,0.0,0.0,3.0,48,13,2.818786682527026,0.1438804721506908,2.818786682527026
0,0,1,1,1,112500.0,491823.0,25276.5,373500.0,6,7,4,1,1,0.003813,-655.0,-2813,1,1,0,1,0,0,14,3.0,2,2,1,10,0,0,0,0,1,1,51,0.1845025167349109,0.5352762504724826,0.0,0.0,0.0,0.0,-888.0,0,0,0,0,0,0,1,0,0,0,0,0,0,0,0,0,0,0,0,0,0.0,0.0,0.0,0.0,0.0,1.0,27,3,4.371721140256531,0.2246780028621967,4.371721140256531
0,0,1,1,1,90000.0,152820.0,16344.0,135000.0,1,7,1,1,1,0.008625,-2198.0,-4380,1,1,0,1,0,0,3,3.0,2,2,4,16,0,0,0,0,0,0,39,0.1454908760940916,0.7252764347002191,0.0,0.0,0.0,0.0,-247.0,0,1,0,0,0,0,0,0,0,0,0,0,0,0,0,0,0,0,0,0,0.0,0.0,0.0,0.0,0.0,0.0,34,6,1.6979811335429609,0.1815979822446417,1.6979811335429609
0,0,0,0,0,58500.0,315000.0,9679.5,315000.0,6,1,4,1,5,0.015221,-4348.0,-2808,1,1,0,1,0,0,11,2.0,2,2,5,14,0,0,0,1,1,0,30,0.5708752938688691,0.2238313174701554,0.0,0.0,0.0,0.0,-2.0,0,1,0,0,0,0,0,0,0,0,0,0,0,0,0,0,0,0,0,0,0.0,0.0,0.0,0.0,0.0,0.0,29,1,5.384523341481343,0.1654587101075195,5.384523341481343
0,0,0,1,0,225000.0,1515415.5,44437.5,1354500.0,1,7,4,1,1,0.020713,-2589.0,-660,1,1,0,1,0,0,18,2.0,3,2,0,5,0,0,0,0,0,0,42,0.507266876053184,0.5352762504724826,0.0,0.0,0.0,0.0,-174.0,0,1,0,0,0,0,0,0,0,0,0,0,0,0,0,0,0,0,0,0,0.0,0.0,0.0,0.0,0.0,2.0,46,3,6.735150065999707,0.1974991222261234,6.735150065999707
0,0,0,1,0,135000.0,616500.0,22144.5,616500.0,6,3,4,1,1,0.018209,-9778.0,-4686,1,0,0,1,0,0,18,2.0,3,3,4,8,0,0,0,0,0,0,57,0.5878044685651233,0.5620604831738043,0.0,0.0,0.0,0.0,-1842.0,0,1,0,0,0,0,0,0,0,0,0,0,0,0,0,0,0,0,0,0,0.0,0.0,0.0,1.0,0.0,5.0,61,0,4.566632839756743,0.1640321182806053,4.566632839756743
0,0,0,0,0,225000.0,755190.0,38686.5,675000.0,6,7,4,3,1,0.007114,-10290.0,-1742,1,1,0,1,0,0,18,1.0,2,2,6,17,0,0,0,0,0,0,33,0.6018224118308207,0.5190973382084597,1.0,0.0,1.0,0.0,-1197.0,0,1,0,0,0,0,0,0,0,0,0,0,0,0,0,0,0,0,0,0,0.0,0.0,0.0,0.0,0.0,2.0,49,22,3.3563850827329658,0.1719392358256185,3.3563850827329658
0,0,0,1,0,135000.0,348826.5,17095.5,288000.0,6,7,1,1,1,0.0105,-4405.0,-682,1,1,0,1,1,0,8,2.0,3,3,0,17,0,0,0,0,0,0,4,0.7439120844743242,0.646329897706246,0.0,0.0,0.0,0.0,-272.0,0,1,0,0,0,0,0,0,0,0,0,0,0,0,0,0,0,0,0,0,0.0,0.0,0.0,0.0,0.0,2.0,46,24,2.5838808601417766,0.1266323953155902,2.5838808601417766
0,0,1,0,0,225000.0,536917.5,30109.5,463500.0,6,7,4,1,1,0.016612,-7946.0,-4156,1,1,0,1,0,0,8,2.0,2,2,3,10,0,0,0,0,1,1,20,0.6022153593818508,0.2750003523983893,3.0,0.0,3.0,0.0,-1707.0,0,1,0,0,0,0,0,0,0,0,0,0,0,0,0,0,0,0,0,0,0.0,0.0,0.0,0.0,0.0,6.0,41,10,2.3862893942693586,0.1338194052470878,2.3862893942693586
0,0,0,1,0,112500.0,544491.0,16047.0,454500.0,6,3,4,5,1,0.018801,-11483.0,-4065,1,0,0,1,0,0,18,1.0,2,2,3,13,0,0,0,0,0,0,57,0.1811668315877768,0.5352762504724826,0.0,0.0,0.0,0.0,-1913.0,0,1,0,0,0,0,0,0,0,0,0,0,0,0,0,0,0,0,0,0,0.0,0.0,0.0,0.0,0.0,1.0,60,0,4.839876978871299,0.1426387321001591,4.839876978871299
0,0,0,0,0,225000.0,490536.0,25528.5,405000.0,7,4,4,3,1,0.072508,-684.0,-547,1,1,0,1,0,0,3,1.0,1,1,2,12,0,0,0,0,0,0,39,0.7136808916398689,0.2837118826350007,7.0,0.0,7.0,0.0,-1047.0,0,1,0,0,0,0,0,0,0,0,0,0,0,0,0,0,1,0,0,0,0.0,0.0,0.0,0.0,0.0,2.0,46,8,2.180150310443065,0.1134594957355745,2.180150310443065
1,0,0,0,0,112500.0,180000.0,9000.0,180000.0,6,7,4,3,5,0.020713,-2719.0,-612,1,1,0,1,0,0,3,1.0,3,3,2,11,0,0,0,1,1,0,47,0.4545068058950448,0.3944954053123993,0.0,0.0,0.0,0.0,-359.0,0,0,0,0,0,0,0,0,0,0,0,0,0,0,0,0,0,0,0,0,0.0,0.0,0.0,0.0,0.0,2.0,21,1,1.5999857779041964,0.0799992888952098,1.5999857779041964
0,1,0,0,0,225000.0,1006920.0,51412.5,900000.0,6,1,4,0,1,0.072508,-6683.0,-2429,1,1,1,1,0,0,8,2.0,1,1,6,9,0,0,0,0,1,1,33,0.4499619726745819,0.133429254467317,2.0,1.0,2.0,1.0,-1.0,0,1,0,0,0,0,0,0,0,0,0,0,0,0,0,0,0,0,0,0,0.0,0.0,0.0,0.0,0.0,1.0,34,15,4.475180110310621,0.228498984448958,4.475180110310621
0,0,0,1,1,67500.0,327024.0,16033.5,270000.0,6,7,4,5,1,0.020246,-1.0,-35,1,1,0,1,0,0,1,2.0,3,3,6,10,0,0,0,0,0,0,33,0.1462810582787953,0.5352762504724826,0.0,0.0,0.0,0.0,0.0,0,1,0,0,0,0,0,0,0,0,0,0,0,0,0,0,0,0,0,0,0.0,0.0,0.0,0.0,0.0,1.0,46,3,4.8447282262485,0.2375298143731204,4.8447282262485
0,0,1,0,1,450000.0,573628.5,21978.0,463500.0,6,4,1,1,1,0.032561,-10271.0,-4497,1,1,0,1,1,0,18,3.0,1,1,6,13,0,0,0,0,0,0,8,0.7966249059117283,0.7801436381572275,5.0,0.0,5.0,0.0,-3129.0,0,1,0,0,0,0,0,0,0,0,0,0,1,0,0,0,0,0,0,0,0.0,0.0,0.0,0.0,0.0,0.0,63,19,1.2747271672729616,0.0488398914669078,1.2747271672729616
0,0,1,1,1,135000.0,640080.0,29970.0,450000.0,0,1,4,2,1,0.022625,-3109.0,-4506,1,1,0,1,0,0,10,2.0,2,2,4,11,0,0,0,0,1,1,5,0.5157959536085621,0.7295666907060153,0.0,0.0,0.0,0.0,0.0,0,0,0,0,0,0,1,0,0,0,0,0,0,0,0,0,0,0,0,0,0.0,0.0,0.0,0.0,0.0,1.0,35,5,4.741298212605833,0.2219983555677365,4.741298212605833
0,0,1,1,0,270000.0,432661.5,26275.5,373500.0,6,1,4,0,1,0.04622,-9855.0,-838,1,1,0,1,0,0,14,2.0,1,1,1,15,0,0,0,0,0,0,42,0.7217525879180021,0.3457848024695955,0.0,0.0,0.0,0.0,-361.0,0,1,0,0,0,0,0,0,0,0,0,0,0,0,0,0,0,0,0,0,0.0,0.0,0.0,0.0,0.0,4.0,47,5,1.6024440650219811,0.0973163062359028,1.6024440650219811
0,0,0,0,0,202500.0,194742.0,13171.5,139500.0,1,7,4,1,5,0.008575,-6103.0,-833,1,1,0,1,0,1,14,2.0,2,2,5,12,1,1,0,0,0,0,4,0.7469330837450404,0.4525335592581747,1.0,1.0,1.0,1.0,-465.0,0,1,0,0,0,0,0,0,0,0,0,0,0,0,0,0,0,0,0,0,0.0,0.0,0.0,0.0,2.0,2.0,23,0,0.9616841398314082,0.0650441232388975,0.9616841398314082
0,0,0,0,0,112500.0,1436850.0,42142.5,1125000.0,6,3,4,3,1,0.018801,-3.0,-4687,1,0,0,1,0,0,18,1.0,2,2,0,8,0,0,0,0,0,0,57,0.4707055770732138,0.5352762504724826,0.0,0.0,0.0,0.0,-1532.0,0,1,0,0,0,0,0,0,0,0,0,0,0,0,0,0,0,0,0,0,0.0,0.0,0.0,0.0,0.0,1.0,64,0,12.771886472120247,0.37459667025182,12.771886472120247
0,0,0,0,0,180000.0,1078200.0,34780.5,900000.0,6,7,1,1,1,0.006629,-6804.0,-251,1,1,0,1,1,0,10,2.0,2,2,1,11,0,0,0,0,0,0,42,0.4714956285942729,0.5352762504724826,0.0,0.0,0.0,0.0,-230.0,0,0,0,1,0,0,0,0,0,0,0,0,0,0,0,0,0,0,0,0,0.0,0.0,0.0,0.0,0.0,1.0,45,0,5.989966722407098,0.1932239265337414,5.989966722407098
0,0,0,1,0,94500.0,592560.0,35937.0,450000.0,6,7,4,1,1,0.006629,-4191.0,-4219,1,1,1,1,0,0,11,2.0,2,2,1,4,0,0,0,0,1,1,28,0.5442496722276691,0.5352762504724826,0.0,0.0,0.0,0.0,-1019.0,0,1,0,0,0,0,0,0,0,0,0,0,0,0,0,0,0,0,0,0,0.0,0.0,0.0,0.0,0.0,0.0,41,3,6.270409836932942,0.380281690140845,6.270409836932942
0,0,1,0,1,252000.0,1185282.0,34785.0,1035000.0,6,7,4,1,1,0.020713,-376.0,-527,1,1,1,1,1,0,18,3.0,3,3,3,16,0,0,0,0,0,0,5,0.5528220011373518,0.2807895743848605,2.0,0.0,2.0,0.0,-1757.0,0,1,0,0,0,0,0,0,0,0,0,0,0,0,0,0,0,0,0,0,0.0,0.0,0.0,0.0,0.0,1.0,30,0,4.703481335391526,0.1380351665271169,4.703481335391526
0,1,0,1,0,90000.0,225000.0,11074.5,225000.0,5,7,4,0,1,0.025164,-2999.0,-2999,1,1,0,1,0,0,16,2.0,2,2,1,11,0,0,0,0,0,0,5,0.162144567666238,0.5352762504724826,4.0,0.0,4.0,0.0,-331.0,0,1,0,0,0,0,0,0,0,0,0,0,0,0,0,0,0,0,0,0,0.0,0.0,0.0,0.0,0.0,1.0,42,0,2.499972222530861,0.1230486327929689,2.499972222530861
0,0,0,1,0,112500.0,1006920.0,42790.5,900000.0,1,3,4,1,1,0.006207,-9310.0,-5039,1,0,0,1,0,0,18,2.0,2,2,6,17,0,0,0,0,0,0,57,0.6468084855687307,0.2822484337007223,0.0,0.0,0.0,0.0,-669.0,0,1,0,0,0,0,0,0,0,0,0,0,0,0,0,0,0,0,0,0,0.0,0.0,0.0,0.0,1.0,2.0,62,0,8.950320441596075,0.3803566190522751,8.950320441596075
0,0,1,1,1,202500.0,454500.0,14661.0,454500.0,6,7,1,2,1,0.035792,-6173.0,-308,1,1,0,1,0,0,18,2.0,2,2,1,16,0,0,0,0,0,0,51,0.7227396132772388,0.5954562029091491,0.0,0.0,0.0,0.0,-1805.0,0,1,0,0,0,0,0,0,0,0,0,0,0,0,0,0,0,0,0,0,0.0,0.0,0.0,0.0,0.0,2.0,45,14,2.2444333608229097,0.0723996424709013,2.2444333608229097
0,0,0,0,0,202500.0,700830.0,27283.5,585000.0,6,7,4,1,4,0.0088659999999999,-7720.0,-870,1,1,0,1,0,0,18,2.0,2,2,6,13,0,0,0,0,0,0,5,0.2539015054135639,0.1556893746835917,0.0,0.0,0.0,0.0,-1381.0,0,1,0,0,0,0,0,0,0,0,0,0,0,0,0,0,0,0,0,0,0.0,0.0,0.0,0.0,1.0,3.0,27,0,3.46087179816396,0.1347326679868247,3.46087179816396
0,0,0,0,0,90000.0,364500.0,17662.5,364500.0,1,3,4,5,1,0.026392,-12792.0,-3975,1,0,0,1,0,0,18,1.0,2,2,1,9,0,0,0,0,0,0,57,0.7115671485296653,0.5352762504724826,0.0,0.0,0.0,0.0,-98.0,0,1,0,0,0,0,0,0,0,0,0,0,0,0,0,0,0,0,0,0,0.0,0.0,0.0,0.0,0.0,4.0,64,0,4.0499550004999945,0.1962478194686725,4.0499550004999945
1,0,1,1,1,58500.0,157500.0,7875.0,157500.0,6,7,4,3,5,0.031329,-4147.0,-1908,1,1,0,1,0,0,14,2.0,2,2,0,12,0,0,0,0,1,1,42,0.1734672992459088,0.6246146584503397,2.0,1.0,2.0,1.0,-1584.0,0,0,0,0,0,0,0,0,0,0,0,0,0,0,0,0,0,0,0,0,0.0,0.0,1.0,0.0,0.0,3.0,25,4,2.6922616707406712,0.1346130835370335,2.6922616707406712
0,0,0,1,0,117000.0,753840.0,24448.5,540000.0,6,7,4,1,1,0.018634,-5045.0,-340,1,1,1,1,1,0,18,2.0,2,2,5,10,0,0,0,0,0,0,1,0.5108956813077621,0.4974688893052743,0.0,0.0,0.0,0.0,-685.0,0,1,0,0,0,0,0,0,0,0,0,0,0,0,0,0,0,0,0,0,0.0,0.0,0.0,0.0,0.0,2.0,45,13,6.443021854514064,0.208959752480748,6.443021854514064
0,1,1,1,1,144000.0,1125000.0,32895.0,1125000.0,6,7,4,1,1,0.026392,-1171.0,-1005,1,1,1,1,1,0,18,3.0,2,2,0,9,0,0,0,0,0,0,26,0.7830381148168827,0.4418358231994413,0.0,0.0,0.0,0.0,-728.0,0,1,0,0,0,0,0,0,0,0,0,0,0,0,0,0,0,0,0,0,0.0,0.0,0.0,0.0,1.0,0.0,47,21,7.812445746904535,0.2284359136394886,7.812445746904535
0,0,0,0,2,27000.0,161730.0,8770.5,135000.0,6,7,1,1,1,0.022625,-4502.0,-1915,1,1,1,1,1,0,18,4.0,2,2,6,16,0,0,0,0,0,0,5,0.7642479600506843,0.3506958432829587,1.0,1.0,1.0,1.0,-1201.0,0,1,0,0,0,0,0,0,0,0,0,0,0,0,0,0,0,0,0,0,0.0,0.0,0.0,0.0,0.0,0.0,29,4,5.989778156364579,0.3248213029147068,5.989778156364579
0,1,1,1,0,103500.0,225000.0,12694.5,225000.0,6,3,4,1,1,0.0228,-8600.0,-4712,1,0,0,1,0,0,18,2.0,2,2,5,7,0,0,0,0,0,0,57,0.6716571698722865,0.6674577419214722,0.0,0.0,0.0,0.0,-4.0,0,0,0,0,1,0,0,0,0,0,0,0,0,0,0,0,0,0,0,0,0.0,0.0,0.0,0.0,0.0,0.0,65,0,2.173892039690438,0.1226509888793345,2.173892039690438
0,0,1,1,0,135000.0,204768.0,16308.0,162000.0,6,4,1,1,1,0.002042,-491.0,-2595,1,1,0,1,0,0,4,2.0,3,3,6,11,0,0,0,0,0,0,39,0.3470302912431326,0.2301588968634147,0.0,0.0,0.0,0.0,-810.0,0,1,0,0,0,0,0,0,0,0,0,0,0,0,0,0,0,0,0,0,0.0,0.0,0.0,0.0,0.0,5.0,29,2,1.51678876452767,0.1207991051918133,1.51678876452767
0,0,0,0,0,45000.0,90000.0,6088.5,90000.0,1,4,4,1,1,0.008575,-5818.0,-5005,1,1,0,1,0,0,11,2.0,2,2,1,17,0,0,0,0,0,0,30,0.5214080841235005,0.0005272652387098,0.0,0.0,0.0,0.0,-1323.0,0,1,0,0,0,0,0,0,0,0,0,0,0,0,0,0,0,0,0,0,0.0,0.0,0.0,0.0,1.0,0.0,35,6,1.999955556543188,0.1352969934001466,1.999955556543188
0,0,0,1,0,225000.0,1494000.0,81999.0,1494000.0,1,1,4,1,1,0.04622,-7490.0,-2175,1,1,0,1,0,0,0,2.0,1,1,5,16,0,1,1,0,0,0,33,0.6350683913698555,0.4048783643353997,0.0,0.0,0.0,0.0,-815.0,0,1,0,0,0,0,0,0,0,0,0,0,0,0,0,0,0,0,0,0,0.0,0.0,0.0,0.0,1.0,6.0,42,11,6.639970489020048,0.3644383802738654,6.639970489020048
0,1,0,1,0,225000.0,1312110.0,52038.0,1125000.0,6,7,2,1,1,0.026392,-3393.0,-1662,1,1,1,1,0,0,12,2.0,2,2,1,13,0,0,0,0,0,0,33,0.6888765462329369,0.3893387918468769,1.0,0.0,1.0,0.0,-381.0,0,1,0,0,0,0,0,0,0,0,0,0,0,0,0,0,0,0,0,0,0.0,0.0,0.0,2.0,0.0,1.0,49,5,5.8315740818929696,0.2312789720934573,5.8315740818929696
0,0,1,0,1,81000.0,238500.0,6831.0,238500.0,1,7,1,1,1,0.015221,-2502.0,-2379,1,1,0,1,0,0,18,3.0,2,2,6,10,0,0,0,0,0,0,30,0.5875342285884724,0.7503751495159068,9.0,0.0,8.0,0.0,-302.0,0,1,0,0,0,0,0,0,0,0,0,0,0,0,1,0,0,0,0,0,0.0,0.0,0.0,0.0,0.0,0.0,28,6,2.944408093727238,0.0843322921939235,2.944408093727238
0,1,1,0,0,142200.0,485901.0,26487.0,369000.0,5,7,4,1,1,0.035792,-581.0,-2738,1,1,0,1,0,0,4,2.0,2,2,6,13,0,0,0,0,0,0,5,0.6700540953609695,0.6496203111237195,0.0,0.0,0.0,0.0,-219.0,0,1,0,0,0,0,0,0,0,0,0,0,0,0,0,0,0,0,0,0,0.0,0.0,0.0,0.0,0.0,0.0,42,11,3.4170012869107813,0.1862645129077854,3.4170012869107813
0,0,0,1,0,99000.0,254700.0,14751.0,225000.0,6,3,4,1,1,0.01885,-1157.0,-4140,1,0,0,1,0,0,18,2.0,2,2,0,10,0,0,0,0,0,0,57,0.341078674741716,0.7151031019926098,0.0,0.0,0.0,0.0,-1056.0,0,1,0,0,0,0,0,0,0,0,0,0,0,0,0,0,0,0,0,0,0.0,0.0,0.0,0.0,0.0,2.0,67,0,2.5727012858455973,0.1489984949646973,2.5727012858455973
0,0,1,1,2,112500.0,573408.0,32148.0,495000.0,6,7,4,1,1,0.014464,-1832.0,-4625,1,1,0,1,0,0,14,4.0,2,2,5,8,0,0,0,0,0,0,5,0.6821256951990501,0.5352762504724826,0.0,0.0,0.0,0.0,-1114.0,0,1,0,0,0,0,0,0,0,0,0,0,0,0,0,0,0,0,0,0,0.0,0.0,0.0,0.0,0.0,1.0,37,9,5.096914694091608,0.2857574599336895,5.096914694091608
0,0,0,1,0,121500.0,277969.5,13518.0,229500.0,6,1,4,2,1,0.0196889999999999,-920.0,-1812,1,1,1,1,0,0,18,1.0,2,2,1,9,0,0,0,0,0,0,5,0.6152250663761469,0.5352762504724826,2.0,0.0,2.0,0.0,-181.0,0,1,0,0,0,0,0,0,0,0,0,0,0,0,0,0,0,0,0,0,0.0,0.0,0.0,0.0,0.0,1.0,37,0,2.287795985218229,0.1112583435527279,2.287795985218229
0,0,1,0,1,157500.0,808650.0,21460.5,675000.0,6,1,4,1,1,0.00702,-6964.0,-4275,1,1,0,1,1,0,18,3.0,2,2,0,14,0,0,0,0,0,0,42,0.4180340658423712,0.2151824041847538,0.0,0.0,0.0,0.0,-217.0,0,1,0,0,0,0,0,0,0,0,0,0,0,0,0,0,0,0,0,0,0.0,0.0,0.0,0.0,0.0,2.0,44,3,5.134253115853233,0.1362562777379191,5.134253115853233
0,0,0,1,3,81000.0,545040.0,25537.5,450000.0,6,7,4,1,1,0.010006,-3698.0,-5323,1,1,1,1,1,0,16,5.0,2,2,0,11,0,0,0,0,0,0,39,0.3423674720273324,0.5352762504724826,5.0,1.0,5.0,1.0,-408.0,0,1,0,0,0,0,0,0,0,0,0,0,0,0,0,0,0,0,0,0,0.0,0.0,0.0,0.0,0.0,1.0,41,1,6.728805817212133,0.3152738855075863,6.728805817212133
0,0,0,0,0,90000.0,547344.0,18216.0,472500.0,6,7,4,1,1,0.031329,-10031.0,-2255,1,1,0,1,0,0,8,2.0,2,2,6,8,0,0,0,0,1,1,20,0.1793283381780981,0.5673792367572691,3.0,0.0,3.0,0.0,-53.0,0,1,0,0,0,0,0,0,0,0,0,0,0,0,0,0,0,0,0,0,0.0,0.0,0.0,0.0,0.0,0.0,51,8,6.081532427417473,0.2023977511360984,6.081532427417473
0,0,0,1,0,58500.0,225000.0,22383.0,225000.0,5,1,4,1,1,0.026392,-3997.0,-2156,1,1,1,1,1,0,3,2.0,2,2,4,17,0,0,0,0,0,0,28,0.6943566205284688,0.3556387169923543,0.0,0.0,0.0,0.0,0.0,0,0,0,0,0,0,1,0,0,0,0,0,0,0,0,0,0,0,0,0,0.0,0.0,0.0,0.0,0.0,1.0,52,4,3.846088101058101,0.3826088442932599,3.846088101058101
0,1,1,1,1,292500.0,1098000.0,46651.5,1098000.0,6,7,4,1,1,0.010032,-1813.0,-5093,1,1,0,1,0,0,18,3.0,2,2,5,9,0,0,0,0,1,1,31,0.1088312339076669,0.7862666146611379,2.0,0.0,2.0,0.0,-1423.0,0,0,0,0,0,0,1,0,0,0,0,0,0,0,0,0,0,0,0,0,0.0,0.0,0.0,0.0,1.0,0.0,38,7,3.753833320227965,0.159491762421325,3.753833320227965
0,0,1,0,0,270000.0,679500.0,64516.5,679500.0,6,7,4,1,1,0.020246,-3129.0,-3268,1,1,1,1,1,0,18,2.0,3,3,2,16,0,0,0,0,0,0,5,0.077616280373025,0.6801388218428291,0.0,0.0,0.0,0.0,-2903.0,0,1,0,0,0,0,0,0,0,0,0,0,0,0,0,0,0,0,0,0,0.0,0.0,0.0,0.0,0.0,1.0,41,5,2.5166573457135346,0.2389491150032777,2.5166573457135346
0,0,0,0,1,135000.0,679500.0,30703.5,679500.0,6,7,4,1,1,0.04622,-2276.0,-1848,1,1,1,1,0,0,14,3.0,1,1,3,12,0,1,1,0,1,1,21,0.493851935870939,0.3170317785834444,2.0,0.0,2.0,0.0,-1599.0,0,1,0,0,0,0,0,0,0,0,0,0,0,0,0,0,0,0,0,0,0.0,0.0,0.0,0.0,0.0,1.0,27,1,5.033296049658891,0.2274316486544544,5.033296049658891
0,0,0,1,0,36000.0,93829.5,9270.0,81000.0,6,7,4,0,1,0.035792,-6314.0,-2630,1,1,0,1,0,0,8,2.0,2,2,6,9,0,0,0,0,0,0,42,0.7087855994730351,0.5919766183185521,0.0,0.0,0.0,0.0,-1461.0,0,1,0,0,0,0,0,0,0,0,0,0,0,0,0,0,0,0,0,0,0.0,0.0,0.0,1.0,0.0,3.0,52,3,2.6063026027054805,0.257492847420905,2.6063026027054805
0,1,1,0,1,135000.0,521280.0,31630.5,450000.0,6,7,4,1,1,0.015221,-4106.0,-3545,1,1,1,1,0,0,18,3.0,2,2,2,21,0,0,0,0,0,0,42,0.5990156056895811,0.3170317785834444,3.0,0.0,3.0,0.0,-757.0,0,1,0,0,0,0,0,0,0,0,0,0,0,0,0,0,0,0,0,0,0.0,0.0,0.0,1.0,0.0,1.0,33,0,3.861304731076066,0.2342982644573003,3.861304731076066
0,0,0,1,0,112500.0,314055.0,13963.5,238500.0,6,7,4,3,1,0.022625,-3126.0,-4779,1,1,0,1,0,0,18,1.0,2,2,5,11,0,0,0,0,0,0,5,0.5363634932062926,0.5352762504724826,0.0,0.0,0.0,0.0,-1469.0,0,1,0,0,0,0,0,0,0,0,0,0,0,0,0,0,0,0,0,0,0.0,0.0,0.0,0.0,0.0,1.0,39,5,2.791575185998347,0.124118896720918,2.791575185998347
0,1,1,1,0,180000.0,225000.0,17905.5,225000.0,6,7,4,1,1,0.018801,-1246.0,-3706,1,1,0,1,0,0,6,2.0,2,2,1,6,0,0,0,0,0,0,5,0.4463763855801214,0.7062051096536562,2.0,1.0,2.0,1.0,-1198.0,0,1,0,0,0,0,0,0,0,0,0,0,0,0,0,0,0,0,0,0,0.0,0.0,0.0,1.0,0.0,1.0,31,7,1.2499930555941356,0.0994744473641813,1.2499930555941356
1,0,0,1,0,126000.0,382500.0,19125.0,382500.0,6,3,4,1,1,0.020246,-12071.0,-4026,1,0,0,1,0,0,18,2.0,3,3,0,8,0,0,0,0,0,0,57,0.5036482381510776,0.5172965813614878,3.0,0.0,3.0,0.0,-574.0,0,0,0,0,0,0,0,0,0,0,0,0,0,0,0,0,0,0,0,0,0.0,0.0,0.0,0.0,0.0,4.0,59,0,3.0356901929349767,0.1517845096467488,3.0356901929349767
0,0,0,0,2,180000.0,640080.0,29970.0,450000.0,6,7,2,1,1,0.035792,-2436.0,-4445,1,1,0,1,0,0,14,4.0,2,2,4,12,0,0,0,0,0,0,42,0.6074627499362596,0.6144143775673561,0.0,0.0,0.0,0.0,-1931.0,0,1,0,0,0,0,0,0,0,0,0,0,0,0,0,0,0,0,0,0,0.0,0.0,0.0,0.0,0.0,0.0,39,1,3.555980244554197,0.1664990750051388,3.555980244554197
0,1,1,0,1,360000.0,900000.0,46084.5,900000.0,6,1,1,1,5,0.0038179999999999,-3007.0,-4805,1,1,0,1,1,0,6,3.0,2,2,0,12,0,0,0,0,0,0,5,0.6520856162171357,0.5989262182569273,0.0,0.0,0.0,0.0,-2434.0,0,1,0,0,0,0,0,0,0,0,0,0,0,0,0,0,0,0,0,0,0.0,0.0,0.0,0.0,0.0,3.0,36,2,2.499993055574845,0.1280121444107099,2.499993055574845
0,1,1,1,0,166500.0,900000.0,46084.5,900000.0,1,4,4,1,1,0.015221,-2721.0,-2192,1,1,0,1,0,0,18,2.0,2,2,6,12,0,0,0,0,0,0,31,0.6871915009667326,0.7366226976503176,1.0,0.0,1.0,0.0,-884.0,0,1,0,0,0,0,0,0,0,0,0,0,0,0,0,0,0,0,0,0,0.0,0.0,0.0,0.0,1.0,0.0,51,5,5.405372940703058,0.2767821214287001,5.405372940703058
0,0,0,1,0,247500.0,254700.0,24939.0,225000.0,6,4,4,1,1,0.019101,-7613.0,-3242,1,1,0,1,0,0,3,2.0,2,2,0,14,0,0,0,0,0,0,11,0.6447726340293609,0.2392262794694045,3.0,0.0,3.0,0.0,-1836.0,0,1,0,0,0,0,0,0,0,0,0,0,0,0,0,0,0,0,0,0,0.0,0.0,0.0,0.0,0.0,2.0,53,19,1.0290867511646418,0.1007632292394778,1.0290867511646418
0,0,0,1,0,225000.0,454455.0,16452.0,319500.0,6,3,4,2,1,0.032561,-11281.0,-4410,1,0,0,1,1,0,18,1.0,1,1,5,12,0,0,0,0,0,0,57,0.1087082843969647,0.7338145369642702,6.0,0.0,6.0,0.0,-937.0,0,0,0,0,1,0,0,0,0,0,0,0,0,0,0,0,0,0,0,0,0.0,0.0,1.0,0.0,0.0,3.0,57,0,2.0197910231510083,0.0731196750236665,2.0197910231510083
1,0,1,1,1,112500.0,180000.0,9000.0,180000.0,6,1,4,1,1,0.005313,-1932.0,-1564,1,1,0,1,0,0,14,3.0,2,2,1,15,0,0,0,0,0,0,5,0.5769979287302688,0.4812493411434029,1.0,0.0,1.0,0.0,-753.0,0,0,0,0,0,0,0,0,0,0,0,0,0,0,0,0,0,0,0,0,0.0,0.0,0.0,0.0,0.0,0.0,29,0,1.5999857779041964,0.0799992888952098,1.5999857779041964
0,0,1,0,0,270000.0,622188.0,18994.5,472500.0,6,1,1,1,2,0.04622,-1164.0,-1536,1,1,0,1,1,0,8,2.0,1,1,4,14,0,0,0,0,1,1,5,0.6920126305183821,0.3092753558842053,0.0,0.0,0.0,0.0,-819.0,0,1,0,0,0,0,0,0,0,0,0,0,0,0,0,0,1,0,0,0,0.0,0.0,0.0,0.0,1.0,1.0,37,0,2.304391465216796,0.0703497394454094,2.304391465216796
0,0,0,1,0,540000.0,2695500.0,71235.0,2250000.0,6,1,1,1,1,0.072508,-476.0,-1582,1,1,0,1,0,0,12,2.0,1,1,1,9,0,0,0,0,0,0,43,0.5615353396142356,0.5352762504724826,3.0,1.0,3.0,1.0,-82.0,0,1,0,0,0,0,0,0,0,0,0,0,0,0,0,0,0,0,0,0,0.0,0.0,0.0,0.0,0.0,1.0,49,0,4.991657422856624,0.1319164223769956,4.991657422856624
0,0,0,1,0,157500.0,378000.0,20637.0,378000.0,6,7,4,1,1,0.026392,-5172.0,-1631,1,1,0,1,1,1,1,2.0,2,2,0,11,0,0,0,0,0,0,39,0.5278051332278338,0.7295666907060153,1.0,0.0,1.0,0.0,-905.0,0,1,0,0,0,0,0,0,0,0,0,0,0,0,0,0,0,0,0,0,0.0,0.0,0.0,0.0,0.0,2.0,49,14,2.399984762001511,0.1310277395064158,2.399984762001511
0,0,0,0,2,130500.0,288873.0,15376.5,238500.0,6,1,4,0,1,0.020713,-3629.0,-4027,1,1,0,1,1,0,14,4.0,3,3,4,12,0,0,0,0,0,0,42,0.5608029696346815,0.5370699579791587,0.0,0.0,0.0,0.0,-2306.0,0,1,0,0,0,0,0,0,0,0,0,0,0,0,0,0,0,0,0,0,0.0,0.0,0.0,0.0,0.0,0.0,35,0,2.213569244680117,0.1178266833204343,2.213569244680117
0,1,1,1,1,157500.0,447768.0,29281.5,405000.0,1,7,4,1,1,0.031329,-1148.0,-163,1,1,0,1,0,0,4,3.0,2,2,6,17,0,0,0,0,0,0,42,0.6905425831533208,0.7062051096536562,3.0,0.0,3.0,0.0,-2380.0,0,1,0,0,0,0,0,0,0,0,0,0,0,0,0,0,0,0,0,0,0.0,0.0,0.0,0.0,0.0,2.0,45,5,2.84295337807379,0.185913105313617,2.84295337807379
0,0,0,1,1,130500.0,521280.0,31630.5,450000.0,6,7,1,1,2,0.022625,-1212.0,-1293,1,1,0,1,0,0,18,3.0,2,2,6,12,0,0,0,1,1,0,33,0.7381251476598887,0.2778856891082046,1.0,0.0,1.0,0.0,-2256.0,0,1,0,0,0,0,0,0,0,0,0,0,0,0,0,0,0,0,0,0,0.0,0.0,0.0,0.0,0.0,0.0,30,0,3.994452149791956,0.2423774530463368,3.994452149791956
0,0,0,1,0,112500.0,536917.5,30109.5,463500.0,6,7,2,3,4,0.030755,-4890.0,-2919,1,1,0,1,0,0,11,1.0,2,2,2,15,0,0,0,1,1,0,30,0.695492445483041,0.5352762504724826,0.0,0.0,0.0,0.0,-769.0,0,1,0,0,0,0,0,0,0,0,0,0,0,0,0,0,0,0,0,0,0.0,0.0,0.0,0.0,0.0,1.0,28,2,4.77255757726598,0.2676376209989244,4.77255757726598
0,1,0,1,0,202500.0,534204.0,29956.5,495000.0,6,1,1,1,1,0.00702,-703.0,-4019,1,1,0,1,0,0,4,2.0,2,2,2,16,0,0,0,0,0,0,51,0.6571384735005296,0.2327247762679433,0.0,0.0,0.0,0.0,-640.0,0,1,0,0,0,0,0,0,0,0,0,0,0,0,0,0,0,0,0,0,0.0,0.0,0.0,1.0,1.0,4.0,34,1,2.638031417128804,0.1479326028019614,2.638031417128804
0,1,0,0,0,157500.0,239418.0,18913.5,211500.0,1,4,2,2,1,0.04622,-2759.0,-2759,1,1,0,1,0,0,18,1.0,1,1,4,17,0,1,1,0,0,0,33,0.7631588005843378,0.5352762504724826,2.0,0.0,2.0,0.0,-630.0,0,1,0,0,0,0,0,0,0,0,0,0,0,0,0,0,0,0,0,0,0.0,0.0,0.0,0.0,0.0,1.0,28,2,1.5201046342562905,0.1200849518415756,1.5201046342562905
0,0,0,1,0,225000.0,1252363.5,47700.0,1152000.0,6,4,4,5,2,0.072508,-13220.0,-4284,1,1,0,1,1,0,3,1.0,1,1,5,17,0,0,0,0,0,0,33,0.7472636207957585,0.5442347412142162,0.0,0.0,0.0,0.0,-2425.0,0,1,0,0,0,0,0,0,0,0,0,0,0,0,0,0,0,0,0,0,0.0,0.0,0.0,1.0,7.0,2.0,62,36,5.566035262065502,0.2119990577819654,5.566035262065502
1,0,0,1,0,211500.0,360000.0,18000.0,360000.0,5,7,4,1,1,0.04622,-6592.0,-2392,1,1,0,1,1,0,14,2.0,1,1,5,11,0,0,0,0,1,1,42,0.73827306307868,0.5352762504724826,1.0,1.0,1.0,1.0,-1012.0,0,0,0,0,0,0,0,0,0,0,0,0,0,0,0,0,0,0,0,0,0.0,0.0,0.0,0.0,0.0,1.0,51,0,1.702119611727604,0.0851059805863802,1.702119611727604
0,0,0,1,1,202500.0,305955.0,24660.0,283500.0,6,7,1,0,1,0.00733,-1068.0,-4198,1,1,0,1,0,1,0,3.0,2,2,5,10,0,0,0,0,0,0,42,0.6866789026147037,0.2340151665320674,0.0,0.0,0.0,0.0,-893.0,0,1,0,0,0,0,0,0,0,0,0,0,0,0,0,0,0,0,0,0,0.0,0.0,0.0,0.0,0.0,0.0,36,4,1.5108814277460358,0.1217771764090053,1.5108814277460358
0,1,0,1,0,144000.0,781920.0,31522.5,675000.0,6,7,4,1,1,0.018801,-89.0,-109,1,1,1,1,0,0,8,2.0,2,2,2,8,0,0,0,0,0,0,10,0.0295255338274497,0.4830501881366946,2.0,1.0,2.0,1.0,-1329.0,0,1,0,0,0,0,0,0,0,0,0,0,0,0,0,0,0,0,0,0,0.0,0.0,0.0,0.0,0.0,0.0,45,7,5.429962291928528,0.2189047298282651,5.429962291928528
0,0,0,0,0,247500.0,521280.0,26743.5,450000.0,6,7,1,3,1,0.030755,-6155.0,-4416,1,1,0,1,0,0,14,1.0,2,2,5,18,0,0,0,0,1,1,5,0.6880651538308872,0.158554899794863,0.0,0.0,0.0,0.0,-3545.0,0,0,0,0,0,0,1,0,0,0,0,0,0,0,0,0,0,0,0,0,0.0,0.0,0.0,0.0,0.0,4.0,32,0,2.106173308390673,0.1080541088722873,2.106173308390673
0,0,0,1,0,135000.0,225171.0,12213.0,171000.0,6,7,4,1,1,0.018634,-2589.0,-5081,1,1,0,1,0,0,18,2.0,2,2,6,17,0,0,0,0,0,0,5,0.6148522862357263,0.3296550543128238,6.0,0.0,6.0,0.0,-1558.0,0,1,0,0,0,0,0,0,0,0,0,0,0,0,0,0,0,0,0,0,0.0,0.0,0.0,0.0,1.0,4.0,35,4,1.6679209783631233,0.0904659965481737,1.6679209783631233
0,0,0,0,0,324000.0,691020.0,22419.0,495000.0,6,3,4,1,1,0.018801,-9874.0,-4952,1,0,0,1,0,0,18,2.0,2,2,0,12,0,0,0,0,0,0,57,0.6011200190728437,0.4400578303966329,7.0,0.0,7.0,0.0,-1479.0,0,0,0,0,1,0,0,0,0,0,0,0,0,0,0,0,0,0,0,0,0.0,0.0,0.0,0.0,0.0,2.0,58,0,2.132771195150632,0.0691942308820034,2.132771195150632
1,0,0,1,0,202500.0,270000.0,13500.0,270000.0,6,7,4,1,2,0.04622,-784.0,-845,1,1,1,1,0,0,17,2.0,1,1,1,16,0,0,0,0,1,1,5,0.6284142527170528,0.6769925032909132,1.0,0.0,1.0,0.0,-775.0,0,0,0,0,0,0,0,0,0,0,0,0,0,0,0,0,0,0,0,0,0.0,0.0,0.0,0.0,0.0,1.0,22,1,1.3333267490037086,0.0666663374501854,1.3333267490037086
0,0,0,1,0,112500.0,1350000.0,37255.5,1350000.0,6,3,4,1,1,0.0145199999999999,-73.0,-4063,1,0,0,1,0,0,18,2.0,2,2,0,10,0,0,0,0,0,0,57,0.7057204357921129,0.8128226070575616,0.0,0.0,0.0,0.0,-1351.0,0,1,0,0,0,0,0,0,0,0,0,0,0,0,0,0,0,0,0,0,0.0,0.0,0.0,0.0,0.0,3.0,56,0,11.999893334281474,0.331157056381721,11.999893334281474
0,1,1,1,0,292500.0,900000.0,38263.5,900000.0,6,1,1,1,1,0.026392,-2393.0,-4415,1,1,0,1,0,0,10,2.0,2,2,6,18,0,0,0,1,1,1,3,0.723138196715902,0.501075160239048,0.0,0.0,0.0,0.0,-1725.0,0,1,0,0,0,0,0,0,0,0,0,0,0,0,0,0,0,0,0,0,0.0,0.0,0.0,0.0,0.0,5.0,36,5,3.076912557563906,0.1308149373848294,3.076912557563906
0,0,0,0,0,180000.0,900000.0,29164.5,900000.0,6,7,2,1,1,0.04622,-1788.0,-1241,1,1,0,1,0,1,0,2.0,1,1,4,19,0,1,1,0,1,1,5,0.1370361957192422,0.2594676548211199,0.0,0.0,0.0,0.0,-944.0,0,1,0,0,0,0,0,0,0,0,0,0,0,0,0,0,0,0,0,0,0.0,0.0,0.0,0.0,0.0,0.0,32,6,4.999972222376543,0.1620240998661118,4.999972222376543
0,0,0,1,0,90000.0,450000.0,35685.0,450000.0,6,3,4,2,1,0.001417,-4383.0,-4435,1,0,0,1,0,0,18,1.0,2,2,5,14,0,0,0,0,0,0,57,0.3291085700953107,0.5352762504724826,5.0,0.0,5.0,0.0,-622.0,0,0,0,0,1,0,0,0,0,0,0,0,0,0,0,0,0,0,0,0,0.0,0.0,0.0,0.0,0.0,1.0,63,0,4.999944445061722,0.3964955944933945,4.999944445061722
0,0,0,0,0,254475.0,654498.0,25056.0,585000.0,6,1,1,0,1,0.072508,-9550.0,-1484,1,1,1,1,0,0,18,2.0,1,1,6,19,0,1,1,0,1,1,5,0.7144265371334505,0.0884605646541969,0.0,0.0,0.0,0.0,-1.0,0,0,0,0,0,0,0,0,0,1,0,0,0,0,0,0,0,0,0,0,0.0,0.0,0.0,0.0,0.0,0.0,26,0,2.5719439161256856,0.0984611515427781,2.5719439161256856
0,0,0,0,0,144000.0,675000.0,19732.5,675000.0,6,7,1,1,2,0.01885,-7319.0,-4244,1,1,1,1,0,0,1,2.0,2,2,3,12,0,0,0,0,0,0,5,0.6810246399313123,0.4048783643353997,0.0,0.0,0.0,0.0,-1756.0,0,1,0,0,0,0,0,0,0,0,0,0,0,0,0,0,0,0,0,0,0.0,0.0,0.0,3.0,0.0,7.0,43,25,4.687467448142721,0.1370302984007055,4.687467448142721
0,1,1,1,2,292500.0,1350000.0,46224.0,1350000.0,3,7,4,1,1,0.015221,-785.0,-2618,1,1,1,1,1,0,10,4.0,2,2,6,9,0,0,0,0,0,0,51,0.6968061002768219,0.5352762504724826,0.0,0.0,0.0,0.0,-1673.0,0,0,0,0,0,0,0,0,0,0,0,0,0,0,0,0,0,0,0,0,0.0,0.0,0.0,0.0,0.0,1.0,43,12,4.6153688363458585,0.1580302289564822,4.6153688363458585
0,0,1,1,0,180000.0,1258650.0,53455.5,1125000.0,6,3,4,3,1,0.00702,-5274.0,-4707,1,0,0,1,0,0,18,1.0,2,2,0,16,0,0,0,0,0,0,57,0.6519516545552231,0.6848276586890367,0.0,0.0,0.0,0.0,-1390.0,0,1,0,0,0,0,0,0,0,0,0,0,0,0,0,0,0,0,0,0,0.0,0.0,0.0,0.0,2.0,7.0,58,0,6.992461152993594,0.2969733501480547,6.992461152993594
0,0,1,1,0,87129.0,135000.0,12622.5,135000.0,6,1,4,2,4,0.030755,-4209.0,-2557,1,1,1,1,1,0,3,1.0,2,2,1,16,0,0,0,1,1,0,5,0.6612503730215985,0.3201633668633456,1.0,0.0,1.0,0.0,-727.0,0,0,0,0,0,0,0,0,0,0,0,0,0,0,0,0,0,0,0,0,0.0,0.0,0.0,1.0,1.0,1.0,32,2,1.5494089291862734,0.1448697348789165,1.5494089291862734
0,0,0,1,0,126000.0,1044000.0,30051.0,1044000.0,6,1,1,1,1,0.035792,-268.0,-2725,1,1,0,1,1,0,15,2.0,2,2,2,14,0,0,0,0,0,0,5,0.2822510872193906,0.5937175866150576,0.0,0.0,0.0,0.0,-1.0,0,1,0,0,0,0,0,0,0,0,0,0,0,0,0,0,0,0,0,0,0.0,0.0,0.0,0.0,0.0,0.0,43,1,8.285648526598996,0.2384981071578797,8.285648526598996
0,0,0,1,0,85500.0,652311.0,19071.0,544500.0,6,3,4,5,1,0.031329,-7837.0,-4456,1,0,0,1,0,0,18,1.0,2,2,0,9,0,0,0,0,0,0,57,0.7042605314062212,0.5352762504724826,4.0,0.0,4.0,0.0,-2909.0,0,1,0,0,0,0,0,0,0,0,0,0,0,0,0,0,0,0,0,0,0.0,0.0,0.0,0.0,4.0,4.0,58,0,7.62927918971708,0.2230500228067508,7.62927918971708
0,0,1,1,0,90000.0,243000.0,10831.5,243000.0,6,3,4,1,1,0.026392,-2988.0,-4538,1,0,0,1,1,0,18,2.0,2,2,1,9,0,0,0,0,0,0,57,0.6763466118432908,0.7324033228040929,0.0,0.0,0.0,0.0,-1934.0,0,0,0,0,1,0,0,0,0,0,0,0,0,0,0,0,0,0,0,0,0.0,0.0,0.0,0.0,0.0,5.0,65,0,2.69997000033333,0.1203486627926356,2.69997000033333
0,1,1,1,0,450000.0,1288350.0,41692.5,1125000.0,6,1,4,1,1,0.018801,-7134.0,-2357,1,1,0,1,0,0,6,2.0,2,2,5,7,0,0,0,0,0,0,5,0.4897474246993811,0.4365064990977374,0.0,0.0,0.0,0.0,-1709.0,0,0,0,0,0,0,1,0,0,0,0,0,0,0,0,0,0,0,0,0,0.0,0.0,0.0,0.0,0.0,5.0,51,10,2.862993637791916,0.0926497941115686,2.862993637791916
0,0,0,1,0,58500.0,258709.5,14980.5,234000.0,6,7,1,3,5,0.035792,-6579.0,-4133,1,1,0,1,1,0,14,1.0,2,2,1,14,0,0,0,0,0,0,42,0.3837126798159137,0.5954562029091491,4.0,0.0,3.0,0.0,-24.0,0,1,0,0,0,0,0,0,0,0,0,0,0,0,0,0,0,0,0,0,0.0,0.0,0.0,0.0,0.0,2.0,38,7,4.422309020358626,0.2560725457684484,4.422309020358626
0,1,1,1,0,315000.0,225000.0,23755.5,225000.0,1,1,4,1,1,0.026392,-85.0,-2975,1,1,0,1,0,0,8,2.0,2,2,6,10,0,0,0,1,1,0,55,0.4702370638733979,0.4686596550493113,5.0,0.0,5.0,0.0,-1215.0,0,0,0,0,0,0,1,0,0,0,0,0,0,0,0,0,0,0,0,0,0.0,0.0,0.0,0.0,0.0,2.0,28,2,0.7142834467192167,0.0754140463046149,0.7142834467192167
0,0,1,0,0,63000.0,566055.0,16681.5,472500.0,1,4,4,1,1,0.031329,-7320.0,-108,1,1,0,1,0,0,3,2.0,2,2,1,16,0,0,0,0,0,0,30,0.6259292256373344,0.2188590822283744,0.0,0.0,0.0,0.0,-220.0,0,1,0,0,0,0,0,0,0,0,0,0,0,0,0,0,0,0,0,0,0.0,0.0,0.0,0.0,0.0,4.0,45,18,8.98485738321614,0.2647815114045809,8.98485738321614
0,0,0,1,0,72000.0,178290.0,17496.0,157500.0,1,3,4,5,1,0.030755,-9388.0,-4550,1,0,0,1,0,0,18,1.0,2,2,0,9,0,0,0,0,0,0,57,0.6705808443036319,0.7922644738669378,1.0,0.0,1.0,0.0,-557.0,0,1,0,0,0,0,0,0,0,0,0,0,0,0,0,0,0,0,0,0,0.0,0.0,0.0,0.0,2.0,4.0,68,0,2.476215608116554,0.2429966250468743,2.476215608116554
0,0,0,1,0,202500.0,630000.0,22756.5,630000.0,6,7,4,1,1,0.0145199999999999,-5226.0,-4284,1,1,0,1,0,0,6,2.0,2,2,5,15,0,0,0,0,0,0,5,0.6504914084967827,0.3077366963789207,4.0,1.0,4.0,1.0,-1500.0,0,1,0,0,0,0,0,0,0,0,0,0,0,0,0,0,0,0,0,0,0.0,0.0,0.0,0.0,2.0,2.0,64,2,3.11109574767532,0.1123772228285292,3.11109574767532
0,0,0,0,2,90000.0,963000.0,31194.0,963000.0,6,1,4,1,1,0.018801,-4601.0,-654,1,1,1,1,1,0,8,4.0,2,2,0,10,0,0,0,0,1,1,33,0.5499335115901356,0.2431864804420123,0.0,0.0,0.0,0.0,-812.0,0,1,0,0,0,0,0,0,0,0,0,0,0,0,0,0,0,0,0,0,0.0,0.0,0.0,0.0,0.0,1.0,37,2,10.699881112432085,0.3465961489316785,10.699881112432085
0,0,1,0,0,315000.0,1095111.0,58477.5,1035000.0,4,4,1,1,1,0.072508,-9551.0,-4305,1,1,0,1,0,0,6,2.0,1,1,0,17,0,0,0,0,0,0,11,0.7270047104819384,0.7180328113294772,0.0,0.0,0.0,0.0,-3219.0,0,0,0,0,0,0,1,0,0,0,0,0,0,0,0,0,0,0,0,0,0.0,0.0,0.0,0.0,0.0,3.0,42,18,3.476531820533903,0.1856422678023244,3.476531820533903
0,1,1,0,0,67500.0,225000.0,8212.5,225000.0,6,1,4,1,1,0.028663,-574.0,-3374,1,1,0,1,0,0,6,2.0,2,2,1,8,0,0,0,0,0,0,30,0.4934911785788097,0.7435593141311444,0.0,0.0,0.0,0.0,-2808.0,0,1,0,0,0,0,0,0,0,0,0,0,0,0,0,0,0,0,0,0,0.0,0.0,0.0,0.0,2.0,1.0,54,0,3.333283951348869,0.1216648642242337,3.333283951348869
0,0,0,1,0,315000.0,1174005.0,78903.0,1125000.0,6,7,1,0,1,0.00733,-10777.0,-1538,1,1,0,1,0,0,14,2.0,2,2,5,17,0,0,0,0,0,0,42,0.6506852777944541,0.7062051096536562,0.0,0.0,0.0,0.0,-1109.0,0,1,0,0,0,0,0,0,0,0,0,0,0,0,0,0,0,0,0,0,0.0,0.0,0.0,0.0,0.0,0.0,49,0,3.726988168291529,0.2504849190954949,3.726988168291529
0,0,0,1,1,112500.0,276277.5,19777.5,238500.0,6,4,4,1,1,0.032561,-4284.0,-1822,1,1,0,1,0,0,3,3.0,1,1,4,18,0,0,0,0,0,0,28,0.6725824296105448,0.746300213050371,0.0,0.0,0.0,0.0,0.0,0,1,0,0,0,0,0,0,0,0,0,0,0,0,0,0,0,0,0,0,0.0,0.0,0.0,0.0,0.0,1.0,39,2,2.4557781708607034,0.1757984373472235,2.4557781708607034
0,1,0,1,0,202500.0,886500.0,28728.0,886500.0,6,7,4,1,1,0.026392,-5676.0,-2059,1,1,0,1,0,0,16,2.0,2,2,4,11,0,0,0,0,0,0,11,0.2494250083690144,0.3360615207658242,0.0,0.0,0.0,0.0,-141.0,0,1,0,0,0,0,0,0,0,0,0,0,0,0,0,0,0,0,0,0,0.0,0.0,0.0,0.0,0.0,1.0,56,5,4.377756159228843,0.1418659660939946,4.377756159228843
0,0,0,1,1,180000.0,970380.0,28503.0,810000.0,6,1,4,1,1,0.032561,-992.0,-1280,1,1,0,1,0,0,1,3.0,1,1,3,15,0,0,0,0,0,0,42,0.7883620159842183,0.6832688314232291,0.0,0.0,0.0,0.0,-723.0,0,1,0,0,0,0,0,0,0,0,0,0,0,0,0,0,0,0,0,0,0.0,0.0,1.0,0.0,2.0,1.0,48,0,5.390970050166388,0.1583491202826651,5.390970050166388
0,0,1,1,0,67500.0,706221.0,22909.5,589500.0,1,7,4,1,1,0.018634,-12409.0,-5395,1,1,1,1,1,0,8,2.0,2,2,1,9,0,0,0,0,0,0,35,0.4436058213081225,0.5352762504724826,0.0,0.0,0.0,0.0,-1785.0,0,1,0,0,0,0,0,0,0,0,0,0,0,0,0,0,0,0,0,0,0.0,0.0,0.0,0.0,0.0,1.0,36,9,10.462378335135776,0.3393949719263418,10.462378335135776
0,1,1,0,0,180000.0,472500.0,43852.5,454500.0,6,7,1,3,1,0.019101,-72.0,-3397,1,1,0,1,0,0,10,1.0,2,2,6,11,0,0,0,0,0,0,30,0.2562074503294243,0.8038850611746273,1.0,0.0,1.0,0.0,-2.0,0,1,0,0,0,0,0,0,0,0,0,0,0,0,1,0,0,0,0,0,0.0,0.0,0.0,0.0,0.0,0.0,55,27,2.624985416747685,0.243623646535297,2.624985416747685
0,0,0,0,0,135000.0,1350000.0,39474.0,1350000.0,6,7,4,1,1,0.010032,-8665.0,-3411,1,1,1,1,1,0,3,2.0,2,2,5,14,0,0,0,0,0,0,28,0.6447776425839129,0.3740208032583212,1.0,0.0,1.0,0.0,-831.0,0,0,0,1,0,0,0,0,0,0,0,0,0,0,0,0,0,0,0,0,0.0,0.0,0.0,0.0,0.0,1.0,55,15,9.99992592647462,0.2923978340901178,9.99992592647462
0,0,1,0,0,160200.0,1724220.0,45612.0,1350000.0,1,4,1,1,1,0.010147,-2430.0,-4295,1,1,1,1,0,0,10,2.0,2,2,6,10,0,0,0,0,0,0,20,0.5126277265141532,0.7688075728291359,0.0,0.0,0.0,0.0,-2.0,0,1,0,0,0,0,0,0,0,0,0,0,0,0,1,0,0,0,0,0,0.0,0.0,0.0,0.0,0.0,0.0,39,17,10.762854164455902,0.2847173238618984,10.762854164455902
0,0,0,0,1,90000.0,314100.0,13963.5,225000.0,6,7,4,0,5,0.015221,-4463.0,-2892,1,1,0,1,0,0,11,3.0,2,2,6,14,0,0,0,1,1,0,30,0.2666608684741324,0.5954562029091491,6.0,0.0,6.0,0.0,0.0,0,1,0,0,0,0,0,0,0,0,0,0,0,0,0,0,0,0,0,0,0.0,0.0,0.0,0.0,0.0,5.0,34,1,3.489961222653082,0.1551482761302652,3.489961222653082
1,0,0,1,0,184500.0,540000.0,27000.0,540000.0,6,7,1,3,1,0.031329,-3680.0,-1741,1,1,0,1,0,0,3,1.0,2,2,3,10,0,0,0,0,0,0,34,0.1412610662583453,0.7180328113294772,3.0,0.0,3.0,0.0,-479.0,0,0,0,0,0,0,0,0,0,0,0,0,0,0,0,0,0,0,0,0,0.0,0.0,0.0,0.0,2.0,2.0,36,12,2.926813404805394,0.1463406702402697,2.926813404805394
1,0,0,1,0,135000.0,180000.0,9000.0,180000.0,1,7,4,3,1,0.0196889999999999,-8092.0,-788,1,1,0,1,0,0,11,1.0,2,2,5,11,0,0,0,1,1,0,30,0.5339046625017316,0.4561097392782771,1.0,0.0,1.0,0.0,-261.0,0,0,0,0,0,0,0,0,0,0,0,0,0,0,0,0,0,0,0,0,0.0,0.0,0.0,0.0,0.0,0.0,22,2,1.3333234568632826,0.0666661728431641,1.3333234568632826
0,0,0,1,0,135000.0,463171.5,45252.0,463171.5,6,3,4,2,1,0.018209,-3020.0,-4356,1,0,0,1,1,0,18,1.0,3,3,0,8,0,0,0,0,0,0,57,0.4911519033506087,0.5352762504724826,1.0,0.0,1.0,0.0,-960.0,0,0,0,0,1,0,0,0,0,0,0,0,0,0,0,0,0,0,0,0,0.0,0.0,0.0,0.0,0.0,1.0,63,0,3.430874586114177,0.3351975170554292,3.430874586114177
0,0,1,0,0,112500.0,1042560.0,34587.0,900000.0,1,7,4,3,1,0.018029,-7154.0,-1086,1,1,1,1,0,0,14,1.0,3,3,4,9,0,0,0,0,0,0,42,0.6469982948020053,0.5352762504724826,0.0,0.0,0.0,0.0,0.0,0,1,0,0,0,0,0,0,0,0,0,0,0,0,0,0,0,0,0,0,0.0,0.0,0.0,0.0,0.0,1.0,23,4,9.267117625621106,0.3074372672242913,9.267117625621106
0,1,1,1,0,173250.0,534204.0,32679.0,495000.0,1,4,4,1,1,0.00702,-741.0,-2499,1,1,1,1,0,0,4,2.0,2,2,4,11,0,0,0,0,0,0,31,0.4504112212581144,0.190705947811054,0.0,0.0,0.0,0.0,-1519.0,0,1,0,0,0,0,0,0,0,0,0,0,0,0,0,0,0,0,0,0,0.0,0.0,0.0,0.0,0.0,2.0,26,0,3.0834107739637866,0.1886222878944421,3.0834107739637866
0,0,0,1,1,45000.0,199080.0,11556.0,157500.0,6,7,4,1,1,0.0145199999999999,-4825.0,-1265,1,1,1,1,1,0,14,3.0,2,2,6,6,0,0,0,0,0,0,42,0.2112977349140676,0.4938628816996244,0.0,0.0,0.0,0.0,-1258.0,0,1,0,0,0,0,0,0,0,0,0,0,0,0,0,0,0,0,0,0,0.0,0.0,0.0,0.0,0.0,2.0,48,7,4.423901691073532,0.2567942934601453,4.423901691073532
0,0,0,1,1,90000.0,142213.5,11362.5,108000.0,6,7,4,1,1,0.018801,-501.0,-1753,1,1,1,1,1,1,11,3.0,2,2,1,9,0,0,0,0,0,0,30,0.5747333343674708,0.0774985464900651,2.0,0.0,2.0,0.0,-333.0,0,1,0,0,0,0,0,0,0,0,0,0,0,0,0,0,0,0,0,0,0.0,0.0,0.0,0.0,0.0,6.0,30,8,1.5801324429728558,0.1262485972378084,1.5801324429728558
0,0,0,1,0,148500.0,135000.0,6075.0,135000.0,6,3,1,3,1,0.0145199999999999,-1448.0,-5116,1,0,0,1,1,0,18,1.0,2,2,5,11,0,0,0,0,0,0,57,0.6620483367059392,0.0005272652387098,0.0,0.0,0.0,0.0,0.0,0,0,0,0,1,0,0,0,0,0,0,0,0,0,0,0,0,0,0,0,0.0,0.0,0.0,0.0,0.0,0.0,61,0,0.9090847873078296,0.0409088154288523,0.9090847873078296
0,1,1,0,0,180000.0,545040.0,26509.5,450000.0,6,7,4,1,2,0.011703,-6935.0,-4692,1,1,0,1,1,0,8,2.0,2,2,0,15,0,0,0,0,0,0,20,0.6247406019499938,0.3344541255096772,0.0,0.0,0.0,0.0,-543.0,0,1,0,0,0,0,0,0,0,0,0,0,0,0,0,0,0,0,0,0,0.0,0.0,0.0,0.0,0.0,3.0,35,8,3.027983177871234,0.147274181810101,3.027983177871234
0,0,0,0,0,90000.0,125640.0,6543.0,90000.0,6,1,1,0,1,0.019101,-9663.0,-4550,1,1,0,1,0,0,0,2.0,2,2,4,14,0,0,0,0,0,0,16,0.4764078929850271,0.5762088360175724,0.0,0.0,0.0,0.0,-2006.0,0,1,0,0,0,0,0,0,0,0,0,0,0,0,0,0,0,0,0,0,0.0,0.0,0.0,0.0,0.0,3.0,42,1,1.3959844890612327,0.0726991922311974,1.3959844890612327
0,0,0,1,1,90000.0,448299.0,18990.0,387000.0,6,7,4,1,1,0.009175,-1400.0,-1253,1,1,0,1,0,0,3,3.0,2,2,2,12,0,0,0,0,0,0,28,0.7158431607438978,0.5154953751603267,5.0,0.0,5.0,0.0,-1238.0,0,1,0,0,0,0,0,0,0,0,0,0,0,0,0,0,0,0,0,0,0.0,0.0,0.0,0.0,0.0,0.0,48,3,4.981044655059388,0.2109976555816046,4.981044655059388
0,0,0,1,1,29250.0,344043.0,14575.5,297000.0,6,3,4,1,1,0.031329,-3414.0,-4104,1,0,0,1,0,0,18,3.0,2,2,0,9,0,0,0,0,0,0,57,0.5695944878751288,0.5352762504724826,0.0,0.0,0.0,0.0,-1072.0,0,1,0,0,0,0,0,0,0,0,0,0,0,0,0,0,0,0,0,0,0.0,0.0,0.0,0.0,0.0,1.0,59,0,11.76175173498342,0.4982906567296845,11.76175173498342
0,1,0,1,1,180000.0,898735.5,45886.5,738000.0,6,7,4,1,1,0.04622,-5553.0,-564,1,1,0,1,0,0,8,3.0,1,1,2,15,0,0,0,0,1,1,5,0.6077442898030296,0.5352762504724826,3.0,0.0,3.0,0.0,-42.0,0,1,0,0,0,0,0,0,0,0,0,0,0,0,0,0,0,0,0,0,0.0,0.0,0.0,0.0,0.0,1.0,31,0,4.992947261404104,0.254923583757868,4.992947261404104
0,0,1,0,0,310365.0,1899679.5,96633.0,1813500.0,6,1,1,1,1,0.072508,-9931.0,-2330,1,1,0,1,1,0,0,2.0,1,1,6,19,0,1,1,0,0,0,5,0.7387755719517134,0.501075160239048,4.0,0.0,4.0,0.0,-1660.0,0,1,0,0,0,0,0,0,0,0,0,0,0,0,0,0,0,0,0,0,0.0,0.0,0.0,1.0,0.0,1.0,51,4,6.120771927337402,0.3113517588911156,6.120771927337402
0,0,1,1,0,270000.0,1301611.5,55278.0,1116000.0,6,7,1,1,1,0.032561,-6050.0,-4553,1,1,0,1,1,0,0,2.0,1,1,4,20,0,0,0,0,1,1,4,0.7033989994668733,0.7544061731797895,0.0,0.0,0.0,0.0,-461.0,0,1,0,0,0,0,0,0,0,0,0,0,0,0,0,0,0,0,0,0,0.0,0.0,0.0,0.0,1.0,1.0,57,6,4.820765478646376,0.2047325750645368,4.820765478646376
0,0,0,0,2,180000.0,733315.5,39199.5,679500.0,6,7,4,1,1,0.009175,-5901.0,-6124,1,1,0,1,1,0,14,4.0,2,2,5,12,0,0,0,0,0,0,51,0.7004112503403592,0.5352762504724826,6.0,3.0,6.0,2.0,-935.0,0,1,0,0,0,0,0,0,0,0,0,0,0,0,0,0,0,0,0,0,0.0,0.0,0.0,0.0,0.0,2.0,38,3,4.073952366931295,0.2177737901456103,4.073952366931295
0,0,0,1,0,225000.0,445500.0,16132.5,445500.0,6,4,1,5,1,0.0228,-8672.0,-3973,1,1,0,1,1,0,18,1.0,2,2,1,15,0,0,0,0,0,0,33,0.7172599729080581,0.524496446363472,0.0,0.0,0.0,0.0,-3338.0,0,1,0,0,0,0,0,0,0,0,0,0,0,0,0,0,0,0,0,0,0.0,0.0,0.0,0.0,0.0,2.0,56,26,1.9799912000391109,0.0716996813347496,1.9799912000391109
0,0,0,0,0,270000.0,781920.0,41656.5,675000.0,6,7,4,1,1,0.016612,-4365.0,-5059,1,1,0,1,1,0,18,2.0,2,2,3,13,0,0,0,0,0,0,5,0.5456053604327568,0.470456116119975,0.0,0.0,0.0,0.0,-2045.0,0,0,0,1,0,0,0,0,0,0,0,0,0,0,0,0,0,0,0,0,0.0,0.0,0.0,0.0,0.0,1.0,40,7,2.8959892741138,0.1542827619156966,2.8959892741138
1,0,0,1,1,47250.0,202500.0,10125.0,202500.0,6,7,4,1,1,0.031329,-620.0,-3119,1,1,0,1,0,0,3,3.0,2,2,3,11,0,0,0,0,0,0,28,0.4966507266311186,0.4489622731076524,9.0,0.0,9.0,0.0,-1498.0,0,0,0,0,0,0,0,0,0,0,0,0,0,0,0,0,0,0,0,0,0.0,0.0,0.0,0.0,3.0,2.0,29,10,4.285623584686038,0.2142811792343019,4.285623584686038
0,0,0,1,1,135000.0,450000.0,24543.0,450000.0,6,1,1,1,1,0.014464,-5537.0,-5102,1,1,1,1,1,0,2,3.0,2,2,4,3,0,0,0,0,0,0,38,0.3011405563178119,0.6986675550534175,1.0,0.0,1.0,0.0,-722.0,0,1,0,0,0,0,0,0,0,0,0,0,0,0,0,0,0,0,0,0,0.0,0.0,0.0,0.0,1.0,1.0,37,11,3.3333086421582063,0.1817986533433085,3.3333086421582063
0,0,0,0,1,90000.0,273636.0,29601.0,247500.0,6,1,4,1,5,0.018801,-6017.0,-3973,1,1,0,1,0,0,8,3.0,2,2,1,9,0,0,0,0,0,0,16,0.600349004909928,0.8106180215523969,0.0,0.0,0.0,0.0,-1559.0,0,1,0,0,0,0,0,0,0,0,0,0,0,0,0,0,0,0,0,0,0.0,0.0,0.0,1.0,0.0,0.0,34,4,3.040366218153132,0.32889634559616,3.040366218153132
0,0,0,0,0,135000.0,436032.0,16434.0,360000.0,6,1,4,0,1,0.01885,-6037.0,-4959,1,1,0,1,1,0,3,2.0,2,2,6,17,0,0,0,1,1,0,42,0.510923002773011,0.4830501881366946,1.0,0.0,1.0,0.0,-1206.0,0,0,0,1,0,0,0,0,0,0,0,0,0,0,0,0,0,0,0,0,0.0,0.0,0.0,0.0,0.0,2.0,38,7,3.229842741905616,0.1217324316116176,3.229842741905616
0,0,1,1,0,180000.0,472500.0,27126.0,472500.0,6,3,4,0,1,0.010556,-789.0,-4179,1,0,0,1,0,0,18,2.0,3,3,6,18,0,0,0,0,0,0,57,0.6840712757018453,0.6496203111237195,0.0,0.0,0.0,0.0,-664.0,0,0,0,0,1,0,0,0,0,0,0,0,0,0,0,0,0,0,0,0,0.0,0.0,0.0,0.0,0.0,4.0,56,0,2.624985416747685,0.1506991627824289,2.624985416747685
0,0,1,1,0,180000.0,450000.0,24543.0,450000.0,6,1,4,1,1,0.028663,-2350.0,-3346,1,1,0,1,0,0,14,2.0,2,2,5,8,0,0,0,0,0,0,42,0.5075019012852592,0.5478104658520093,1.0,0.0,1.0,0.0,-1470.0,0,1,0,0,0,0,0,0,0,0,0,0,0,0,0,0,0,0,0,0,0.0,0.0,0.0,0.0,0.0,0.0,54,6,2.4999861111882717,0.1363492425042083,2.4999861111882717
0,1,1,0,0,90000.0,301464.0,19395.0,238500.0,6,1,4,1,1,0.031329,-7301.0,-3984,1,1,0,1,1,0,4,2.0,2,2,0,11,0,0,0,0,0,0,7,0.0221982638966717,0.6577838002083306,2.0,0.0,2.0,0.0,0.0,0,1,0,0,0,0,0,0,0,0,0,0,0,0,0,0,0,0,0,0,0.0,0.0,0.0,1.0,0.0,4.0,56,5,3.3495627826357484,0.2154976055821602,3.3495627826357484
0,0,0,0,0,202500.0,254700.0,14350.5,225000.0,6,3,4,1,1,0.072508,-8785.0,-5066,1,0,0,1,0,0,18,2.0,1,1,6,10,0,0,0,0,0,0,57,0.6516737315294504,0.5352762504724826,2.0,0.0,2.0,0.0,-728.0,0,0,0,0,1,0,0,0,0,0,0,0,0,0,0,0,0,0,0,0,0.0,0.0,0.0,0.0,0.0,1.0,66,0,1.2577715665601652,0.0708663167095471,1.2577715665601652
0,1,0,1,0,180000.0,545040.0,36553.5,450000.0,1,1,2,3,1,0.00963,-3418.0,-838,1,1,0,1,0,0,2,1.0,2,2,2,15,0,0,0,1,1,0,5,0.3011359541974891,0.3201633668633456,0.0,0.0,0.0,0.0,-728.0,0,1,0,0,0,0,0,0,0,0,0,0,0,0,0,0,0,0,0,0,0.0,0.0,0.0,0.0,0.0,7.0,23,2,3.027983177871234,0.2030738718118232,3.027983177871234
0,0,0,0,0,202500.0,469152.0,24084.0,405000.0,6,7,4,1,2,0.020713,-2432.0,-3661,1,1,1,1,0,0,11,2.0,3,3,5,13,0,0,0,1,1,0,30,0.4888512647063184,0.5620604831738043,5.0,0.0,5.0,0.0,-796.0,0,1,0,0,0,0,0,0,0,0,0,0,0,0,0,0,0,0,0,0,0.0,0.0,0.0,0.0,0.0,3.0,42,2,2.316788559068844,0.1189327460111308,2.316788559068844
0,0,0,1,2,270000.0,397881.0,22972.5,328500.0,6,1,4,1,1,0.072508,-8456.0,-3988,1,1,0,1,0,0,14,4.0,1,1,6,17,0,0,0,0,0,0,5,0.7402288961016834,0.5352762504724826,0.0,0.0,0.0,0.0,-1598.0,0,1,0,0,0,0,0,0,0,0,0,0,0,0,0,0,0,0,0,0,0.0,0.0,0.0,2.0,0.0,3.0,41,11,1.473627875452313,0.0850830182110436,1.473627875452313
0,1,0,1,0,69943.5,270000.0,11587.5,270000.0,6,1,4,3,1,0.018801,-3412.0,-1222,1,1,1,1,0,0,14,1.0,2,2,1,13,0,0,0,0,0,0,47,0.4211548093409349,0.5352762504724826,3.0,0.0,3.0,0.0,-96.0,0,0,0,0,0,0,0,0,0,0,0,0,0,0,0,0,1,0,0,0,0.0,0.0,0.0,0.0,0.0,1.0,23,0,3.860203447018708,0.1656670646012195,3.860203447018708
0,0,0,1,0,135000.0,755190.0,30078.0,675000.0,6,3,4,5,1,0.02461,-509.0,-4691,1,0,0,1,0,0,18,1.0,2,2,2,10,0,0,0,0,0,0,57,0.6359143216564411,0.7517237147741489,2.0,1.0,2.0,1.0,-1487.0,0,1,0,0,0,0,0,0,0,0,0,0,0,0,0,0,0,0,0,0,0.0,0.0,0.0,0.0,2.0,1.0,63,0,5.593958563269902,0.2227983496418545,5.593958563269902
1,0,0,0,0,135000.0,495000.0,24750.0,495000.0,6,1,1,3,5,0.031329,-5556.0,-4893,1,1,0,1,1,0,14,1.0,2,2,6,13,0,0,0,0,0,0,42,0.7072304665172646,0.7544061731797895,0.0,0.0,0.0,0.0,-2701.0,0,0,0,0,0,0,0,0,0,0,0,0,0,0,0,0,0,0,0,0,0.0,0.0,0.0,1.0,0.0,3.0,44,3,3.6666395063740262,0.1833319753187013,3.6666395063740262
1,0,0,1,0,135000.0,337500.0,16875.0,337500.0,6,3,4,3,1,0.025164,-10791.0,-239,1,0,0,1,0,0,18,1.0,2,2,5,7,0,0,0,0,0,0,57,0.4915344713099084,0.5352762504724826,3.0,0.0,3.0,0.0,-206.0,0,0,0,0,0,0,0,0,0,0,0,0,0,0,0,0,0,0,0,0,0.0,0.0,0.0,0.0,0.0,1.0,59,0,2.4999814816186547,0.1249990740809327,2.4999814816186547
0,0,0,0,0,337500.0,1006920.0,42790.5,900000.0,1,3,1,1,1,0.072508,-9681.0,-911,1,0,0,1,1,0,18,2.0,1,1,0,12,0,0,0,0,0,0,57,0.731735423611235,0.4276573700350293,0.0,0.0,0.0,0.0,-1673.0,0,0,0,0,1,0,0,0,0,0,0,0,0,0,0,0,0,0,0,0,0.0,0.0,0.0,0.0,0.0,2.0,47,0,2.9834578267916245,0.1267862910035822,2.9834578267916245
0,1,1,0,1,157500.0,1288350.0,34114.5,1125000.0,6,7,4,1,1,0.006305,-6761.0,-1662,1,1,0,1,0,0,10,3.0,3,3,0,5,0,0,0,0,0,0,42,0.5706127786052059,0.7992967832109371,0.0,0.0,0.0,0.0,-942.0,0,0,0,0,0,0,1,0,0,0,0,0,1,0,0,0,0,0,0,0,0.0,0.0,0.0,0.0,0.0,0.0,53,13,8.179948063821817,0.2165986247706363,8.179948063821817
0,1,0,0,0,180000.0,447768.0,41566.5,405000.0,6,1,4,0,1,0.031329,-728.0,-3064,1,1,0,1,0,0,14,2.0,2,2,3,14,0,0,0,0,0,0,42,0.2910009013726323,0.4241303111942548,0.0,0.0,0.0,0.0,-189.0,0,1,0,0,0,0,0,0,0,0,0,0,0,0,0,0,0,0,0,0,0.0,0.0,0.0,0.0,3.0,4.0,29,7,2.4875861800767773,0.2309237170904606,2.4875861800767773
0,0,1,1,2,180000.0,143910.0,14364.0,135000.0,1,7,1,1,1,0.019101,-1989.0,-1989,1,1,0,1,0,0,14,4.0,2,2,6,10,0,0,0,0,0,0,33,0.5534652122547822,0.5352762504724826,1.0,1.0,1.0,1.0,0.0,0,1,0,0,0,0,0,0,0,0,0,0,0,0,0,0,0,0,0,0,0.0,0.0,0.0,0.0,0.0,0.0,42,4,0.7994955583580091,0.0797995566691296,0.7994955583580091
0,0,0,0,0,157500.0,604152.0,30847.5,540000.0,6,1,4,0,2,0.032561,-6199.0,-4259,1,1,0,1,1,0,8,2.0,1,1,6,20,0,0,0,0,0,0,5,0.6942220190408451,0.622922000268356,0.0,0.0,0.0,0.0,-2464.0,0,1,0,0,0,0,0,0,0,0,0,0,0,0,0,0,0,0,0,0,0.0,0.0,0.0,0.0,0.0,4.0,33,7,3.835861359610415,0.1958558993276233,3.835861359610415
0,1,1,0,0,45000.0,142200.0,8068.5,112500.0,6,3,4,1,1,0.035792,-2152.0,-4487,1,0,0,1,0,0,18,2.0,2,2,1,11,0,0,0,0,0,0,57,0.3482502714172373,0.6279908192952864,0.0,0.0,0.0,0.0,0.0,0,0,0,0,0,0,1,0,0,0,0,0,0,0,0,0,0,0,0,0,0.0,0.0,0.0,0.0,1.0,1.0,64,0,3.159929779338237,0.1792960156440968,3.159929779338237
0,1,1,1,0,121500.0,369085.5,24349.5,342000.0,6,1,1,0,1,0.022625,-4530.0,-2310,1,1,0,1,1,0,8,2.0,2,2,0,14,0,0,0,0,0,0,16,0.6787401777682499,0.5352762504724826,11.0,0.0,11.0,0.0,0.0,0,1,0,0,0,0,0,0,0,0,0,1,0,0,0,0,0,0,0,0,0.0,0.0,0.0,0.0,0.0,1.0,26,4,3.0377157389651117,0.2004057579773006,3.0377157389651117
1,0,0,1,0,202500.0,450000.0,22500.0,450000.0,6,1,4,3,1,0.032561,-1312.0,-4150,1,1,0,1,1,0,12,1.0,1,1,1,10,0,0,0,0,0,0,5,0.7870455569911674,0.5352762504724826,3.0,0.0,3.0,0.0,-1399.0,0,0,0,0,0,0,0,0,0,0,0,0,0,0,0,0,0,0,0,0,0.0,0.0,0.0,0.0,0.0,1.0,36,1,2.2222112483395144,0.1111105624169757,2.2222112483395144
0,0,0,1,0,139500.0,781920.0,41787.0,675000.0,6,3,4,3,1,0.032561,-329.0,-4722,1,0,0,1,0,0,18,1.0,1,1,5,19,0,0,0,0,0,0,57,0.6108572564473289,0.2405414172860865,0.0,0.0,0.0,0.0,0.0,0,1,0,0,0,0,0,0,0,0,0,0,0,0,0,0,0,0,0,0,0.0,0.0,0.0,1.0,0.0,0.0,61,0,5.605121110242937,0.299546239811901,5.605121110242937
0,0,0,1,0,360000.0,248760.0,26248.5,225000.0,1,1,1,1,1,0.072508,-2915.0,-3331,1,1,0,1,0,0,3,2.0,1,1,3,10,0,0,0,0,0,0,39,0.6118080962083102,0.6817058776720116,4.0,0.0,4.0,0.0,-850.0,0,1,0,0,0,0,0,0,0,0,0,0,0,0,0,0,0,0,0,0,0.0,0.0,0.0,0.0,0.0,2.0,38,2,0.6909980805608873,0.0729122974658403,0.6909980805608873
0,1,0,1,0,135000.0,275040.0,13504.5,180000.0,6,7,4,0,1,0.04622,-3934.0,-3932,1,1,0,1,0,0,8,2.0,1,1,5,12,0,1,1,0,0,0,5,0.7044517857039133,0.2837118826350007,0.0,0.0,0.0,0.0,-214.0,0,1,0,0,0,0,0,0,0,0,0,0,0,0,0,0,0,0,0,0,0.0,0.0,0.0,1.0,0.0,2.0,39,2,2.037318242087096,0.1000325923511677,2.037318242087096
0,1,1,1,0,112500.0,401386.5,31189.5,346500.0,6,7,4,3,1,0.035792,-3181.0,-1046,1,1,0,1,0,0,18,1.0,2,2,0,14,0,0,0,0,0,0,33,0.3860112635518517,0.3312508645909018,1.0,0.0,1.0,0.0,-11.0,0,1,0,0,0,0,0,0,0,0,0,0,0,0,0,0,0,0,0,0,0.0,0.0,0.0,0.0,0.0,2.0,22,0,3.567848285793015,0.2772375356663496,3.567848285793015
0,0,1,1,0,180000.0,273024.0,21699.0,216000.0,6,7,4,5,1,0.035792,-4526.0,-603,1,1,1,1,1,0,8,1.0,2,2,2,13,0,0,0,0,0,0,5,0.4065787935089311,0.434733248750173,0.0,0.0,0.0,0.0,0.0,0,0,0,0,0,0,1,0,0,0,0,0,0,0,0,0,0,0,0,0,0.0,0.0,0.0,0.0,0.0,1.0,33,3,1.5167915733801478,0.1205493302814984,1.5167915733801478
0,0,0,1,2,135000.0,254700.0,14751.0,225000.0,6,4,1,1,1,0.00702,-6356.0,-3920,1,1,0,1,0,0,3,4.0,2,2,0,14,0,0,0,0,0,0,28,0.549581682502451,0.5779691187553125,6.0,0.0,6.0,0.0,-1290.0,0,1,0,0,0,0,0,0,0,0,0,0,0,0,0,0,0,0,0,0,0.0,0.0,0.0,0.0,0.0,2.0,33,1,1.886652691461545,0.109265857289946,1.886652691461545
0,1,0,1,0,225000.0,1096020.0,56092.5,900000.0,1,7,4,1,3,0.020713,-3073.0,-4214,1,1,0,1,0,1,8,2.0,3,2,0,9,0,0,0,0,0,0,5,0.5368746249416753,0.5691487713619409,0.0,0.0,0.0,0.0,-869.0,0,1,0,0,0,0,0,0,0,0,0,0,0,0,0,0,0,0,0,0,0.0,0.0,0.0,0.0,0.0,3.0,44,2,4.871178350318443,0.2492988920049244,4.871178350318443
0,1,0,0,0,225000.0,1375956.0,40230.0,1201500.0,6,7,4,3,1,0.008019,-11873.0,-4048,1,1,1,1,0,0,12,1.0,2,2,1,14,0,1,1,0,1,1,42,0.2218517978291104,0.434733248750173,0.0,0.0,0.0,0.0,-448.0,0,1,0,0,0,0,0,0,0,0,0,0,0,0,0,0,0,0,0,0,0.0,0.0,0.0,0.0,2.0,3.0,56,2,6.115332820743019,0.1787992053368651,6.115332820743019
0,1,0,0,1,109800.0,1762110.0,50629.5,1575000.0,1,1,2,1,5,0.00823,-271.0,-1930,1,1,1,1,0,0,3,3.0,2,2,4,13,0,0,0,0,0,0,11,0.381408961891907,0.3622772470384314,1.0,0.0,0.0,0.0,-4.0,0,1,0,0,0,0,0,0,0,0,0,0,0,0,0,0,1,0,0,0,0.0,0.0,0.0,0.0,0.0,0.0,25,4,16.048214497135728,0.4611023579020227,16.048214497135728
0,0,0,0,1,112500.0,225000.0,22383.0,225000.0,6,7,4,5,1,0.010643,-3813.0,-3491,1,1,0,1,0,0,18,2.0,2,2,2,17,0,0,0,0,1,1,5,0.4998433435672068,0.3474182272002641,0.0,0.0,0.0,0.0,-1088.0,0,1,0,0,0,0,0,0,0,0,0,0,0,0,0,0,0,0,0,0,0.0,0.0,0.0,0.0,0.0,3.0,54,3,1.9999822223802453,0.1989582314823868,1.9999822223802453
0,0,0,1,0,112500.0,1245636.0,41296.5,1116000.0,6,3,4,1,1,0.018029,-25.0,-1053,1,0,0,1,0,0,18,2.0,3,3,1,11,0,0,0,0,0,0,57,0.6357624198504956,0.4436153084085652,11.0,0.0,11.0,0.0,-2942.0,0,1,0,0,0,0,0,0,0,0,0,0,0,0,0,0,0,0,0,0,0.0,0.0,1.0,0.0,0.0,3.0,62,0,11.07222158025262,0.3670767370956702,11.07222158025262
0,0,0,1,1,72000.0,123993.0,9864.0,103500.0,6,7,4,5,5,0.02461,-5239.0,-5073,1,1,0,1,0,0,11,2.0,2,2,1,10,0,0,0,0,1,1,30,0.6053750554768198,0.5797274227921155,3.0,2.0,3.0,2.0,-486.0,0,1,0,0,0,0,0,0,0,0,0,0,0,0,0,0,0,0,0,0,0.0,0.0,0.0,0.0,0.0,2.0,36,5,1.7221010819294176,0.1369980972486493,1.7221010819294176
0,0,1,0,0,126000.0,216000.0,25632.0,216000.0,6,7,1,3,1,0.022625,-1246.0,-1295,1,1,0,1,1,0,14,1.0,2,2,5,12,0,0,0,0,0,0,5,0.1894419978524376,0.2103502286944494,0.0,0.0,0.0,0.0,-276.0,0,1,0,0,0,0,0,0,0,0,0,0,0,0,0,0,0,0,0,0,0.0,0.0,0.0,0.0,0.0,0.0,23,2,1.7142721089515165,0.2034269569289132,1.7142721089515165
0,0,0,0,0,130500.0,47970.0,5823.0,45000.0,1,4,4,1,2,0.014464,-54.0,-461,1,1,1,1,1,0,4,2.0,2,2,1,8,0,0,0,0,1,1,41,0.2079572894362848,0.5352762504724826,0.0,0.0,0.0,0.0,-690.0,0,1,0,0,0,0,0,0,0,0,0,0,0,0,0,0,0,0,0,0,0.0,0.0,0.0,0.0,0.0,1.0,23,3,0.3675833901655926,0.0446203477367989,0.3675833901655926
0,0,0,1,0,270000.0,500211.0,28845.0,463500.0,6,7,4,1,1,0.010147,-6296.0,-2286,1,1,0,1,1,0,8,2.0,2,2,5,12,0,0,0,0,0,0,42,0.6391484001851713,0.7738956942145427,11.0,0.0,11.0,0.0,0.0,0,1,0,0,0,0,0,0,0,0,0,0,0,0,0,0,0,0,0,0,0.0,0.0,0.0,0.0,0.0,5.0,51,0,1.8526264717538083,0.1068329376557864,1.8526264717538083
0,0,0,0,0,135000.0,292500.0,15867.0,292500.0,6,7,4,0,1,0.00712,-1375.0,-256,1,1,1,1,0,0,14,2.0,2,2,6,9,0,0,0,0,0,0,42,0.5624127532070423,0.4400578303966329,0.0,0.0,0.0,0.0,-145.0,0,1,0,0,0,0,0,0,0,0,0,0,0,0,0,0,0,0,0,0,0.0,0.0,0.0,0.0,0.0,1.0,45,2,2.166650617402834,0.1175324627224983,2.166650617402834
0,0,0,1,0,234000.0,1223010.0,51948.0,1125000.0,6,7,1,1,1,0.001276,-1727.0,-60,1,1,0,1,0,0,3,2.0,2,2,5,3,0,0,0,0,0,0,39,0.5677278864735424,0.5352762504724826,8.0,0.0,8.0,0.0,-1473.0,0,1,0,0,0,0,0,0,0,0,0,0,0,0,0,0,0,0,0,0,0.0,0.0,0.0,0.0,0.0,1.0,45,9,5.226516125999462,0.2219990512861056,5.226516125999462
0,0,0,1,0,112500.0,202765.5,14548.5,184500.0,1,1,1,1,1,0.006852,-3814.0,-3834,1,1,0,1,0,0,2,2.0,3,3,3,9,0,0,0,0,0,0,42,0.1603640953925049,0.722392890081304,0.0,0.0,0.0,0.0,-1952.0,0,1,0,0,0,0,0,0,0,0,0,0,0,0,0,0,0,0,0,0,0.0,0.0,0.0,0.0,0.0,1.0,61,10,1.8023439791646296,0.1293188504991066,1.8023439791646296
0,1,0,1,1,67500.0,254700.0,14350.5,225000.0,6,7,3,1,1,0.018209,-4488.0,-3905,1,1,1,1,0,0,16,3.0,3,3,5,8,0,0,0,0,0,0,5,0.4461710421516012,0.1411151004466126,1.0,0.0,1.0,0.0,-1628.0,0,1,0,0,0,0,0,0,0,0,0,0,0,0,0,0,0,0,0,0,0.0,0.0,0.0,1.0,0.0,2.0,57,5,3.77327743292692,0.2125968504170308,3.77327743292692
0,1,0,0,1,135000.0,284400.0,13257.0,225000.0,6,7,4,0,4,0.0116569999999999,-7703.0,-2644,1,1,0,1,0,0,18,3.0,1,1,5,18,0,0,0,0,0,0,4,0.5305456120233449,0.6642482627052363,0.0,0.0,0.0,0.0,-1179.0,0,1,0,0,0,0,0,0,0,0,0,0,0,0,0,0,0,0,0,0,0.0,0.0,0.0,0.0,0.0,0.0,27,5,2.106651061843986,0.0981992725979807,2.106651061843986
0,0,0,1,0,90000.0,787131.0,26014.5,679500.0,6,3,4,1,1,0.018634,-8275.0,-2353,1,0,0,1,1,0,18,2.0,2,2,6,13,0,0,0,0,0,0,57,0.490359474623552,0.6380435278721609,0.0,0.0,0.0,0.0,-947.0,0,1,0,0,0,0,0,0,0,0,0,0,0,0,0,0,0,0,0,0,0.0,0.0,0.0,0.0,0.0,0.0,51,0,8.745802824413062,0.2890467883690181,8.745802824413062
0,0,1,1,0,225000.0,1078200.0,34911.0,900000.0,6,7,2,1,1,0.018801,-484.0,-4746,1,1,0,1,0,0,18,2.0,2,2,5,12,0,0,0,0,1,1,42,0.1548483364575313,0.5726825047161584,3.0,0.0,3.0,0.0,0.0,0,0,0,0,0,0,1,0,0,0,0,0,0,0,0,0,0,0,0,0,0.0,0.0,0.0,6.0,0.0,4.0,41,4,4.791978702316879,0.1551593104030648,4.791978702316879
0,0,0,0,0,112500.0,364896.0,15457.5,315000.0,6,4,4,5,2,0.010032,-4254.0,-2118,1,1,1,1,1,0,3,1.0,2,2,1,9,0,0,0,0,0,0,28,0.3027168252129539,0.3376727217405312,0.0,0.0,0.0,0.0,-1817.0,0,1,0,0,0,0,0,0,0,0,0,0,0,0,0,0,0,0,0,0,0.0,0.0,0.0,0.0,0.0,0.0,50,25,3.243491168967387,0.1373987786775228,3.243491168967387
1,1,1,0,0,126000.0,202500.0,10125.0,202500.0,6,4,1,1,1,0.010032,-4616.0,-2605,1,1,0,0,0,0,6,2.0,2,2,6,6,0,0,0,1,1,0,30,0.6377097627629672,0.6127042441012546,0.0,0.0,0.0,0.0,-1.0,0,0,0,0,0,0,1,0,0,0,0,0,0,0,0,0,0,0,0,0,0.0,0.0,0.0,0.0,0.0,0.0,27,2,1.6071301021420463,0.0803565051071023,1.6071301021420463
1,0,1,1,0,144000.0,157500.0,7875.0,157500.0,6,7,4,1,1,0.031329,-7302.0,-4516,1,1,0,1,0,0,8,2.0,2,2,6,10,0,0,0,0,0,0,9,0.7380194607727149,0.6512602186973006,0.0,0.0,0.0,0.0,-1503.0,0,0,0,0,0,0,0,0,0,0,0,0,0,0,0,0,0,0,0,0,0.0,0.0,0.0,1.0,0.0,3.0,57,25,1.0937424045666349,0.0546871202283317,1.0937424045666349
0,0,0,1,0,45000.0,147888.0,8617.5,117000.0,1,3,3,5,1,0.010966,-12131.0,-4098,1,0,0,1,0,0,18,1.0,2,2,4,13,0,0,0,0,0,0,57,0.6014398168180174,0.4543210601605785,5.0,0.0,5.0,0.0,-265.0,0,0,0,0,1,0,0,0,0,0,0,0,0,0,0,0,0,0,0,0,0.0,0.0,0.0,1.0,0.0,0.0,62,0,3.2863269705117664,0.1914957445390102,3.2863269705117664
0,1,1,0,0,193500.0,490495.5,27517.5,454500.0,5,7,4,3,1,0.002042,-4631.0,-4643,1,1,0,1,0,0,4,1.0,3,3,1,15,0,0,0,1,1,0,5,0.2873555150647513,0.2608559142068693,0.0,0.0,0.0,0.0,0.0,0,1,0,0,0,0,0,0,0,0,0,0,0,0,0,0,0,0,0,0,0.0,0.0,0.0,0.0,1.0,2.0,39,4,2.534847365129896,0.1422085673975845,2.534847365129896
0,0,0,1,0,63000.0,314100.0,14553.0,225000.0,1,7,4,1,1,0.0105,-5005.0,-1141,1,1,0,1,1,0,3,2.0,3,3,1,18,0,0,0,0,0,0,28,0.3258817612236793,0.2707073872651806,1.0,0.0,1.0,0.0,0.0,0,1,0,0,0,0,0,0,0,0,0,0,0,0,1,0,0,0,0,0,0.0,0.0,0.0,0.0,0.0,0.0,32,1,4.985635148648434,0.2309963333915334,4.985635148648434
1,0,0,1,0,202500.0,157500.0,7875.0,157500.0,6,7,1,1,1,0.030755,-3418.0,-1128,1,1,0,1,0,0,10,2.0,2,2,0,18,0,0,0,0,0,0,7,0.7001863610908599,0.5352762504724826,4.0,0.0,4.0,0.0,-291.0,0,0,0,0,0,0,0,0,0,0,0,0,0,0,0,0,0,0,0,0,0.0,0.0,1.0,0.0,1.0,1.0,48,9,0.77777393691883,0.0388886968459415,0.77777393691883
0,0,0,1,0,112500.0,516069.0,22860.0,445500.0,6,3,4,1,1,0.020713,-2426.0,-3653,1,0,0,1,0,0,18,2.0,3,3,5,5,0,0,0,0,0,0,57,0.4875672593644118,0.5352762504724826,2.0,0.0,2.0,0.0,-1121.0,0,0,0,0,1,0,0,0,0,0,0,0,0,0,0,0,0,0,0,0,0.0,0.0,0.0,0.0,0.0,5.0,55,0,4.587239224540227,0.2031981937938329,4.587239224540227
0,0,1,0,0,292500.0,797557.5,42624.0,688500.0,6,7,4,1,5,0.04622,-113.0,-2120,1,1,0,1,1,0,11,2.0,1,1,6,15,0,1,1,0,0,0,30,0.6958720687151017,0.7751552674785404,11.0,1.0,11.0,0.0,-888.0,0,0,0,0,0,0,1,0,0,0,0,0,0,0,0,0,0,0,0,0,0.0,0.0,0.0,0.0,0.0,0.0,38,5,2.726682985699194,0.1457225787262265,2.726682985699194
0,1,1,1,1,450000.0,552555.0,33034.5,477000.0,6,1,1,1,1,0.04622,-3437.0,-965,1,1,0,1,0,1,10,3.0,1,1,5,10,0,0,0,0,0,0,5,0.2589045237897983,0.5352762504724826,2.0,0.0,2.0,0.0,-1165.0,0,1,0,0,0,0,0,0,0,0,0,0,0,0,0,0,0,0,0,0,0.0,0.0,0.0,0.0,0.0,1.0,27,3,1.227897271339397,0.0734098368670291,1.227897271339397
0,0,0,1,0,67500.0,128583.0,9742.5,117000.0,6,3,4,5,1,0.030755,-6362.0,-1385,1,0,0,1,0,0,18,1.0,2,2,5,9,0,0,0,0,0,0,57,0.6296389351782532,0.7194907850918436,0.0,0.0,0.0,0.0,-944.0,0,1,0,0,0,0,0,0,0,0,0,0,0,0,0,0,0,0,0,0,0.0,0.0,0.0,0.0,0.0,1.0,57,0,1.904905112516852,0.144331195093406,1.904905112516852
0,0,0,1,0,90000.0,864000.0,25393.5,864000.0,6,1,4,1,1,0.02461,-9535.0,-775,1,1,1,1,1,0,14,2.0,2,2,4,9,0,0,0,0,0,0,5,0.6692075044249337,0.5334816299804352,3.0,0.0,3.0,0.0,-1642.0,0,1,0,0,0,0,0,0,0,0,0,0,0,0,0,0,0,0,0,0,0.0,0.0,0.0,2.0,0.0,2.0,47,4,9.599893334518503,0.2821468650348329,9.599893334518503
0,1,1,0,1,135000.0,269550.0,17559.0,225000.0,1,1,4,1,5,0.01885,-3297.0,-4037,1,1,0,1,0,0,4,3.0,2,2,2,12,0,0,0,0,0,0,3,0.281158152174216,0.7610263695502636,0.0,0.0,0.0,0.0,-490.0,0,1,0,0,0,0,0,0,0,0,0,1,0,0,0,0,0,0,0,0,0.0,0.0,0.0,2.0,0.0,1.0,32,8,1.9966518766527652,0.1300657032170132,1.9966518766527652
0,0,0,1,0,261000.0,900000.0,26442.0,900000.0,6,7,1,3,1,0.032561,-12812.0,-2066,1,1,0,1,1,0,6,1.0,1,1,4,19,0,0,0,0,0,0,5,0.7371687389660068,0.4902575124990026,1.0,0.0,1.0,0.0,-1033.0,0,1,0,0,0,0,0,0,0,0,0,0,0,0,0,0,0,0,0,0,0.0,0.0,1.0,0.0,1.0,1.0,51,0,3.448262650334673,0.1013099566668326,3.448262650334673
0,1,1,1,0,112500.0,247275.0,17338.5,225000.0,6,7,4,0,1,0.0105,-1841.0,-3620,1,1,1,1,1,0,4,2.0,3,3,0,14,0,0,0,0,0,0,5,0.1708060626843829,0.6545292802242897,1.0,1.0,1.0,1.0,-1784.0,0,1,0,0,0,0,0,0,0,0,0,0,0,0,0,0,0,0,0,0,0.0,0.0,0.0,0.0,0.0,0.0,62,6,2.19798046239589,0.1541186300566217,2.19798046239589
0,0,1,1,0,270000.0,946764.0,48469.5,765000.0,6,3,4,2,1,0.04622,-9324.0,-3830,1,0,0,1,0,0,18,1.0,1,1,4,13,0,0,0,0,0,0,57,0.6118963825110796,0.4118485559242397,1.0,1.0,1.0,1.0,-765.0,0,0,0,0,1,0,0,0,0,0,0,0,0,0,0,0,0,0,0,0,0.0,0.0,0.0,0.0,0.0,2.0,56,0,3.50652034622094,0.1795160017925859,3.50652034622094
0,0,0,1,0,180000.0,781920.0,47965.5,675000.0,6,3,4,1,1,0.04622,-1456.0,-768,1,0,0,1,1,0,18,2.0,1,1,5,12,0,0,0,0,0,0,57,0.7092457779407529,0.7407990879702335,0.0,0.0,0.0,0.0,-219.0,0,1,0,0,0,0,0,0,0,0,0,0,0,0,0,0,0,0,0,0,0.0,0.0,0.0,0.0,0.0,0.0,47,0,4.34397586680074,0.2664735195915578,4.34397586680074
0,1,1,0,0,225000.0,657000.0,21190.5,657000.0,6,3,1,1,1,0.0038179999999999,-14512.0,-3900,1,0,0,1,1,0,18,2.0,2,2,0,3,0,0,0,0,0,0,57,0.4698612016278669,0.6127042441012546,0.0,0.0,0.0,0.0,-734.0,0,1,0,0,0,0,0,0,0,0,0,0,0,0,0,0,0,0,0,0,0.0,0.0,0.0,0.0,0.0,2.0,61,0,2.919987022279901,0.0941795814240825,2.919987022279901
0,1,1,1,0,130500.0,592560.0,30384.0,450000.0,6,7,4,1,1,0.0228,-10325.0,-3179,1,1,0,1,0,0,4,2.0,2,2,6,9,0,0,0,0,0,0,16,0.5492243899172078,0.7016957740576931,5.0,3.0,5.0,0.0,0.0,0,1,0,0,0,0,0,0,0,0,0,0,0,0,0,0,0,0,0,0,0.0,0.0,0.0,0.0,0.0,3.0,53,31,4.5406548608822925,0.2328258021011333,4.5406548608822925
0,0,0,0,0,180000.0,917172.0,29718.0,657000.0,6,7,4,0,1,0.018029,-6148.0,-2405,1,1,0,1,0,0,11,2.0,3,3,1,6,0,0,0,0,0,0,30,0.3906132089051349,0.4902575124990026,5.0,0.0,5.0,0.0,-2041.0,0,1,0,0,0,0,0,0,0,0,0,0,0,0,0,0,0,0,0,0,0.0,0.0,0.0,1.0,0.0,2.0,51,11,5.095371692379487,0.1650990827828734,5.095371692379487
0,1,0,1,0,315000.0,239850.0,23494.5,225000.0,6,3,1,1,1,0.0038179999999999,-5271.0,-4105,1,0,0,1,0,0,18,2.0,2,2,5,5,0,0,0,0,0,0,57,0.7408759295850879,0.7726311345553628,3.0,1.0,3.0,1.0,-1189.0,0,0,0,0,1,0,0,0,0,0,0,0,0,0,0,0,0,0,0,0,0.0,0.0,0.0,0.0,0.0,1.0,68,0,0.7614261542026851,0.0745854775064206,0.7614261542026851
0,1,1,1,0,202500.0,640080.0,24259.5,450000.0,6,1,4,0,1,0.011703,-11253.0,-973,1,1,0,1,0,0,8,2.0,2,2,1,9,0,0,0,0,1,1,5,0.5040363647973078,0.5762088360175724,0.0,0.0,0.0,0.0,-98.0,0,1,0,0,0,0,0,0,0,0,0,0,0,0,0,0,0,0,0,0,0.0,0.0,0.0,0.0,1.0,2.0,47,13,3.160873279638125,0.1197994083979832,3.160873279638125
0,1,1,0,0,157500.0,305221.5,22248.0,252000.0,6,1,4,1,1,0.031329,-5895.0,-4558,1,1,0,1,0,0,3,2.0,2,2,0,11,0,0,0,1,1,0,33,0.5862087623744292,0.3409064264152384,2.0,1.0,2.0,1.0,-1010.0,0,1,0,0,0,0,0,0,0,0,0,0,0,0,0,0,0,0,0,0,0.0,0.0,6.0,0.0,0.0,2.0,36,16,1.9379019815747205,0.1412562459920889,1.9379019815747205
0,0,0,1,0,112500.0,808650.0,24732.0,675000.0,6,7,1,1,1,0.032561,-1455.0,-4324,1,1,0,1,0,0,1,2.0,1,1,1,16,0,0,0,0,0,0,39,0.6761311660110567,0.7503751495159068,0.0,0.0,0.0,0.0,0.0,0,0,0,0,1,0,0,0,0,0,0,0,0,0,0,0,0,0,0,0,0.0,0.0,0.0,0.0,0.0,0.0,59,2,7.187936107234602,0.2198380458840365,7.187936107234602
0,0,1,0,2,78750.0,545040.0,16654.5,450000.0,6,7,4,1,5,0.019101,-6123.0,-2418,1,1,0,1,0,0,18,4.0,2,2,0,11,0,0,0,0,0,0,28,0.3316144417136717,0.7801436381572275,9.0,0.0,9.0,0.0,-1564.0,0,1,0,0,0,0,0,0,0,0,0,1,0,0,0,0,0,0,0,0,0.0,0.0,0.0,0.0,1.0,4.0,32,0,6.92105497073053,0.211483028786936,6.92105497073053
0,1,1,1,2,256500.0,720000.0,23796.0,720000.0,6,1,4,1,1,0.0228,-4749.0,-3342,1,1,0,1,0,0,10,4.0,2,2,2,10,0,0,0,0,0,0,42,0.7278935115298207,0.6397075677637197,0.0,0.0,0.0,0.0,0.0,0,0,0,0,0,0,1,0,0,0,0,0,0,0,0,0,0,0,0,0,0.0,0.0,0.0,1.0,0.0,1.0,29,1,2.807006600364131,0.0927715681420345,2.807006600364131
0,0,0,1,1,337500.0,427500.0,21955.5,427500.0,6,1,1,5,0,0.04622,-7126.0,-4917,1,1,0,1,0,1,8,2.0,1,1,0,11,0,0,0,0,0,0,5,0.7297562409214171,0.5406544504453575,0.0,0.0,0.0,0.0,-2595.0,0,1,0,0,0,0,0,0,0,0,0,0,0,0,0,0,0,0,0,0,0.0,0.0,0.0,0.0,0.0,2.0,43,6,1.2666629135913672,0.0650531405832871,1.2666629135913672
0,1,1,1,0,180000.0,521280.0,23089.5,450000.0,1,3,1,1,1,0.0096569999999999,-3017.0,-5013,1,0,0,1,0,0,18,2.0,2,2,4,14,0,0,0,0,0,0,57,0.5150258537609612,0.3723336657058204,0.0,0.0,0.0,0.0,0.0,0,0,0,0,1,0,0,0,0,0,0,0,0,0,0,0,0,0,0,0,0.0,0.0,0.0,0.0,0.0,0.0,65,0,2.895983911200493,0.1282742873650701,2.895983911200493
0,0,0,0,0,90000.0,675000.0,28597.5,675000.0,6,7,4,1,1,0.010643,-2015.0,-5085,1,1,0,1,0,0,18,2.0,2,2,1,14,0,0,0,0,1,1,42,0.1865943315221929,0.2301588968634147,0.0,0.0,0.0,0.0,-451.0,0,1,0,0,0,0,0,0,0,0,0,0,0,0,0,0,0,0,0,0,0.0,0.0,0.0,0.0,0.0,4.0,38,2,7.499916667592582,0.3177464694836724,7.499916667592582
0,1,0,0,0,135000.0,447768.0,29151.0,405000.0,6,1,4,3,0,0.072508,-3332.0,-2362,1,1,1,1,1,0,14,1.0,1,1,5,15,0,0,0,0,0,0,31,0.756115953504155,0.5424451438613613,0.0,0.0,0.0,0.0,-1060.0,0,1,0,0,0,0,0,0,0,0,0,0,0,0,0,0,0,0,0,0,0.0,0.0,0.0,0.0,0.0,0.0,30,5,3.316775431293101,0.2159317338390086,3.316775431293101
0,1,1,0,0,135000.0,267102.0,19125.0,247500.0,3,7,4,3,1,0.025164,-174.0,-964,1,1,0,1,0,0,14,1.0,2,2,2,13,0,0,0,0,1,1,5,0.4956175454984856,0.5352762504724826,2.0,0.0,2.0,0.0,-414.0,0,1,0,0,0,0,0,0,0,0,0,0,0,0,0,0,0,0,0,0,0.0,0.0,0.0,0.0,0.0,1.0,22,0,1.9785186776394248,0.1416656172917237,1.9785186776394248
0,1,1,0,0,292500.0,1546020.0,40914.0,1350000.0,6,3,4,1,1,0.0196889999999999,-10558.0,-3559,1,0,0,1,0,0,18,2.0,2,2,0,10,0,0,0,0,0,0,57,0.3048581972721734,0.7726311345553628,0.0,0.0,0.0,0.0,-11.0,0,0,0,0,1,0,0,0,0,0,0,0,0,0,0,0,0,0,0,0,0.0,0.0,0.0,0.0,0.0,0.0,55,0,5.285520391383277,0.1398764448668551,5.285520391383277
0,0,0,1,0,135000.0,267102.0,17658.0,247500.0,6,3,1,3,1,0.0196889999999999,-4068.0,-4684,1,0,0,1,1,0,18,1.0,2,2,6,10,0,0,0,0,0,0,57,0.6682725635658504,0.4101025731788671,3.0,0.0,3.0,0.0,-441.0,0,0,0,0,1,0,0,0,0,0,0,0,0,0,0,0,0,0,0,0,0.0,0.0,0.0,0.0,0.0,0.0,58,0,1.9785186776394248,0.130799031118288,1.9785186776394248
0,0,0,0,1,135000.0,408780.0,21294.0,337500.0,6,7,1,1,1,0.00963,-316.0,-4360,1,1,0,1,1,0,14,3.0,2,2,1,17,0,0,0,1,1,0,5,0.5074472445466264,0.7490217048463391,1.0,0.0,1.0,0.0,-1735.0,0,1,0,0,0,0,0,0,0,0,0,0,0,0,0,0,0,0,0,0,0.0,0.0,0.0,0.0,0.0,0.0,39,6,3.0279775705365144,0.1577321649469263,3.0279775705365144
0,0,1,1,1,179550.0,1011955.5,45270.0,904500.0,6,1,1,3,1,0.0196889999999999,-7972.0,-6,1,1,0,1,0,0,10,2.0,2,2,6,11,0,0,0,0,0,0,5,0.4567902556286222,0.5744466170995097,0.0,0.0,0.0,0.0,-2466.0,0,1,0,0,0,0,0,0,0,0,0,0,0,0,0,0,0,0,0,0,0.0,0.0,0.0,0.0,0.0,1.0,45,2,5.636033773134096,0.2521289215877383,5.636033773134096
0,1,1,1,0,292500.0,790830.0,62613.0,675000.0,6,7,1,1,1,0.032561,-4998.0,-4094,1,1,0,1,0,1,8,2.0,1,1,5,16,0,0,0,0,0,0,7,0.6211606027669035,0.324891229465852,0.0,0.0,0.0,0.0,-969.0,0,0,0,0,0,0,1,0,0,0,0,0,0,0,0,0,0,0,0,0,0.0,0.0,0.0,0.0,2.0,9.0,34,0,2.703683064331404,0.2140608066297209,2.703683064331404
0,1,1,0,0,202500.0,568800.0,15133.5,450000.0,1,1,4,2,1,0.008575,-37.0,-3425,1,1,1,1,1,0,8,1.0,2,2,4,11,0,1,1,0,1,1,4,0.6755802430159507,0.4382813743111921,0.0,0.0,0.0,0.0,-1.0,0,1,0,0,0,0,0,0,0,0,0,0,0,0,0,0,0,0,0,0,0.0,0.0,0.0,0.0,0.0,0.0,34,6,2.8088750179011464,0.0747329642816578,2.8088750179011464
0,0,0,1,0,166500.0,528633.0,25560.0,472500.0,6,7,4,1,1,0.031329,-3231.0,-1993,1,1,0,1,0,0,3,2.0,2,2,5,8,0,0,0,0,0,0,28,0.5441466128498313,0.6446794549585961,5.0,3.0,5.0,1.0,-475.0,0,1,0,0,0,0,0,0,0,0,0,0,0,0,0,0,0,0,0,0,0.0,0.0,0.0,2.0,0.0,2.0,50,7,3.1749539041807555,0.1535125915159668,3.1749539041807555
0,0,0,1,0,81000.0,942300.0,27679.5,675000.0,6,4,4,1,1,0.010006,-6005.0,-648,1,1,1,1,1,0,8,2.0,2,2,1,13,0,0,0,0,0,0,4,0.7511913847283435,0.8050196619153701,7.0,2.0,7.0,2.0,-1223.0,0,1,0,0,0,0,0,0,0,0,0,0,0,0,0,0,0,0,0,0,0.0,0.0,0.0,0.0,0.0,1.0,55,14,11.63318971370724,0.3417180034814385,11.63318971370724
0,1,1,1,2,180000.0,263686.5,28395.0,238500.0,6,7,4,0,1,0.031329,-6980.0,-4045,1,1,0,1,0,0,8,4.0,2,2,6,16,0,0,0,0,0,0,5,0.2665197753925157,0.3062022983135042,0.0,0.0,0.0,0.0,-1597.0,0,0,0,0,0,0,1,0,0,0,0,0,0,0,0,0,0,0,0,0,0.0,0.0,0.0,2.0,0.0,2.0,35,13,1.4649168615729913,0.1577491236159799,1.4649168615729913
0,1,0,0,0,90000.0,143910.0,17077.5,135000.0,6,3,4,1,1,0.009334,-669.0,-4629,1,0,0,1,1,0,18,2.0,2,2,6,16,0,0,0,0,0,0,57,0.2270897499406921,0.520897599048938,1.0,1.0,1.0,1.0,-248.0,0,0,0,0,1,0,0,0,0,0,0,0,0,0,0,0,0,0,0,0,0.0,0.0,0.0,0.0,0.0,2.0,59,0,1.5989822335307389,0.1897478916900923,1.5989822335307389
0,0,0,1,0,54000.0,239850.0,23364.0,225000.0,1,3,4,3,1,0.015221,-959.0,-4604,1,0,0,1,0,0,18,1.0,2,2,6,15,0,0,0,0,0,0,57,0.5376737922519702,0.7016957740576931,3.0,0.0,3.0,0.0,0.0,0,1,0,0,0,0,0,0,0,0,0,0,0,0,0,0,0,0,0,0,0.0,0.0,0.0,0.0,0.0,2.0,65,0,4.441584415103424,0.4326586544693617,4.441584415103424
0,0,0,1,0,180000.0,675000.0,32602.5,675000.0,1,7,4,1,1,0.006852,-821.0,-4722,1,1,0,1,0,0,18,2.0,3,3,3,9,0,0,0,0,0,0,5,0.5321465608767117,0.4650692149562261,0.0,0.0,0.0,0.0,0.0,0,1,0,0,0,0,0,0,0,0,0,0,0,0,0,0,0,0,0,0,0.0,0.0,0.0,0.0,0.0,0.0,41,0,3.749979166782407,0.1811239937555902,3.749979166782407
1,1,1,1,0,162000.0,157500.0,7875.0,157500.0,6,4,1,3,1,0.0035409999999999,-936.0,-1235,1,1,1,1,0,0,4,1.0,1,1,3,13,0,0,0,0,0,0,11,0.3105083618392592,0.5352762504724826,3.0,0.0,3.0,0.0,-1219.0,0,0,0,0,0,0,0,0,0,0,0,0,0,0,0,0,0,0,0,0,0.0,0.0,0.0,0.0,0.0,1.0,48,1,0.9722162208875254,0.0486108110443762,0.9722162208875254
0,0,0,0,0,108000.0,808650.0,23773.5,675000.0,6,4,4,1,1,0.008068,-3042.0,-2446,1,1,1,1,1,0,3,2.0,3,3,0,9,0,0,0,0,0,0,39,0.6160840157397968,0.6626377922738201,1.0,0.0,1.0,0.0,-1286.0,0,1,0,0,0,0,0,0,0,0,0,0,0,0,0,0,0,0,0,0,0.0,0.0,0.0,0.0,0.0,2.0,54,35,7.487430671938223,0.2201229618244275,7.487430671938223
0,0,0,0,0,67500.0,292500.0,13684.5,292500.0,1,7,4,3,1,0.026392,-5167.0,-4509,1,1,0,1,1,0,18,1.0,2,2,4,13,0,0,0,0,0,0,11,0.7281749478502298,0.4507472818545589,0.0,0.0,0.0,0.0,-1.0,0,1,0,0,0,0,0,0,0,0,0,0,0,0,0,0,0,0,0,0,0.0,0.0,0.0,0.0,0.0,2.0,39,2,4.33326913675353,0.2027303299210382,4.33326913675353
0,0,0,1,1,90000.0,226152.0,10089.0,162000.0,6,1,4,2,1,0.031329,-2530.0,-2618,1,1,0,1,0,0,8,2.0,2,2,0,16,0,0,0,0,0,0,24,0.6436749981991307,0.5352762504724826,0.0,0.0,0.0,0.0,-1034.0,0,1,0,0,0,0,0,0,0,0,0,0,0,0,0,0,0,0,0,0,0.0,0.0,0.0,1.0,1.0,1.0,28,3,2.512772080310219,0.1120987544582838,2.512772080310219
0,0,0,1,0,157500.0,855000.0,43785.0,855000.0,6,7,4,0,1,0.026392,-4004.0,-4465,1,1,0,1,1,0,8,2.0,2,2,6,10,0,0,0,0,0,0,4,0.6637293547403632,0.470456116119975,3.0,0.0,3.0,0.0,-2121.0,0,1,0,0,0,0,0,0,0,0,0,0,0,0,0,0,0,0,0,0,0.0,0.0,0.0,0.0,0.0,3.0,34,1,5.428536961670084,0.2779982349318417,5.428536961670084
0,1,0,1,0,135000.0,544491.0,15732.0,454500.0,6,3,4,1,1,0.00712,-13256.0,-1034,1,0,0,1,0,0,18,2.0,2,2,5,9,0,0,0,0,0,0,57,0.2961435654275993,0.4365064990977374,0.0,0.0,0.0,0.0,0.0,0,0,0,0,1,0,0,0,0,0,0,0,0,0,0,0,0,0,0,0,0.0,0.0,0.0,0.0,0.0,7.0,62,0,4.033236790838586,0.1165324701298508,4.033236790838586
0,0,0,0,1,121500.0,1354500.0,47209.5,1354500.0,1,7,4,1,1,0.0145199999999999,-2867.0,-2877,1,1,0,1,0,0,14,3.0,2,2,5,11,0,0,0,0,1,1,42,0.3342855969861764,0.2970866116472028,0.0,0.0,0.0,0.0,-1723.0,0,1,0,0,0,0,0,0,0,0,0,0,0,0,0,0,0,0,0,0,0.0,0.0,0.0,1.0,0.0,3.0,29,10,11.148056394597576,0.3885523575937646,11.148056394597576
0,0,0,0,2,157500.0,315000.0,14683.5,315000.0,6,7,4,5,1,0.020246,-3224.0,-2440,1,1,1,1,1,0,18,3.0,3,3,3,10,0,0,0,0,0,0,42,0.2574846923860261,0.5352762504724826,4.0,2.0,4.0,2.0,-1810.0,0,1,0,0,0,0,0,0,0,0,0,0,0,0,0,0,0,0,0,0,0.0,0.0,0.0,0.0,0.0,1.0,26,6,1.999987301667926,0.093227979504892,1.999987301667926
0,0,0,1,0,90000.0,450000.0,21109.5,450000.0,6,7,4,1,4,0.026392,-4677.0,-3100,1,1,0,1,0,0,6,2.0,2,2,0,16,0,0,0,0,0,0,17,0.7189774618877164,0.6674577419214722,7.0,0.0,7.0,0.0,-220.0,0,1,0,0,0,0,0,0,0,0,0,0,0,0,0,0,0,0,0,0,0.0,0.0,0.0,0.0,0.0,0.0,28,5,4.999944445061722,0.2345473939178453,4.999944445061722
0,1,1,0,0,112500.0,675000.0,21906.0,675000.0,6,7,4,1,1,0.0145199999999999,-1077.0,-3904,1,1,0,1,0,0,8,2.0,2,2,1,9,0,0,0,0,1,1,42,0.6419829929211379,0.8245949709919925,0.0,0.0,0.0,0.0,0.0,0,1,0,0,0,0,0,0,0,0,0,0,0,0,0,0,0,0,0,0,0.0,0.0,0.0,0.0,0.0,1.0,55,10,5.999946667140737,0.1947182691709407,5.999946667140737
0,1,1,0,0,202500.0,808650.0,26086.5,675000.0,6,1,4,3,1,0.022625,-4628.0,-4606,1,1,0,1,1,0,16,1.0,2,2,2,13,0,0,0,0,0,0,26,0.3620663994717873,0.7136313997323308,0.0,0.0,0.0,0.0,-2874.0,0,0,0,1,0,0,0,0,0,0,0,0,0,0,0,0,0,0,0,0,0.0,0.0,0.0,4.0,0.0,0.0,36,0,3.9933136132661073,0.1288215860662416,3.9933136132661073
1,0,0,1,0,225000.0,292500.0,14625.0,292500.0,6,7,1,1,1,0.04622,-7155.0,-3145,1,1,0,1,1,0,8,2.0,1,1,0,15,0,0,0,0,1,1,5,0.6539189563762889,0.7530673920730478,0.0,0.0,0.0,0.0,-379.0,0,0,0,1,0,0,0,0,0,0,0,0,0,0,0,0,0,0,0,0,0.0,0.0,0.0,0.0,1.0,4.0,53,11,1.299994222247901,0.064999711112395,1.299994222247901
0,0,1,0,1,306000.0,472500.0,49747.5,472500.0,1,7,1,1,1,0.028663,-7315.0,-1677,1,1,0,1,0,0,18,3.0,2,2,1,12,0,0,0,0,0,0,5,0.6005378708463385,0.4722533429586386,2.0,1.0,2.0,0.0,-1525.0,0,1,0,0,0,0,0,0,0,0,0,0,0,0,0,0,0,0,0,0,0.0,0.0,0.0,0.0,0.0,3.0,25,4,1.5441126009392123,0.1625729981274571,1.5441126009392123
0,0,0,0,0,189000.0,814041.0,26257.5,679500.0,6,7,1,1,1,0.006629,-2557.0,-433,1,1,0,1,1,0,3,2.0,2,2,5,9,0,0,0,0,0,0,39,0.0758625112665438,0.5226973172821112,0.0,0.0,0.0,0.0,-667.0,0,1,0,0,0,0,0,0,0,0,0,0,0,0,0,0,0,0,0,0,0.0,0.0,0.0,0.0,0.0,1.0,46,22,4.30707244935212,0.1389278363606541,4.30707244935212
0,0,0,0,0,99000.0,260640.0,20898.0,225000.0,1,7,4,0,1,0.003813,-8090.0,-4468,1,1,1,1,0,0,18,2.0,2,2,0,16,0,0,0,0,0,0,5,0.3361568814526187,0.5352762504724826,0.0,0.0,0.0,0.0,-590.0,0,1,0,0,0,0,0,0,0,0,0,0,0,0,0,0,0,0,0,0,0.0,0.0,0.0,0.0,0.0,1.0,38,17,2.632700679791113,0.2110887768810416,2.632700679791113
0,0,0,1,0,202500.0,814041.0,26257.5,679500.0,6,7,1,3,1,0.010147,-6211.0,-3948,1,1,0,1,0,0,10,1.0,2,2,0,13,0,0,0,0,0,0,33,0.6113301843074544,0.5352762504724826,0.0,0.0,0.0,0.0,-1471.0,0,0,0,0,0,0,0,1,0,0,0,0,0,0,0,0,0,0,0,0,0.0,0.0,0.0,0.0,0.0,1.0,34,10,4.019935704021215,0.1296660263406106,4.019935704021215
1,0,0,1,0,67500.0,180000.0,9000.0,180000.0,6,3,3,5,1,0.0105,-13351.0,-4885,1,0,0,1,0,0,18,1.0,3,3,6,16,0,0,0,0,0,0,57,0.1173510147562894,0.7981372313187245,1.0,0.0,1.0,0.0,-2285.0,0,0,0,0,0,0,0,0,0,0,0,0,0,0,0,0,0,0,0,0,0.0,0.0,0.0,0.0,0.0,6.0,62,0,2.666627161079095,0.1333313580539547,2.666627161079095
0,0,0,0,0,157500.0,675000.0,19737.0,675000.0,1,7,4,5,1,0.003069,-4478.0,-129,1,1,0,1,0,0,18,1.0,3,3,3,13,0,0,0,0,0,0,28,0.6283376550761742,0.6674577419214722,4.0,0.0,4.0,0.0,0.0,0,1,0,0,0,0,0,0,0,0,0,0,0,0,0,0,0,0,0,0,0.0,0.0,0.0,0.0,0.0,1.0,45,0,4.2856870750026985,0.1253134900730789,4.2856870750026985
0,0,0,1,0,58500.0,254700.0,14350.5,225000.0,1,3,4,1,1,0.00963,-13659.0,-4082,1,0,0,1,0,0,18,2.0,2,2,4,13,0,0,0,0,0,0,57,0.4188269539323036,0.6545292802242897,0.0,0.0,0.0,0.0,-1035.0,0,0,0,0,1,0,0,0,0,0,0,0,0,0,0,0,0,0,0,0,0.0,0.0,0.0,0.0,0.0,0.0,59,0,4.353771730397771,0.2453034990854857,4.353771730397771
0,1,1,0,0,202500.0,1078200.0,31653.0,900000.0,6,1,4,1,1,0.011703,-4337.0,-5176,1,1,1,1,1,0,8,2.0,2,2,3,17,0,0,0,0,1,1,47,0.7300493941929073,0.4956658291397297,5.0,0.0,4.0,0.0,-1204.0,0,1,0,0,0,0,0,0,0,0,0,0,0,0,0,0,0,0,0,0,0.0,0.0,0.0,1.0,2.0,2.0,41,1,5.324418151021477,0.1563103392082014,5.324418151021477
0,0,0,0,0,135000.0,387409.5,16411.5,387409.5,6,4,4,5,2,0.026392,-11212.0,-2894,1,1,0,1,0,0,18,1.0,2,2,3,16,0,0,0,0,0,0,13,0.7140382325457191,0.646329897706246,0.0,0.0,0.0,0.0,-2156.0,0,1,0,0,0,0,0,0,0,0,0,0,0,0,0,0,0,0,0,0,0.0,0.0,0.0,0.0,0.0,1.0,53,13,2.869678743120421,0.1215657661795097,2.869678743120421
0,0,0,0,0,135000.0,759568.5,24682.5,655704.0,6,7,1,5,1,0.02461,-4569.0,-4065,1,1,0,1,1,0,0,1.0,2,2,2,13,0,0,0,0,0,0,50,0.6982686094914184,0.5919766183185521,0.0,0.0,0.0,0.0,-818.0,0,1,0,0,0,0,0,0,0,0,0,0,0,0,0,0,0,0,0,0,0.0,0.0,1.0,0.0,0.0,0.0,44,12,5.626391656358101,0.1828319790223776,5.626391656358101
0,1,0,0,0,135000.0,254700.0,27427.5,225000.0,6,7,4,3,5,0.030755,-6294.0,-922,1,1,0,1,0,0,8,1.0,2,2,0,11,0,0,0,0,1,1,33,0.5839472980628,0.5352762504724826,1.0,0.0,1.0,0.0,-1696.0,0,1,0,0,0,0,0,0,0,0,0,0,0,0,0,0,0,0,0,0,0.0,0.0,0.0,0.0,0.0,1.0,34,0,1.886652691461545,0.2031651617395426,1.886652691461545
0,1,1,1,2,157500.0,970380.0,34510.5,810000.0,6,7,2,1,1,0.002042,-3627.0,-369,1,1,0,1,0,0,4,4.0,3,3,6,16,0,0,0,1,1,0,54,0.0658413021268635,0.5352762504724826,3.0,0.0,3.0,0.0,-218.0,0,0,0,0,0,0,1,0,0,0,0,0,0,0,0,0,0,0,0,0,0.0,0.0,0.0,0.0,0.0,1.0,31,2,6.161103739023879,0.2191128945213046,6.161103739023879
0,0,0,0,1,157500.0,896602.5,34893.0,774000.0,6,1,4,3,1,0.0196889999999999,-8928.0,-3461,1,1,0,1,1,0,3,2.0,2,2,0,14,0,0,0,0,0,0,51,0.3088161356380574,0.4329616670974407,0.0,0.0,0.0,0.0,-1267.0,0,1,0,0,0,0,0,0,0,0,0,0,0,0,0,0,0,0,0,0,0.0,0.0,0.0,0.0,1.0,1.0,29,4,5.692678141726084,0.2215414505304728,5.692678141726084
0,1,0,1,1,261000.0,1350000.0,39604.5,1350000.0,6,7,2,1,1,0.022625,-456.0,-3530,1,1,0,1,0,0,18,3.0,2,2,4,18,0,0,0,0,0,0,42,0.3605827703387404,0.3927738606031339,2.0,2.0,2.0,0.0,-2116.0,0,1,0,0,0,0,0,0,0,0,0,0,0,0,0,0,0,0,0,0,0.0,0.0,0.0,2.0,0.0,5.0,30,0,5.172393975502009,0.1517407979279773,5.172393975502009
0,1,1,0,2,337500.0,900000.0,26316.0,900000.0,6,7,4,0,1,0.006629,-2180.0,-2326,1,1,1,1,0,0,8,4.0,2,2,6,7,0,0,0,0,1,1,55,0.7175304114518785,0.5352762504724826,0.0,0.0,0.0,0.0,-737.0,0,1,0,0,0,0,0,0,0,0,0,0,0,0,0,0,0,0,0,0,0.0,0.0,0.0,0.0,0.0,2.0,43,2,2.6666587654555096,0.0779731023019191,2.6666587654555096
0,1,0,1,0,90000.0,1288350.0,37800.0,1125000.0,6,1,4,1,1,0.003069,-7521.0,-3960,1,1,0,1,1,0,4,2.0,3,3,2,11,0,0,0,0,0,0,7,0.6511026731514067,0.6413682574954046,0.0,0.0,0.0,0.0,-683.0,0,1,0,0,0,0,0,0,0,0,0,0,0,0,0,0,0,0,0,0,0.0,0.0,0.0,0.0,0.0,0.0,58,0,14.314840946211708,0.4199953333851846,14.314840946211708
0,1,1,0,0,180000.0,254700.0,30357.0,225000.0,6,7,4,3,1,0.018029,-819.0,-4395,1,1,0,1,0,0,4,1.0,3,3,4,9,0,0,0,0,1,1,5,0.5043916877548364,0.5352762504724826,0.0,0.0,0.0,0.0,-2286.0,0,0,0,0,0,0,1,0,0,0,0,0,0,0,0,0,0,0,0,0,0.0,0.0,0.0,0.0,0.0,1.0,34,1,1.4149921389325617,0.1686490630607607,1.4149921389325617
0,1,1,0,0,247500.0,450000.0,27193.5,450000.0,6,7,4,1,1,0.01885,-1981.0,-4586,1,1,1,1,1,1,10,2.0,2,2,5,15,0,0,0,0,0,0,5,0.2858978721410488,0.5352762504724826,0.0,0.0,0.0,0.0,-2582.0,0,0,0,0,0,0,1,0,0,0,0,0,0,0,0,0,0,0,0,0,0.0,0.0,0.0,0.0,0.0,1.0,38,7,1.8181744720223352,0.1098722833443097,1.8181744720223352
0,1,1,1,0,112500.0,440784.0,34956.0,360000.0,6,7,4,3,1,0.022625,-2607.0,-1255,1,1,0,1,0,1,4,1.0,2,2,0,13,0,0,0,0,1,1,42,0.6485898603376894,0.5352762504724826,2.0,1.0,2.0,1.0,-1810.0,0,1,0,0,0,0,0,0,0,0,0,0,0,0,0,0,0,0,0,0,0.0,0.0,0.0,0.0,0.0,1.0,24,2,3.918045172931796,0.3107172380689949,3.918045172931796
0,0,0,0,0,112500.0,328500.0,17136.0,328500.0,6,7,2,1,1,0.010643,-3151.0,-4976,1,1,0,1,0,0,0,2.0,2,2,6,12,0,0,0,0,1,1,1,0.6373459256069104,0.5352762504724826,5.0,0.0,5.0,0.0,-12.0,0,1,0,0,0,0,0,0,0,0,0,0,0,0,0,0,0,0,0,0,0.0,0.0,0.0,0.0,0.0,0.0,33,2,2.9199740446751585,0.1523186460564795,2.9199740446751585
0,1,1,1,2,292500.0,2250000.0,83385.0,2250000.0,5,4,1,1,1,0.072508,-7676.0,-4484,1,1,1,1,1,0,18,4.0,1,1,6,17,0,0,0,0,0,0,11,0.7325288056464979,0.5352762504724826,0.0,0.0,0.0,0.0,-227.0,0,0,0,0,0,0,1,0,0,0,0,0,0,0,0,0,0,0,0,0,0.0,0.0,0.0,5.0,0.0,0.0,37,2,7.692281393909765,0.2850759484582958,7.692281393909765
0,0,1,0,0,270000.0,963000.0,38322.0,963000.0,6,1,1,1,2,0.026392,-3557.0,-436,1,1,0,1,0,0,10,2.0,2,2,4,14,0,0,0,0,0,0,30,0.7503812562628444,0.1268975261602733,0.0,0.0,0.0,0.0,-1169.0,0,1,0,0,0,0,0,0,0,0,0,0,0,0,0,0,0,0,0,0,0.0,0.0,0.0,0.0,0.0,1.0,46,10,3.566653456839049,0.1419328076562679,3.566653456839049
1,0,0,1,1,112500.0,337500.0,16875.0,337500.0,1,7,4,1,1,0.035792,-7473.0,-3985,1,1,0,1,1,0,8,3.0,2,2,3,11,0,0,0,0,1,1,7,0.7222178554525029,0.6769925032909132,0.0,0.0,0.0,0.0,-2283.0,0,0,0,0,0,0,0,0,0,0,0,0,0,0,0,0,0,0,0,0,0.0,0.0,0.0,0.0,0.0,2.0,36,5,2.9999733335703684,0.1499986666785184,2.9999733335703684
0,0,0,1,1,202500.0,988191.0,39321.0,909000.0,6,1,1,1,1,0.04622,-10533.0,-28,1,1,0,1,0,1,3,3.0,1,1,6,14,0,0,0,0,1,1,51,0.5530436317661158,0.7922644738669378,0.0,0.0,0.0,0.0,-1483.0,0,0,0,0,0,0,1,0,0,0,0,0,0,0,0,0,0,0,0,0,0.0,0.0,0.0,0.0,2.0,2.0,45,0,4.879931457128607,0.1941768188799067,4.879931457128607
0,0,0,0,0,103500.0,675000.0,28728.0,675000.0,6,1,4,1,1,0.028663,-1837.0,-1753,1,1,0,1,0,0,2,2.0,2,2,4,11,0,1,1,0,1,1,3,0.2476524939811248,0.6769925032909132,0.0,0.0,0.0,0.0,0.0,0,1,0,0,0,0,0,0,0,0,0,0,0,0,0,0,0,0,0,0,0.0,0.0,0.0,0.0,0.0,2.0,49,11,6.521676119071313,0.2775625356276751,6.521676119071313
0,1,1,1,0,112500.0,225000.0,13594.5,225000.0,6,7,4,1,1,0.016612,-9299.0,-1177,1,1,1,1,0,0,18,2.0,2,2,0,9,0,0,0,0,0,0,5,0.6299040640058698,0.6092756673894402,0.0,0.0,0.0,0.0,-245.0,0,1,0,0,0,0,0,0,0,0,0,0,0,0,0,0,0,0,0,0,0.0,0.0,0.0,0.0,0.0,4.0,48,11,1.9999822223802453,0.1208389258762144,1.9999822223802453
0,1,1,1,0,90000.0,675000.0,26284.5,675000.0,5,7,4,1,1,0.0228,-3675.0,-4146,1,1,1,1,1,0,16,2.0,2,2,0,10,0,0,0,0,0,0,5,0.3375392818762004,0.5406544504453575,1.0,1.0,1.0,1.0,-1435.0,0,0,0,0,1,0,0,0,0,0,0,0,0,0,0,0,0,0,0,0,0.0,0.0,0.0,0.0,0.0,2.0,56,3,7.499916667592582,0.2920467550360551,7.499916667592582
0,1,1,0,0,171000.0,777024.0,41395.5,720000.0,6,1,4,1,1,0.005084,-10207.0,-1238,1,1,0,1,1,0,4,2.0,2,2,3,8,0,0,0,0,0,0,5,0.6108728508068004,0.5954562029091491,0.0,0.0,0.0,0.0,-449.0,0,0,0,0,0,0,1,0,0,0,0,0,0,0,0,0,0,0,0,0,0.0,0.0,0.0,0.0,0.0,3.0,48,4,4.543973427055982,0.2420775317103408,4.543973427055982
1,1,0,1,2,121500.0,225000.0,11250.0,225000.0,5,7,4,1,4,0.025164,-4099.0,-1965,1,1,0,1,0,0,8,4.0,2,2,1,17,1,1,0,1,1,1,5,0.5398528377289878,0.7662336700704004,0.0,0.0,0.0,0.0,-223.0,0,0,0,0,0,0,0,0,0,0,0,0,0,0,0,0,0,0,0,0,0.0,0.0,0.0,1.0,0.0,2.0,50,5,1.8518366103982684,0.0925918305199134,1.8518366103982684
0,1,0,1,0,135000.0,352044.0,17253.0,247500.0,6,1,4,3,4,0.031329,-4908.0,-3543,1,1,0,1,0,0,10,1.0,2,2,6,9,0,0,0,1,1,0,5,0.2594041369223692,0.646329897706246,0.0,0.0,0.0,0.0,0.0,0,1,0,0,0,0,0,0,0,0,0,0,0,0,0,0,0,0,0,0,0.0,0.0,0.0,0.0,0.0,3.0,30,3,2.607714016933208,0.1277990533403456,2.607714016933208
0,0,1,0,0,675000.0,2517300.0,93420.0,2250000.0,6,1,1,1,1,0.04622,-5129.0,-1099,1,1,1,1,0,0,10,2.0,1,1,1,18,1,1,0,1,1,1,5,0.4207230624463584,0.445396241560834,0.0,0.0,0.0,0.0,-345.0,0,1,0,0,0,0,0,0,0,0,0,1,0,0,0,0,0,0,0,0,1.0,0.0,0.0,0.0,0.0,1.0,31,2,3.729327808403247,0.1383997949632667,3.729327808403247
0,0,1,1,0,292500.0,528633.0,39654.0,472500.0,6,4,4,1,1,0.00702,-4273.0,-4275,1,1,0,1,1,0,11,2.0,2,2,4,13,0,0,0,0,0,0,30,0.2963669628053042,0.475849908720221,5.0,0.0,5.0,0.0,-295.0,0,1,0,0,0,0,0,0,0,0,0,0,0,0,0,0,0,0,0,0,0.0,0.0,1.0,0.0,0.0,6.0,33,5,1.8072861289363116,0.1355687672862656,1.8072861289363116
0,0,0,0,1,81000.0,247500.0,22698.0,247500.0,6,1,4,1,1,0.008625,-4271.0,-3653,1,1,1,1,0,0,14,3.0,2,2,4,17,0,0,0,0,0,0,5,0.6557230532566897,0.5334816299804352,3.0,0.0,3.0,0.0,-339.0,0,1,0,0,0,0,0,0,0,0,0,0,0,0,0,0,0,0,0,0,0.0,0.0,0.0,0.0,0.0,2.0,30,2,3.055517833113172,0.2802187627313243,3.055517833113172
0,1,1,1,2,180000.0,1223010.0,48631.5,1125000.0,1,7,4,1,1,0.020713,-3149.0,-80,1,1,0,1,0,0,10,4.0,3,2,5,12,0,0,0,0,0,0,55,0.1028275136793321,0.2512394458905693,0.0,0.0,0.0,0.0,0.0,0,1,0,0,0,0,0,0,0,0,0,0,0,0,0,0,0,0,0,0,0.0,0.0,0.0,0.0,1.0,0.0,40,0,6.794462252987484,0.2701734990361165,6.794462252987484
0,0,0,1,1,180000.0,1006920.0,42790.5,900000.0,6,7,1,1,1,0.007114,-210.0,-4570,1,1,0,1,1,0,3,3.0,2,2,5,15,0,0,0,0,0,0,33,0.6155149130105148,0.3572932680336494,0.0,0.0,0.0,0.0,-2421.0,0,1,0,0,0,0,0,0,0,0,0,0,0,0,0,0,0,0,0,0,0.0,0.0,0.0,0.0,1.0,4.0,35,9,5.593968922394875,0.2377236793128927,5.593968922394875
0,0,0,1,0,81000.0,112500.0,11812.5,112500.0,6,7,4,1,1,0.031329,-7772.0,-3039,1,1,1,1,0,0,8,2.0,2,2,0,10,0,0,0,0,0,0,53,0.4183532989349841,0.8193176922872417,3.0,1.0,3.0,0.0,-712.0,0,1,0,0,0,0,0,0,0,0,0,0,0,0,0,0,0,0,0,0,0.0,0.0,0.0,1.0,0.0,4.0,53,21,1.3888717423241688,0.1458315329440377,1.3888717423241688
0,0,0,0,2,277497.0,1800000.0,47614.5,1800000.0,6,1,4,1,1,0.032561,-6050.0,-3277,1,1,1,1,1,0,14,4.0,1,1,1,13,0,0,0,0,0,0,5,0.6550414807574011,0.5602843280409464,9.0,0.0,9.0,0.0,-967.0,0,0,0,0,0,0,0,0,0,1,0,0,0,0,0,0,0,0,0,0,0.0,0.0,0.0,0.0,1.0,1.0,40,4,6.4865332362755765,0.1715850204325797,6.4865332362755765
1,0,0,1,0,202500.0,540000.0,27000.0,540000.0,1,4,1,1,1,0.00702,-6347.0,-1271,1,1,0,1,0,0,3,2.0,2,2,3,10,0,0,0,0,0,0,27,0.661289558329338,0.511891801533151,3.0,0.0,3.0,0.0,-210.0,0,0,0,0,0,0,0,0,0,0,0,0,0,0,0,0,0,0,0,0,0.0,0.0,0.0,1.0,0.0,1.0,27,1,2.666653498007417,0.1333326749003708,2.666653498007417
0,0,0,0,0,135000.0,1049782.5,56061.0,945000.0,2,1,4,2,1,0.072508,-10715.0,-1869,1,1,0,1,1,0,12,1.0,1,1,5,15,0,0,0,0,0,0,5,0.7552317568750389,0.5352762504724826,0.0,0.0,0.0,0.0,-2332.0,0,1,0,0,0,0,0,0,0,0,0,0,0,0,0,0,0,0,0,0,0.0,0.0,0.0,0.0,0.0,3.0,50,14,7.776109065858772,0.4152635906400693,7.776109065858772
0,0,0,1,0,112500.0,225000.0,8482.5,225000.0,6,1,4,3,1,0.035792,-5630.0,-398,1,1,0,1,0,0,10,1.0,2,2,4,16,0,0,0,0,0,0,5,0.6878398227167543,0.8590531292026357,1.0,0.0,1.0,0.0,-1498.0,0,1,0,0,0,0,0,0,0,0,0,0,0,0,0,0,0,0,0,0,0.0,0.0,0.0,0.0,0.0,0.0,47,5,1.9999822223802453,0.0753993297837352,1.9999822223802453
0,0,0,1,0,157500.0,253737.0,24849.0,229500.0,6,3,1,0,1,0.010032,-675.0,-4212,1,0,0,1,0,0,18,2.0,2,2,3,3,0,0,0,0,0,0,57,0.0566867768112998,0.7338145369642702,0.0,0.0,0.0,0.0,0.0,0,1,0,0,0,0,0,0,0,0,0,0,0,0,0,0,0,0,0,0,0.0,0.0,0.0,0.0,1.0,4.0,56,0,1.611018342740681,0.1577704268544326,1.611018342740681
0,1,1,0,0,225000.0,1649646.0,43645.5,1377000.0,6,7,4,1,1,0.032561,-706.0,-3323,1,1,0,1,1,0,8,2.0,1,1,2,14,0,0,0,0,0,0,9,0.693046332108434,0.5549467685334323,2.0,0.0,2.0,0.0,-1427.0,0,0,0,0,0,0,1,0,0,0,0,1,0,0,0,0,0,0,0,0,0.0,0.0,0.0,0.0,0.0,0.0,54,30,7.331727414544824,0.1939791378704983,7.331727414544824
0,1,1,0,0,315000.0,900000.0,33484.5,900000.0,6,1,4,0,1,0.072508,-9015.0,-958,1,1,0,1,0,0,10,2.0,1,1,5,17,0,0,0,0,0,0,3,0.7008332304664776,0.3606125659189888,0.0,0.0,0.0,0.0,-1862.0,0,0,0,0,0,0,1,0,0,0,0,0,0,0,0,0,0,0,0,0,0.0,1.0,1.0,1.0,2.0,0.0,47,18,2.857133786876867,0.1062996625407538,2.857133786876867
0,0,0,1,0,211500.0,513531.0,21888.0,459000.0,6,3,4,5,1,0.002042,-11411.0,-3932,1,0,0,1,0,0,18,1.0,3,3,4,9,0,0,0,0,0,0,57,0.494704659696657,0.5352762504724826,0.0,0.0,0.0,0.0,-630.0,0,1,0,0,0,0,0,0,0,0,0,0,0,0,0,0,0,0,0,0,0.0,0.0,0.0,0.0,0.0,1.0,60,0,2.428031073139134,0.1034888723930383,2.428031073139134
0,0,1,1,0,135000.0,229230.0,12928.5,202500.0,6,3,1,2,1,0.00712,-2233.0,-4489,1,0,0,1,1,0,18,1.0,2,2,0,13,0,0,0,0,0,0,57,0.1791128170443629,0.6430255641096323,0.0,0.0,0.0,0.0,-1739.0,0,1,0,0,0,0,0,0,0,0,0,0,0,0,0,0,0,0,0,0,0.0,0.0,0.0,0.0,0.0,7.0,61,0,1.6979874223153903,0.0957659572892052,1.6979874223153903
0,0,0,1,0,90000.0,312768.0,22374.0,270000.0,6,1,4,1,1,0.032561,-4147.0,-1309,1,1,0,1,1,0,14,2.0,1,1,0,15,0,0,0,0,0,0,42,0.7471190459990475,0.5352762504724826,1.0,0.0,1.0,0.0,-1093.0,0,1,0,0,0,0,0,0,0,0,0,0,0,0,0,0,0,0,0,0,0.0,0.0,0.0,0.0,0.0,1.0,52,9,3.475161387095699,0.2485972378084688,3.475161387095699
0,1,0,0,1,180000.0,305640.0,31446.0,270000.0,6,1,4,1,4,0.0116569999999999,-8003.0,-2075,1,1,0,1,1,0,8,3.0,1,1,2,11,1,1,0,0,0,0,53,0.6821494024916436,0.4866531565147181,0.0,0.0,0.0,0.0,-143.0,0,1,0,0,0,0,0,0,0,0,0,0,0,0,0,0,0,0,0,0,0.0,0.0,0.0,0.0,0.0,2.0,50,5,1.6979905667190738,0.1746990294498364,1.6979905667190738
1,0,0,0,0,90000.0,180000.0,9000.0,180000.0,6,3,4,0,1,0.035792,-2438.0,-3390,1,0,0,1,0,0,18,2.0,2,2,0,9,0,0,0,0,0,0,57,0.0033314773132127,0.4083588531230431,5.0,1.0,5.0,0.0,-1604.0,0,0,0,0,0,0,0,0,0,0,0,0,0,0,0,0,0,0,0,0,0.0,0.0,0.0,0.0,0.0,1.0,64,0,1.9999777780246888,0.0999988889012344,1.9999777780246888
0,1,0,1,1,135000.0,284400.0,13963.5,225000.0,6,7,2,1,1,0.0105,-534.0,-1542,1,1,0,1,0,0,18,3.0,3,3,4,18,0,0,0,0,0,0,5,0.4588908991796035,0.172495466777331,0.0,0.0,0.0,0.0,0.0,0,1,0,0,0,0,0,0,0,0,0,0,0,0,0,0,0,0,0,0,0.0,0.0,0.0,0.0,0.0,2.0,27,0,2.106651061843986,0.1034325671661691,2.106651061843986
0,0,0,1,0,90000.0,354276.0,23193.0,292500.0,1,7,4,1,4,0.035792,-6830.0,-231,1,1,0,1,0,0,8,2.0,2,2,4,10,0,0,0,0,0,0,3,0.3964008893729001,0.3774042489507649,1.0,1.0,1.0,0.0,-262.0,0,1,0,0,0,0,0,0,0,0,0,0,0,0,0,0,0,0,0,0,0.0,0.0,0.0,0.0,0.0,0.0,36,2,3.936356262708192,0.2576971366984811,3.936356262708192
0,1,0,1,1,202500.0,550980.0,35343.0,450000.0,6,7,1,2,1,0.008019,-9207.0,-4842,1,1,0,1,0,0,0,2.0,2,2,6,17,0,0,0,0,0,0,7,0.5155556466426844,0.7713615919194317,1.0,0.0,1.0,0.0,-893.0,0,1,0,0,0,0,0,0,0,0,0,0,0,0,0,0,0,0,0,0,0.0,0.0,0.0,0.0,0.0,2.0,41,2,2.720875452466901,0.1745324714445854,2.720875452466901
0,1,1,0,0,135000.0,270000.0,13914.0,270000.0,6,4,4,1,5,0.018209,-1248.0,-1139,1,1,0,1,0,0,3,2.0,3,3,1,12,0,0,0,0,0,0,31,0.6821778499962953,0.501075160239048,1.0,0.0,1.0,0.0,-785.0,0,1,0,0,0,0,0,0,0,0,0,0,0,0,0,0,0,0,0,0,0.0,0.0,0.0,0.0,0.0,1.0,23,2,1.999985185294924,0.1030659032155317,1.999985185294924
0,1,0,1,0,162000.0,479974.5,26167.5,364500.0,1,1,4,1,1,0.04622,-6595.0,-394,1,1,0,1,0,0,15,2.0,1,1,6,18,0,0,0,0,0,0,30,0.7507006077959089,0.5937175866150576,2.0,0.0,2.0,0.0,-188.0,0,1,0,0,0,0,0,0,0,0,0,0,0,0,0,0,0,0,0,0,0.0,0.0,1.0,0.0,0.0,3.0,46,6,2.962787266745267,0.1615267806988845,2.962787266745267
0,1,0,1,0,135000.0,225000.0,24363.0,225000.0,6,7,2,1,1,0.018209,-2367.0,-3065,1,1,0,1,1,0,8,2.0,3,3,5,7,0,1,1,0,1,1,5,0.463585874512432,0.524496446363472,0.0,0.0,0.0,0.0,-190.0,0,1,0,0,0,0,0,0,0,0,0,0,0,0,0,0,0,0,0,0,0.0,0.0,0.0,0.0,0.0,3.0,30,2,1.6666543210791032,0.1804653298864452,1.6666543210791032
0,0,1,1,2,112500.0,1125000.0,37309.5,1125000.0,6,7,4,1,1,0.026392,-36.0,-2298,1,1,0,1,0,0,2,4.0,2,2,6,13,0,0,0,0,0,0,5,0.6190124115180362,0.5762088360175724,0.0,0.0,0.0,0.0,0.0,0,1,0,0,0,0,0,0,0,0,0,0,0,0,0,0,0,0,0,0,0.0,0.0,0.0,6.0,0.0,1.0,35,4,9.999911111901229,0.3316370521150923,9.999911111901229
0,0,0,0,2,202500.0,450000.0,13027.5,450000.0,5,7,1,1,1,0.026392,-699.0,-2237,1,1,0,1,0,0,5,4.0,2,2,2,15,0,0,0,0,0,0,5,0.7096694838336935,0.8128226070575616,0.0,0.0,0.0,0.0,-778.0,0,1,0,0,0,0,0,0,0,0,0,0,0,0,0,0,0,0,0,0,0.0,0.0,0.0,0.0,0.0,2.0,30,1,2.2222112483395144,0.0643330156394289,2.2222112483395144
0,1,1,1,1,405000.0,675000.0,18693.0,675000.0,6,1,1,1,1,0.006629,-1656.0,-3935,1,1,0,1,0,0,14,3.0,2,2,2,10,0,0,0,1,1,0,5,0.5485529759262233,0.5832379256761245,0.0,0.0,0.0,0.0,-299.0,0,0,0,0,0,0,0,0,0,0,0,0,0,0,0,0,0,0,0,0,0.0,0.0,0.0,0.0,0.0,0.0,37,0,1.6666625514504902,0.0461554415915022,1.6666625514504902
0,1,0,1,0,112500.0,364896.0,19926.0,315000.0,6,4,4,3,1,0.006629,-289.0,-1773,1,1,1,1,0,0,16,1.0,2,2,4,4,0,0,0,1,1,0,39,0.3542997685815865,0.5352762504724826,4.0,1.0,4.0,1.0,-661.0,0,0,0,0,1,0,0,0,0,0,0,0,0,0,0,0,0,0,0,0,0.0,0.0,0.0,0.0,0.0,1.0,50,31,3.243491168967387,0.1771184256139945,3.243491168967387
0,1,0,1,0,135000.0,427500.0,23319.0,427500.0,6,7,4,3,1,0.0228,-3029.0,-821,1,1,0,1,0,0,16,1.0,2,2,3,11,0,0,0,0,0,0,5,0.4238599401747333,0.2985949897873972,0.0,0.0,0.0,0.0,-568.0,0,1,0,0,0,0,0,0,0,0,0,0,0,0,0,0,0,0,0,0,0.0,0.0,0.0,0.0,0.0,1.0,22,1,3.166643210050296,0.1727320538366382,3.166643210050296
0,1,1,1,0,135000.0,49752.0,5220.0,45000.0,6,7,1,2,1,0.019101,-1053.0,-1026,1,1,1,1,1,0,8,1.0,2,2,0,14,0,0,0,0,1,1,42,0.4021809194355982,0.3233112448967859,0.0,0.0,0.0,0.0,-535.0,0,1,0,0,0,0,0,0,0,0,0,0,0,0,0,0,0,0,0,0,0.0,0.0,0.0,0.0,0.0,2.0,47,0,0.3685306034770113,0.0386663802490351,0.3685306034770113
1,0,0,1,0,387000.0,135000.0,6750.0,135000.0,6,1,4,1,1,0.04622,-973.0,-5556,1,1,1,1,1,0,0,2.0,1,1,4,17,0,1,1,0,1,1,5,0.7066687035058237,0.2692857999073816,0.0,0.0,0.0,0.0,-1498.0,0,0,0,0,0,0,0,0,0,0,0,0,0,0,0,0,0,0,0,0,0.0,0.0,0.0,0.0,0.0,0.0,43,10,0.348836307916517,0.0174418153958258,0.348836307916517
0,0,0,0,0,157500.0,239850.0,25960.5,225000.0,6,7,1,0,1,0.020713,-184.0,-4672,1,1,1,1,0,0,8,2.0,3,2,2,13,0,0,0,0,0,0,5,0.6423548360889296,0.5352762504724826,4.0,2.0,4.0,0.0,-784.0,0,1,0,0,0,0,0,0,0,0,0,0,0,0,0,0,0,0,0,0,0.0,0.0,0.0,0.0,0.0,1.0,36,4,1.522847473984292,0.1648275249046037,1.522847473984292
0,0,0,0,0,247500.0,450000.0,43839.0,450000.0,6,4,4,0,1,0.006233,-7031.0,-1605,1,1,0,1,1,0,11,2.0,2,2,3,9,0,0,0,0,0,0,30,0.6968800136884634,0.3185955240537633,0.0,0.0,0.0,0.0,-352.0,0,1,0,0,0,0,0,0,0,0,0,0,0,0,0,0,0,0,0,0,0.0,0.0,0.0,0.0,2.0,2.0,49,22,1.8181744720223352,0.1771265570644159,1.8181744720223352
0,1,1,1,0,225000.0,900000.0,45954.0,900000.0,6,1,2,1,1,0.031329,-7151.0,-214,1,1,1,1,1,1,10,2.0,2,2,2,16,0,0,0,0,0,0,5,0.3366401597943608,0.2250868621163805,0.0,0.0,0.0,0.0,-295.0,0,1,0,0,0,0,0,0,0,0,0,0,0,0,0,0,0,0,0,0,0.0,0.0,0.0,0.0,0.0,5.0,45,0,3.999982222301234,0.204239092270701,3.999982222301234
0,0,0,1,0,112500.0,227520.0,12834.0,180000.0,6,1,4,1,1,0.031329,-3316.0,-3316,1,1,0,1,0,0,14,2.0,2,2,2,11,0,0,0,0,0,0,42,0.5589439380475911,0.5352762504724826,1.0,0.0,1.0,0.0,-190.0,0,1,0,0,0,0,0,0,0,0,0,0,0,0,0,0,0,0,0,0,0.0,0.0,0.0,0.0,0.0,1.0,40,10,2.022382023270904,0.1140789859645692,2.022382023270904
0,0,0,0,0,90000.0,1724220.0,47412.0,1350000.0,6,7,4,1,1,0.010147,-9158.0,-3105,1,1,1,1,0,0,0,2.0,2,2,2,7,0,0,0,0,0,0,3,0.1915258625230554,0.1538025863067176,0.0,0.0,0.0,0.0,-1149.0,0,1,0,0,0,0,0,0,0,0,0,0,0,0,0,0,0,0,0,0,0.0,0.0,0.0,0.0,0.0,1.0,54,25,19.15778713569849,0.526794146731703,19.15778713569849
0,0,1,0,0,270000.0,2517300.0,66532.5,2250000.0,6,7,1,1,1,0.00823,-2174.0,-4400,1,1,0,1,0,0,14,2.0,2,2,6,11,0,0,0,0,0,0,21,0.6346425776232082,0.5100895276257282,2.0,0.0,2.0,0.0,-3.0,0,1,0,0,0,0,0,0,0,0,0,0,0,0,0,0,0,0,0,0,0.0,0.0,0.0,0.0,0.0,0.0,33,5,9.323298802597028,0.2464157540157258,9.323298802597028
0,0,0,1,1,90000.0,326439.0,16006.5,229500.0,6,7,4,1,1,0.0116569999999999,-10382.0,-414,1,1,0,1,0,0,3,3.0,1,1,2,14,0,0,0,0,0,0,28,0.5913602773458688,0.3740208032583212,0.0,0.0,0.0,0.0,-672.0,0,1,0,0,0,0,0,0,0,0,0,0,0,0,0,0,0,0,0,0,0.0,0.0,0.0,0.0,0.0,0.0,28,5,3.627059699336674,0.1778480239108454,3.627059699336674
0,1,0,0,1,360000.0,900000.0,26446.5,900000.0,1,7,1,1,1,0.007305,-2807.0,-4590,1,1,1,1,0,0,10,3.0,3,3,2,16,0,0,0,0,0,0,5,0.6691397297017495,0.3031463744186309,1.0,0.0,1.0,0.0,-1295.0,0,1,0,0,0,0,0,0,0,0,0,0,0,0,0,0,0,0,0,0,0.0,0.0,0.0,0.0,0.0,0.0,36,2,2.499993055574845,0.0734622959380668,2.499993055574845
1,0,0,0,1,189000.0,180000.0,9000.0,180000.0,6,7,4,3,2,0.0038179999999999,-32.0,-522,1,1,1,1,1,0,6,2.0,2,2,2,5,0,0,0,0,0,0,42,0.4848632095211149,0.1359510441732951,0.0,0.0,0.0,0.0,-359.0,0,0,0,0,0,0,0,0,0,0,0,0,0,0,0,0,0,0,0,0,0.0,0.0,0.0,0.0,0.0,0.0,21,1,0.9523759133549556,0.0476187956677477,0.9523759133549556
1,0,0,1,0,180000.0,135000.0,6750.0,135000.0,6,1,1,1,1,0.019101,-3520.0,-4532,1,1,0,1,0,0,0,2.0,2,2,5,14,0,0,0,0,0,0,5,0.6447275556114415,0.5352762504724826,1.0,0.0,1.0,0.0,-688.0,0,0,0,0,0,0,0,0,0,0,0,0,0,0,0,0,0,0,0,0,0.0,0.0,0.0,0.0,0.0,1.0,44,8,0.7499958333564813,0.037499791667824,0.7499958333564813
0,1,1,1,1,133200.0,281493.0,18328.5,243000.0,6,7,1,1,1,0.020246,-3655.0,-4252,1,1,0,1,0,0,4,3.0,3,3,0,8,0,0,0,0,0,0,7,0.3846283907439411,0.190705947811054,1.0,0.0,1.0,0.0,-1170.0,0,0,0,0,0,0,1,0,0,0,0,0,0,0,0,0,1,0,0,0,0.0,0.0,0.0,0.0,0.0,0.0,32,8,2.113294945233144,0.1376003183159285,2.113294945233144
0,0,0,0,1,247500.0,497749.5,22054.5,378000.0,6,7,1,1,1,0.018029,-4346.0,-5030,1,1,0,1,0,0,3,3.0,3,2,5,13,0,0,0,0,0,0,5,0.2653117484731741,0.6610235391308081,0.0,0.0,0.0,0.0,-46.0,0,1,0,0,0,0,0,0,0,0,0,0,0,0,0,0,0,0,0,0,0.0,0.0,0.0,3.0,2.0,1.0,42,9,2.0111009652486254,0.0891087308738146,2.0111009652486254
1,0,0,1,2,99000.0,270000.0,13500.0,270000.0,6,4,1,1,1,0.01885,-847.0,-1229,1,1,0,1,0,0,3,4.0,2,2,6,12,0,0,0,0,0,0,11,0.7755693510997713,0.7517237147741489,0.0,0.0,0.0,0.0,-475.0,0,0,0,0,0,0,0,0,0,0,0,0,0,0,0,0,0,0,0,0,0.0,0.0,0.0,0.0,0.0,1.0,32,4,2.727245179341623,0.1363622589670811,2.727245179341623
0,0,0,1,0,202500.0,1125000.0,109597.5,1125000.0,1,3,4,1,3,0.072508,-11953.0,-4707,1,0,0,1,1,0,18,2.0,1,1,2,17,0,0,0,0,0,0,57,0.7401532004010554,0.5352762504724826,0.0,0.0,0.0,0.0,-2812.0,0,1,0,0,0,0,0,0,0,0,0,0,0,0,0,0,0,0,0,0,0.0,0.0,0.0,0.0,0.0,1.0,58,0,5.555528120848786,0.5412195495330887,5.555528120848786
1,1,1,1,0,450000.0,810000.0,40500.0,810000.0,6,1,1,1,1,0.04622,-896.0,-1884,1,1,0,1,0,0,10,2.0,1,1,0,11,0,1,1,0,0,0,5,0.7145603618549656,0.5779691187553125,0.0,0.0,0.0,0.0,-818.0,0,0,0,0,0,0,0,0,0,0,0,0,0,0,0,0,0,0,0,0,0.0,0.0,0.0,0.0,0.0,1.0,50,10,1.7999960000088888,0.0899998000004444,1.7999960000088888
1,0,0,1,1,135000.0,675000.0,33750.0,1350000.0,6,7,2,1,1,0.006207,-4392.0,-534,1,1,1,1,1,0,8,3.0,2,2,2,14,0,0,0,0,0,0,20,0.4431416985636232,0.5352762504724826,0.0,0.0,0.0,0.0,-43.0,0,0,0,0,0,0,0,0,0,0,0,0,0,0,0,0,0,0,0,0,0.0,0.0,0.0,0.0,0.0,1.0,26,2,4.9999629632373095,0.2499981481618654,4.9999629632373095
0,1,1,1,1,292500.0,153000.0,16605.0,153000.0,6,7,4,1,1,0.018209,-5613.0,-4092,1,1,0,1,1,0,16,3.0,3,3,1,7,0,0,0,0,0,0,40,0.5920100952053687,0.3062022983135042,0.0,0.0,0.0,0.0,-2615.0,0,0,0,0,0,0,1,0,0,0,0,0,0,0,0,0,0,0,0,0,0.0,0.0,0.0,0.0,0.0,5.0,33,5,0.523075134785864,0.056769036687054,0.523075134785864
0,0,0,1,0,211500.0,1125000.0,47794.5,1125000.0,6,7,4,5,1,0.026392,-6297.0,-2279,1,1,1,1,1,1,10,1.0,2,2,2,15,0,0,0,0,0,0,43,0.6891857896117622,0.5638350489514956,3.0,0.0,3.0,0.0,-1738.0,0,1,0,0,0,0,0,0,0,0,0,0,0,0,0,0,0,0,0,0,0.0,0.0,0.0,0.0,0.0,2.0,51,9,5.319123786648763,0.225977654951986,5.319123786648763
0,1,0,1,0,112500.0,414792.0,18400.5,315000.0,6,1,4,1,1,0.019101,-5013.0,-3189,1,1,0,1,0,0,8,2.0,2,2,0,19,0,0,0,1,1,0,42,0.7025954227066719,0.7435593141311444,0.0,0.0,0.0,0.0,-1471.0,0,1,0,0,0,0,0,0,0,0,0,0,0,0,0,0,0,0,0,0,0.0,0.0,0.0,0.0,0.0,3.0,29,1,3.68700722660243,0.1635585461462564,3.68700722660243
0,0,1,1,0,180000.0,233208.0,8919.0,184500.0,6,3,4,0,1,0.018634,-10131.0,-1421,1,0,0,1,1,0,18,2.0,2,2,4,9,0,0,0,0,0,0,57,0.3887825150035664,0.2458512138252296,0.0,0.0,0.0,0.0,-1096.0,0,1,0,0,0,0,0,0,0,0,0,0,0,0,0,0,0,0,0,0,0.0,0.0,1.0,0.0,0.0,2.0,52,0,1.2955928022622096,0.0495497247237515,1.2955928022622096
0,1,0,1,0,157500.0,533304.0,32355.0,405000.0,3,1,4,1,1,0.04622,-11013.0,-1955,1,1,0,1,1,0,16,2.0,1,1,4,12,0,1,1,0,0,0,40,0.6830448449249537,0.1464420666789632,4.0,0.0,4.0,0.0,-298.0,0,1,0,0,0,0,0,0,0,0,0,0,0,0,0,0,0,0,0,0,0.0,0.0,0.0,0.0,1.0,1.0,50,2,3.386035644218132,0.2054272671284626,3.386035644218132
1,0,0,1,2,135000.0,382500.0,19125.0,382500.0,6,1,4,0,1,0.0228,-5321.0,-2624,1,1,0,1,0,0,18,4.0,2,2,6,13,0,0,0,1,1,0,55,0.6339780906809127,0.4382813743111921,1.0,0.0,1.0,0.0,-845.0,0,0,0,0,0,0,0,0,0,0,0,0,0,0,0,0,0,0,0,0,0.0,0.0,1.0,0.0,0.0,0.0,39,0,2.833312345834475,0.1416656172917237,2.833312345834475
0,0,0,1,0,112500.0,675000.0,19476.0,675000.0,6,3,4,0,1,0.0145199999999999,-284.0,-3997,1,0,0,1,1,0,18,2.0,2,2,6,10,0,0,0,0,0,0,57,0.2106606949613967,0.2970866116472028,0.0,0.0,0.0,0.0,-2650.0,0,0,0,0,1,0,0,0,0,0,0,0,0,0,0,0,0,0,0,0,0.0,0.0,0.0,0.0,0.0,6.0,61,0,5.999946667140737,0.173118461169234,5.999946667140737
0,0,0,1,0,76500.0,377649.0,14364.0,265500.0,6,1,2,3,1,0.0196889999999999,-3753.0,-1629,1,1,0,1,0,0,14,1.0,2,2,4,15,0,0,0,1,1,0,42,0.2066456848465208,0.5352762504724826,4.0,4.0,4.0,3.0,-1934.0,0,1,0,0,0,0,0,0,0,0,0,0,0,0,0,0,0,0,0,0,0.0,0.0,0.0,0.0,0.0,1.0,24,0,4.936523705572476,0.1877622514738369,4.936523705572476
1,0,1,1,0,112500.0,180000.0,9000.0,180000.0,6,1,4,3,1,0.035792,-418.0,-644,1,1,0,1,1,0,8,1.0,2,2,6,17,0,0,0,0,0,0,5,0.6736313602825434,0.3944954053123993,0.0,0.0,0.0,0.0,-685.0,0,0,0,0,0,0,0,0,0,0,0,0,0,0,0,0,0,0,0,0,0.0,0.0,0.0,1.0,0.0,2.0,21,2,1.5999857779041964,0.0799992888952098,1.5999857779041964
1,0,0,1,1,234000.0,720000.0,36000.0,720000.0,6,1,4,3,1,0.04622,-3236.0,-1975,1,1,0,1,0,0,14,2.0,1,1,4,9,0,0,0,0,1,1,42,0.6468184766835072,0.4083588531230431,0.0,0.0,0.0,0.0,-735.0,0,0,0,0,0,0,0,0,0,0,0,0,0,0,0,0,0,0,0,0,0.0,0.0,0.0,0.0,0.0,9.0,50,3,3.076909927735352,0.1538454963867676,3.076909927735352
0,0,0,1,0,112500.0,808650.0,29709.0,675000.0,6,7,4,1,1,0.00823,-3693.0,-5529,1,1,0,1,0,0,14,2.0,2,2,1,16,0,0,0,0,1,1,3,0.323910443121905,0.7281412993111438,5.0,0.0,5.0,0.0,-159.0,0,1,0,0,0,0,0,0,0,0,0,0,0,0,0,0,0,0,0,0,0.0,0.0,0.0,0.0,1.0,2.0,40,6,7.187936107234602,0.2640776526430876,7.187936107234602
0,0,0,1,0,90000.0,91647.0,6507.0,76500.0,6,7,4,5,1,0.020713,-9573.0,-2267,1,1,0,1,0,0,18,1.0,3,2,6,7,0,0,0,0,0,0,33,0.1173306309421836,0.5797274227921155,0.0,0.0,0.0,0.0,0.0,0,1,0,0,0,0,0,0,0,0,0,0,0,0,0,0,0,0,0,0,0.0,0.0,0.0,0.0,0.0,3.0,51,13,1.0182886856812703,0.0722991966755925,1.0182886856812703
0,0,0,0,0,94500.0,157914.0,15745.5,139500.0,6,7,4,5,1,0.008625,-5817.0,-4173,1,1,0,1,0,0,2,1.0,2,2,4,9,0,0,0,0,1,1,5,0.5205021737093711,0.6263042766749393,0.0,0.0,0.0,0.0,-1396.0,0,0,0,1,0,0,0,0,0,0,0,0,0,0,0,0,0,0,0,0,0.0,0.0,0.0,1.0,0.0,4.0,40,7,1.6710299361911514,0.1666172844731801,1.6710299361911514
0,0,0,0,0,126000.0,315000.0,19165.5,315000.0,6,7,4,0,5,0.006305,-3662.0,-2436,1,1,0,1,0,0,14,2.0,3,3,6,10,0,0,0,1,1,0,42,0.2801824502452667,0.6690566947824041,0.0,0.0,0.0,0.0,-482.0,0,1,0,0,0,0,0,0,0,0,0,0,0,0,0,0,0,0,0,0,0.0,0.0,0.0,0.0,0.0,1.0,28,0,2.499980158887628,0.1521059356671772,2.499980158887628
1,0,1,0,0,157500.0,180000.0,9000.0,180000.0,6,7,4,3,5,0.020713,-3771.0,-2748,1,1,0,1,0,0,8,1.0,3,2,1,12,0,0,0,0,0,0,5,0.6660972249960166,0.2301588968634147,0.0,0.0,0.0,0.0,-718.0,0,0,0,0,0,0,0,0,0,0,0,0,0,0,0,0,0,0,0,0,0.0,0.0,0.0,0.0,1.0,2.0,27,1,1.1428498866673862,0.0571424943333693,1.1428498866673862
0,1,1,0,0,180000.0,360000.0,18378.0,360000.0,1,7,4,2,1,0.022625,-5721.0,-5719,1,1,0,1,0,0,4,1.0,2,2,5,19,0,0,0,1,1,0,54,0.7855795145421104,0.3556387169923543,0.0,0.0,0.0,0.0,-646.0,0,0,0,0,0,0,1,0,0,0,0,0,0,0,0,0,0,0,0,0,0.0,0.0,0.0,0.0,2.0,2.0,43,1,1.999988888950617,0.1020994327809289,1.999988888950617
0,0,0,1,1,180000.0,746280.0,59094.0,675000.0,6,1,1,1,1,0.04622,-2718.0,-3935,1,1,0,1,0,0,0,3.0,1,1,4,11,0,0,0,1,1,0,42,0.7177209541809176,0.5884877883422673,2.0,0.0,2.0,0.0,-1265.0,0,0,0,0,0,0,1,0,0,0,0,0,0,0,0,0,0,0,0,0,0.0,0.0,0.0,0.0,0.0,0.0,31,1,4.145976966794629,0.3282981761212438,4.145976966794629
0,0,0,1,2,157500.0,364356.0,19894.5,261000.0,6,7,4,1,1,0.007305,-6571.0,-1639,1,1,0,1,0,0,8,4.0,3,3,6,7,0,0,0,0,0,0,5,0.3601744812742343,0.5352762504724826,2.0,1.0,2.0,1.0,-359.0,0,1,0,0,0,0,0,0,0,0,0,0,0,0,0,0,0,0,0,0,0.0,0.0,0.0,0.0,0.0,1.0,34,5,2.313356740592124,0.1263134837239128,2.313356740592124
0,0,0,0,0,90000.0,1546020.0,42511.5,1350000.0,6,1,4,1,2,0.009334,-5687.0,-2489,1,1,1,1,0,0,14,2.0,2,2,5,12,0,0,0,0,0,0,42,0.6437000752747319,0.722392890081304,0.0,0.0,0.0,0.0,-2279.0,0,1,0,0,0,0,0,0,0,0,0,0,0,0,0,0,0,0,0,0,0.0,0.0,0.0,0.0,0.0,1.0,52,2,17.17780913545405,0.4723447517249808,17.17780913545405
0,0,0,1,1,54000.0,277969.5,15651.0,229500.0,5,7,4,1,1,0.01885,-5770.0,-3966,1,1,0,1,1,0,18,3.0,2,2,0,17,0,0,0,0,0,0,51,0.5800904719686271,0.5352762504724826,0.0,0.0,0.0,0.0,-246.0,0,1,0,0,0,0,0,0,0,0,0,0,0,0,0,0,0,0,0,0,0.0,0.0,0.0,1.0,0.0,2.0,41,0,5.147488009481306,0.289827966148775,5.147488009481306
0,0,0,0,0,135000.0,229500.0,6183.0,229500.0,1,7,4,2,1,0.020713,-1757.0,-4981,1,1,0,1,1,0,1,1.0,3,2,2,10,0,0,0,0,0,0,33,0.5622243842397293,0.6075573001388961,2.0,1.0,2.0,1.0,-794.0,0,1,0,0,0,0,0,0,0,0,0,0,0,0,0,0,0,0,0,0,0.0,0.0,0.0,0.0,1.0,3.0,41,21,1.699987407500685,0.0457996607432537,1.699987407500685
0,0,0,1,0,130500.0,237204.0,10444.5,198000.0,6,7,1,0,1,0.0105,-7810.0,-4328,1,1,0,1,0,0,11,2.0,3,3,6,9,0,0,0,0,0,0,30,0.1170568798664336,0.3506958432829587,0.0,0.0,0.0,0.0,-8.0,0,1,0,0,0,0,0,0,0,0,0,0,0,0,0,0,0,0,0,0,0.0,0.0,0.0,0.0,1.0,3.0,41,21,1.8176412441283976,0.0800338694722645,1.8176412441283976
1,1,0,1,0,90000.0,247500.0,12375.0,247500.0,6,7,4,2,1,0.018801,-8392.0,-4214,1,1,0,1,0,0,18,1.0,2,2,1,7,0,0,0,1,1,1,40,0.5636609128870665,0.5352762504724826,1.0,1.0,1.0,1.0,-582.0,0,0,0,0,0,0,0,0,0,0,0,0,0,0,0,0,0,0,0,0,0.0,0.0,0.0,0.0,0.0,1.0,39,1,2.7499694447839467,0.1374984722391973,2.7499694447839467
0,0,1,1,0,225000.0,1024740.0,52452.0,900000.0,6,7,1,2,1,0.008575,-10161.0,-4711,1,1,0,1,0,1,3,1.0,2,2,5,17,0,0,0,0,0,0,11,0.6814947348878317,0.4920600938649263,0.0,0.0,0.0,0.0,-2790.0,0,1,0,0,0,0,0,0,0,0,0,0,0,0,0,0,0,0,0,0,0.0,0.0,0.0,0.0,0.0,2.0,43,13,4.5543797583121854,0.2331189639157159,4.5543797583121854
0,0,0,1,0,67500.0,95940.0,9342.0,90000.0,6,7,4,1,1,0.04622,-8966.0,-2616,1,1,1,1,0,0,18,2.0,1,1,1,11,0,1,1,0,1,1,4,0.7209834105884629,0.7295666907060153,0.0,0.0,0.0,0.0,-492.0,0,1,0,0,0,0,0,0,0,0,0,0,0,0,0,0,0,0,0,0,0.0,0.0,0.0,0.0,0.0,0.0,52,4,1.4213122768551576,0.138397949660005,1.4213122768551576
0,0,0,1,0,211500.0,755190.0,29677.5,675000.0,6,3,4,5,1,0.005084,-6899.0,-2017,1,0,0,1,1,0,18,1.0,2,2,5,16,0,0,0,0,0,0,57,0.4259813577376328,0.3457848024695955,0.0,0.0,0.0,0.0,-946.0,0,0,0,0,1,0,0,0,0,0,0,0,0,0,0,0,0,0,0,0,0.0,0.0,0.0,1.0,0.0,0.0,63,0,3.5706214155015816,0.1403184854917943,3.5706214155015816
0,0,1,1,1,108000.0,490495.5,30136.5,454500.0,6,1,4,3,1,0.031329,-3629.0,-3669,1,1,0,1,0,0,18,2.0,2,2,0,13,0,0,0,0,0,0,42,0.5620952065744843,0.7713615919194317,7.0,0.0,7.0,0.0,-830.0,0,1,0,0,0,0,0,0,0,0,0,0,0,0,0,0,0,0,0,0,0.0,0.0,0.0,0.0,0.0,2.0,31,7,4.541582948306035,0.2790390829714539,4.541582948306035
0,0,0,0,0,135000.0,808650.0,26217.0,675000.0,6,7,4,0,1,0.0145199999999999,-4452.0,-4898,1,1,1,1,1,0,11,2.0,2,2,0,11,0,0,0,0,0,0,30,0.2907392918084573,0.3927738606031339,0.0,0.0,0.0,0.0,-900.0,0,1,0,0,0,0,0,0,0,0,0,0,0,0,0,0,0,0,0,0,0.0,0.0,0.0,0.0,0.0,0.0,39,19,5.989955629958296,0.1941985614921371,5.989955629958296
0,0,1,1,0,225000.0,675000.0,53329.5,675000.0,1,1,4,1,1,0.04622,-4970.0,-2486,1,1,1,1,1,0,14,2.0,1,1,0,14,0,0,0,0,0,0,42,0.7697812099495329,0.6848276586890367,1.0,0.0,1.0,0.0,-1651.0,0,1,0,0,0,0,0,0,0,0,0,0,0,0,0,0,0,0,0,0,0.0,0.0,0.0,0.0,1.0,1.0,29,11,2.999986666725926,0.2370189465824596,2.999986666725926
0,0,0,1,0,67500.0,161730.0,7780.5,135000.0,6,3,1,1,1,0.072508,-13817.0,-5623,1,0,0,1,1,0,18,2.0,1,1,4,17,0,0,0,0,0,0,57,0.7685971076721332,0.4992720153045617,2.0,0.0,2.0,0.0,-336.0,0,1,0,0,0,0,0,0,0,0,0,0,0,0,0,0,0,0,0,0,0.0,0.0,0.0,0.0,0.0,1.0,60,0,2.3959645042295667,0.1152649590376438,2.3959645042295667
0,0,0,1,0,135000.0,1159515.0,34033.5,1012500.0,6,1,4,1,1,0.031329,-2999.0,-2884,1,1,0,1,0,0,11,2.0,2,2,0,13,0,0,0,0,0,0,30,0.6904023768102115,0.5352762504724826,1.0,0.0,1.0,0.0,-1575.0,0,1,0,0,0,0,0,0,0,0,0,0,0,0,0,0,0,0,0,0,0.0,0.0,0.0,0.0,0.0,7.0,61,6,8.58893637824905,0.2520981326064251,8.58893637824905
0,1,1,0,0,180000.0,568800.0,16429.5,450000.0,6,1,1,2,1,0.04622,-5940.0,-2276,1,1,0,1,0,0,16,1.0,1,1,0,11,0,1,1,0,0,0,5,0.1243232982222055,0.2127563054543414,0.0,0.0,0.0,0.0,-110.0,0,1,0,0,0,0,0,0,0,0,0,0,0,0,0,0,0,0,0,0,0.0,0.0,0.0,0.0,0.0,0.0,51,1,3.159982444541974,0.0912744929194837,3.159982444541974
0,1,0,0,0,585000.0,1800000.0,47614.5,1800000.0,6,4,1,1,1,0.032561,-318.0,-2145,1,1,0,1,1,0,18,2.0,1,1,1,13,0,0,0,0,0,0,42,0.6898692733735727,0.5172965813614878,0.0,0.0,0.0,0.0,-7.0,0,0,0,0,0,0,0,1,0,0,0,0,0,0,0,0,1,0,0,0,0.0,0.0,0.0,0.0,0.0,0.0,32,5,3.0769178172345004,0.0813921685603956,3.0769178172345004
0,0,0,1,0,382500.0,1202179.5,80793.0,1152000.0,1,7,4,1,1,0.00496,-7078.0,-4108,1,1,0,1,0,0,10,2.0,2,2,4,13,0,0,0,0,0,0,42,0.4332420555355377,0.7490217048463391,0.0,0.0,0.0,0.0,0.0,0,1,0,0,0,0,0,0,0,0,0,0,0,0,0,0,0,0,0,0,0.0,0.0,0.0,0.0,0.0,0.0,39,12,3.142944724327518,0.2112229771948308,3.142944724327518
0,1,0,1,0,292500.0,1485000.0,46759.5,1485000.0,6,7,4,1,1,0.005084,-3696.0,-3875,1,1,0,1,0,0,16,2.0,2,2,0,13,0,1,1,0,0,0,40,0.1232961345756833,0.5691487713619409,0.0,0.0,0.0,0.0,0.0,0,0,0,0,1,0,0,0,0,0,0,0,0,0,0,0,0,0,0,0,0.0,0.0,0.0,0.0,0.0,0.0,56,4,5.076905719980444,0.1598609919282327,5.076905719980444
1,0,0,0,0,292500.0,495000.0,24750.0,495000.0,6,7,1,2,1,0.016612,-10122.0,-1240,1,1,0,1,1,0,18,1.0,2,2,4,17,0,0,0,0,0,0,33,0.4775916984800755,0.6246146584503397,0.0,0.0,0.0,0.0,-123.0,0,0,0,0,0,0,0,0,0,0,0,0,0,0,0,0,0,0,0,0,0.0,0.0,0.0,0.0,0.0,0.0,51,7,1.692301906660148,0.0846150953330074,1.692301906660148
0,1,0,1,0,90000.0,239850.0,23494.5,225000.0,0,3,4,3,1,0.030755,-6161.0,-4258,1,0,0,1,0,0,18,1.0,2,2,2,12,0,0,0,0,0,0,57,0.4172628698038599,0.6430255641096323,0.0,0.0,0.0,0.0,-352.0,0,0,0,0,1,0,0,0,0,0,0,0,0,0,0,0,0,0,0,0,0.0,0.0,0.0,0.0,1.0,0.0,66,0,2.6649703892178978,0.2610470994766725,2.6649703892178978
0,1,0,1,0,225000.0,180000.0,18900.0,180000.0,6,3,4,1,1,0.04622,-6615.0,-4866,1,0,0,1,1,0,18,2.0,1,1,0,15,0,0,0,0,0,0,57,0.7292686460608594,0.8038850611746273,6.0,0.0,6.0,0.0,-2446.0,0,0,0,0,0,0,1,0,0,0,0,0,0,0,0,0,0,0,0,0,0.0,0.0,0.0,0.0,1.0,2.0,60,0,0.7999964444602469,0.0839996266683259,0.7999964444602469
1,0,0,1,1,90000.0,180000.0,9000.0,180000.0,6,7,4,0,1,0.0096569999999999,-5413.0,-4061,1,1,0,1,0,0,14,3.0,2,2,4,10,0,0,0,0,1,1,51,0.5595907479266927,0.2009260877159709,0.0,0.0,0.0,0.0,-1093.0,0,0,0,0,0,0,0,0,0,0,0,0,0,0,0,0,0,0,0,0,0.0,0.0,0.0,1.0,0.0,3.0,32,0,1.9999777780246888,0.0999988889012344,1.9999777780246888
0,1,0,0,0,135000.0,180000.0,14431.5,180000.0,1,3,4,1,2,0.04622,-11885.0,-4821,1,0,0,1,0,0,18,2.0,1,1,1,17,0,0,0,0,0,0,57,0.6253299793488812,0.4650692149562261,6.0,2.0,6.0,2.0,-148.0,0,1,0,0,0,0,0,0,0,0,0,0,0,0,0,0,0,0,0,0,0.0,0.0,0.0,0.0,0.0,6.0,60,0,1.3333234568632826,0.1068992081540136,1.3333234568632826
0,0,0,1,0,337500.0,665892.0,21609.0,477000.0,6,1,4,1,1,0.04622,-7591.0,-4351,1,1,0,1,0,0,8,2.0,1,1,1,14,0,0,0,0,0,0,39,0.0978692957428884,0.3185955240537633,5.0,0.0,5.0,0.0,-3264.0,0,1,0,0,0,0,0,0,0,0,0,0,0,0,0,0,0,0,0,0,0.0,0.0,0.0,0.0,1.0,2.0,43,9,1.9730074873852224,0.0640264769585867,1.9730074873852224
0,1,1,0,0,112500.0,270000.0,26833.5,270000.0,6,7,4,1,1,0.028663,-3993.0,-3305,1,1,0,1,0,1,4,2.0,2,2,0,13,0,0,0,0,0,0,0,0.5011772639114913,0.5656079814115492,4.0,0.0,4.0,0.0,-2656.0,0,1,0,0,0,0,0,0,0,0,0,0,0,0,0,0,0,0,0,0,0.0,0.0,0.0,1.0,0.0,3.0,54,3,2.3999786668562946,0.2385178798410681,2.3999786668562946
0,0,0,1,0,211500.0,202500.0,9868.5,202500.0,6,7,1,1,1,0.015221,-12792.0,-4158,1,1,0,1,0,0,10,2.0,2,2,4,14,0,0,0,0,0,0,28,0.3962491656696249,0.8245949709919925,4.0,0.0,4.0,0.0,-2008.0,0,1,0,0,0,0,0,0,0,0,0,0,0,0,0,0,0,0,0,0,0.0,0.0,0.0,2.0,0.0,2.0,63,37,0.9574422815967774,0.0466593538564829,0.9574422815967774
0,0,0,0,0,270000.0,675000.0,32602.5,675000.0,6,7,4,3,3,0.020713,-428.0,-286,1,1,1,1,1,0,8,1.0,3,1,5,14,0,0,0,0,0,0,5,0.4768606543706932,0.633031641417419,0.0,0.0,0.0,0.0,-798.0,0,1,0,0,0,0,0,0,0,0,0,0,0,0,0,0,0,0,0,0,0.0,0.0,0.0,0.0,0.0,2.0,45,27,2.499990740775034,0.1207495527794341,2.499990740775034
0,0,0,1,0,180000.0,251091.0,24961.5,238500.0,6,3,1,3,1,0.010032,-9245.0,-4068,1,0,0,1,0,0,18,1.0,2,2,5,6,0,0,0,0,0,0,57,0.729005201353378,0.6512602186973006,3.0,0.0,3.0,0.0,0.0,0,0,0,0,1,0,0,0,0,0,0,0,0,0,0,0,0,0,0,0,0.0,0.0,0.0,0.0,0.0,0.0,64,0,1.3949422503208315,0.1386742295876134,1.3949422503208315
0,1,0,0,1,166500.0,675000.0,34465.5,675000.0,6,7,4,1,1,0.01885,-7456.0,-4312,1,1,0,1,1,0,8,3.0,2,2,2,17,0,0,0,1,0,1,7,0.3244134740480807,0.5352762504724826,1.0,0.0,1.0,0.0,-2781.0,0,1,0,0,0,0,0,0,0,0,0,0,0,0,0,0,0,0,0,0,0.0,0.0,0.0,0.0,0.0,1.0,36,9,4.054029705527294,0.2069987567642236,4.054029705527294
0,0,1,1,1,81000.0,622413.0,30073.5,495000.0,6,7,4,1,1,0.011703,-2253.0,-307,1,1,0,1,0,0,3,3.0,2,2,1,13,0,0,0,0,0,0,28,0.6711168183336355,0.2793353208976285,3.0,0.0,3.0,0.0,-1213.0,0,1,0,0,0,0,0,0,0,0,0,0,0,0,0,0,0,0,0,0,0.0,0.0,0.0,0.0,0.0,0.0,27,4,7.6840162467130035,0.3712731941580968,7.6840162467130035
0,0,1,1,0,144000.0,1078200.0,31653.0,900000.0,6,7,1,1,1,0.020713,-6399.0,-3922,1,1,1,1,1,0,11,2.0,3,3,4,11,0,0,0,0,0,0,39,0.1816929460635663,0.0005272652387098,2.0,1.0,2.0,1.0,-738.0,0,1,0,0,0,0,0,0,0,0,0,0,0,0,0,0,0,0,0,0,0.0,0.0,0.0,0.0,0.0,0.0,40,9,7.487448003833307,0.219810973534906,7.487448003833307
0,0,0,1,0,135000.0,654498.0,27859.5,585000.0,4,1,4,0,1,0.035792,-2243.0,-2240,1,1,0,1,0,0,14,2.0,2,2,5,14,0,0,0,0,0,0,42,0.6957933882307554,0.3441550073724169,0.0,0.0,0.0,0.0,-468.0,0,1,0,0,0,0,0,0,0,0,0,0,0,0,0,0,0,0,0,0,0.0,0.0,0.0,2.0,0.0,2.0,51,8,4.848097421500581,0.2063651380360145,4.848097421500581
0,0,0,1,0,166500.0,1350000.0,39474.0,1350000.0,6,3,1,2,1,0.0116569999999999,-2694.0,-1901,1,0,0,1,0,0,18,1.0,1,1,1,18,0,0,0,0,0,0,57,0.7348701721203988,0.7649392739475195,1.0,0.0,1.0,0.0,-940.0,0,0,0,0,1,0,0,0,0,0,0,0,0,0,0,0,0,0,0,0,0.0,0.0,0.0,0.0,0.0,0.0,64,0,8.108059411054588,0.2370796571792361,8.108059411054588
0,0,0,0,0,202500.0,573408.0,29277.0,495000.0,6,7,1,1,1,0.025164,-5212.0,-659,1,1,0,1,1,0,3,2.0,2,2,6,17,0,0,0,0,1,1,39,0.4934638487523909,0.5352762504724826,0.0,0.0,0.0,0.0,-2794.0,0,1,0,0,0,0,0,0,0,0,0,0,0,0,0,0,0,0,0,0,0.0,0.0,0.0,1.0,0.0,7.0,44,13,2.831630461084143,0.1445770638169688,2.831630461084143
0,0,1,1,0,85500.0,247275.0,17338.5,225000.0,6,1,4,1,1,0.031329,-9180.0,-4189,1,1,0,1,0,0,13,2.0,2,2,1,8,0,0,0,0,0,0,42,0.6218910425916607,0.4014074137749511,4.0,0.0,3.0,0.0,-2828.0,0,1,0,0,0,0,0,0,0,0,0,0,0,0,0,0,0,0,0,0,0.0,0.0,0.0,0.0,0.0,0.0,43,5,2.8920714377609618,0.2027871019052408,2.8920714377609618
1,0,0,1,0,81000.0,180000.0,9000.0,180000.0,6,7,4,1,1,0.031329,-10044.0,-1338,1,1,0,1,0,0,18,2.0,2,2,5,8,0,0,0,0,0,0,11,0.5448950628458907,0.7826078370261895,3.0,0.0,3.0,0.0,-109.0,0,0,0,0,0,0,0,0,0,0,0,0,0,0,0,0,0,0,0,0,0.0,0.0,0.0,0.0,1.0,0.0,48,8,2.2221947877186703,0.1111097393859335,2.2221947877186703
0,0,0,1,0,225000.0,1011955.5,43006.5,904500.0,6,7,4,1,1,0.030755,-2937.0,-3304,1,1,0,1,0,0,3,2.0,2,2,2,12,0,0,0,0,0,0,28,0.552265129329306,0.6363761710860439,0.0,0.0,0.0,0.0,-970.0,0,1,0,0,0,0,0,0,0,0,0,0,0,0,0,0,0,0,0,0,0.0,0.0,0.0,0.0,0.0,2.0,54,27,4.4975600108443965,0.1911391504926644,4.4975600108443965
0,0,0,1,0,270000.0,900000.0,26316.0,900000.0,6,1,1,3,1,0.072508,-6694.0,-2168,1,1,0,1,1,0,10,1.0,1,1,4,14,0,0,0,0,0,0,5,0.7565834176034573,0.4776491548517548,0.0,0.0,0.0,0.0,-766.0,0,1,0,0,0,0,0,0,0,0,0,0,0,0,0,0,0,0,0,0,0.0,0.0,0.0,0.0,0.0,2.0,51,7,3.3333209877000454,0.0974663056803493,3.3333209877000454
0,0,0,0,0,103500.0,225000.0,21919.5,225000.0,6,7,4,1,1,0.0145199999999999,-906.0,-2958,1,1,0,1,1,0,17,2.0,2,2,4,10,0,0,0,0,0,0,33,0.573829820811528,0.722392890081304,0.0,0.0,0.0,0.0,-644.0,0,1,0,0,0,0,0,0,0,0,0,0,0,0,0,0,0,0,0,0,0.0,0.0,0.0,1.0,1.0,0.0,55,6,2.173892039690438,0.2117805625066424,2.173892039690438
0,0,1,1,0,90000.0,509922.0,30492.0,472500.0,6,7,4,2,1,0.0116569999999999,-8301.0,-4260,1,1,1,1,1,0,8,1.0,1,1,5,18,0,0,0,0,0,0,42,0.7217394130028421,0.5352762504724826,3.0,0.0,3.0,0.0,-640.0,0,1,0,0,0,0,0,0,0,0,0,0,0,0,0,0,0,0,0,0,0.0,0.0,0.0,0.0,0.0,1.0,43,11,5.66573704736614,0.3387962355973822,5.66573704736614
0,0,0,1,1,112500.0,917172.0,29718.0,657000.0,6,7,4,1,1,0.025164,-5422.0,-913,1,1,0,1,0,0,8,3.0,2,2,2,9,0,0,0,0,1,1,42,0.3665431482158463,0.445396241560834,0.0,0.0,0.0,0.0,-867.0,0,1,0,0,0,0,0,0,0,0,0,0,0,0,0,0,0,0,0,0,0.0,0.0,0.0,0.0,0.0,1.0,40,3,8.152567532733043,0.2641576519319828,8.152567532733043
0,0,0,1,0,405000.0,848745.0,46174.5,675000.0,6,7,4,1,1,0.025164,-2501.0,-3223,1,1,0,1,0,0,2,2.0,2,2,0,13,0,0,0,0,0,0,42,0.581671651965913,0.3706496323299817,2.0,0.0,2.0,0.0,-248.0,0,1,0,0,0,0,0,0,0,0,0,0,0,0,0,0,0,0,0,0,0.0,0.0,0.0,0.0,3.0,3.0,53,7,2.0956614921938463,0.1140108296028898,2.0956614921938463
0,1,0,1,0,157500.0,900000.0,38263.5,900000.0,6,7,4,0,1,0.01885,-4998.0,-3949,1,1,1,1,1,0,4,2.0,2,2,0,17,0,1,1,0,1,1,55,0.5170082978006568,0.4083588531230431,0.0,0.0,0.0,0.0,-434.0,0,1,0,0,0,0,0,0,0,0,0,0,0,0,0,0,0,0,0,0,0.0,0.0,0.0,0.0,1.0,2.0,41,2,5.714249433336931,0.2429413146583196,5.714249433336931
0,0,0,1,0,99000.0,521280.0,24286.5,450000.0,6,7,4,1,1,0.035792,-2416.0,-4720,1,1,0,1,0,0,11,2.0,2,2,5,15,0,0,0,0,0,0,30,0.5885036670939542,0.524496446363472,3.0,0.0,3.0,0.0,-1861.0,0,1,0,0,0,0,0,0,0,0,0,0,0,0,0,0,0,0,0,0,0.0,0.0,0.0,1.0,2.0,4.0,45,6,5.265401359582227,0.2453157038817789,5.265401359582227
0,0,0,1,0,157500.0,521451.0,28417.5,396000.0,6,3,1,0,1,0.005002,-2449.0,-2463,1,0,0,1,1,0,18,2.0,3,3,5,14,0,0,0,1,0,0,57,0.5692299034159828,0.7610263695502636,0.0,0.0,0.0,0.0,-249.0,0,0,0,0,1,0,0,0,0,0,0,0,0,0,0,0,0,0,0,0,0.0,0.0,0.0,0.0,0.0,0.0,54,0,3.3107789791810847,0.1804274258576136,3.3107789791810847
0,1,1,1,0,135000.0,640080.0,31261.5,450000.0,6,1,1,1,1,0.035792,-2540.0,-552,1,1,0,1,0,0,4,2.0,2,2,4,11,0,0,0,1,1,0,42,0.2508688309712892,0.5352762504724826,4.0,0.0,4.0,0.0,0.0,0,0,0,0,0,0,1,0,0,0,0,0,0,0,0,0,0,0,0,0,0.0,0.0,0.0,0.0,0.0,1.0,29,1,4.741298212605833,0.2315649513707305,4.741298212605833
0,0,0,1,1,112500.0,284400.0,18513.0,225000.0,6,7,4,2,1,0.018634,-3776.0,-4729,1,1,0,1,0,0,10,2.0,2,2,5,13,0,0,0,0,0,0,3,0.395961468675809,0.6446794549585961,1.0,0.0,1.0,0.0,-372.0,0,1,0,0,0,0,0,0,0,0,0,0,0,0,0,0,0,0,0,0,0.0,0.0,0.0,3.0,0.0,0.0,35,3,2.52797752908863,0.1645585372574466,2.52797752908863
0,0,0,0,0,225000.0,834048.0,27693.0,720000.0,6,3,4,5,1,0.0066709999999999,-12184.0,-3808,1,0,0,1,0,0,18,1.0,2,2,5,19,0,0,0,0,0,0,57,0.167917479717331,0.4614823912998385,0.0,0.0,0.0,0.0,-441.0,0,1,0,0,0,0,0,0,0,0,0,0,0,0,0,0,0,0,0,0,0.0,0.0,0.0,4.0,1.0,3.0,56,0,3.706863525051,0.1230794529802089,3.706863525051
0,0,0,1,0,180000.0,900000.0,35824.5,900000.0,6,7,1,1,1,0.025164,-4907.0,-4944,1,1,0,1,0,0,14,2.0,2,2,4,9,0,0,0,0,0,0,42,0.2089603766644776,0.5352762504724826,0.0,0.0,0.0,0.0,-1489.0,0,1,0,0,0,0,0,0,0,0,0,0,0,0,0,0,0,0,0,0,0.0,0.0,0.0,0.0,0.0,0.0,39,4,4.999972222376543,0.1990238943116982,4.999972222376543
0,1,1,0,0,225000.0,855000.0,24997.5,855000.0,6,7,4,1,1,0.0145199999999999,-3498.0,-14,1,1,0,1,0,0,4,2.0,2,2,6,11,0,1,1,0,1,1,26,0.4086327952236386,0.5352762504724826,4.0,0.0,4.0,0.0,-2474.0,0,1,0,0,0,0,0,0,0,0,0,0,0,0,0,0,0,0,0,0,0.0,0.0,0.0,0.0,0.0,1.0,40,8,3.799983111186173,0.1110995062244167,3.799983111186173
0,1,0,1,0,405000.0,2366262.0,62550.0,2115000.0,6,7,4,1,1,0.04622,-9556.0,-2142,1,1,0,1,1,0,8,2.0,1,1,0,14,0,1,1,0,1,1,33,0.7463125568357621,0.6801388218428291,7.0,1.0,7.0,0.0,-859.0,0,1,0,0,0,0,0,0,0,0,0,0,0,0,0,0,0,0,0,0,0.0,0.0,0.0,2.0,0.0,3.0,51,0,5.8426077960301335,0.1544440631010787,5.8426077960301335
0,1,0,0,1,135000.0,343800.0,16852.5,225000.0,6,7,2,1,1,0.008625,-1032.0,-3591,1,1,0,1,0,0,8,3.0,2,2,1,13,0,0,0,0,0,0,14,0.3318762246511585,0.5531646987710016,1.0,0.0,1.0,0.0,-94.0,0,1,0,0,0,0,0,0,0,0,0,0,0,0,0,0,0,0,0,0,0.0,0.0,0.0,0.0,1.0,9.0,31,3,2.5466478026088697,0.1248324086488248,2.5466478026088697
0,0,1,1,0,315000.0,541323.0,29493.0,405000.0,6,1,4,2,1,0.0105,-6118.0,-1705,1,1,0,1,1,1,8,1.0,3,3,0,9,0,0,0,0,0,0,33,0.7011953109705741,0.2636468134452008,1.0,0.0,1.0,0.0,-961.0,0,1,0,0,0,0,0,0,0,0,0,0,0,0,0,0,0,0,0,0,0.0,0.0,0.0,0.0,0.0,1.0,49,8,1.7184802587928292,0.0936282741959549,1.7184802587928292
1,0,0,0,2,67500.0,202500.0,10125.0,202500.0,1,1,1,1,1,0.006852,-1750.0,-4214,1,1,0,1,0,0,3,4.0,3,3,4,12,0,0,0,0,0,0,28,0.3611981047643538,0.5352762504724826,3.0,0.0,3.0,0.0,-2467.0,0,0,0,0,0,0,0,0,0,0,0,0,0,0,0,0,0,0,0,0,0.0,0.0,0.0,0.0,0.0,1.0,32,7,2.999955556213982,0.1499977778106991,2.999955556213982
0,0,1,1,0,67500.0,95940.0,9342.0,90000.0,6,4,4,1,1,0.015221,-4124.0,-903,1,1,1,1,1,0,18,2.0,2,2,6,13,0,0,0,0,0,0,33,0.4309775629583797,0.5867400085415683,0.0,0.0,0.0,0.0,0.0,0,1,0,0,0,0,0,0,0,0,0,0,0,0,0,0,0,0,0,0,0.0,0.0,0.0,0.0,0.0,1.0,47,6,1.4213122768551576,0.138397949660005,1.4213122768551576
1,0,0,0,1,90000.0,225000.0,11250.0,450000.0,7,7,4,1,1,0.009175,-4552.0,-3571,1,1,1,1,1,0,12,3.0,2,2,2,16,0,0,0,0,0,0,42,0.6733380266508002,0.6023863442690867,6.0,0.0,6.0,0.0,-598.0,0,0,0,1,0,0,0,0,0,0,0,0,0,0,0,0,0,0,0,0,0.0,0.0,0.0,1.0,0.0,1.0,29,6,2.499972222530861,0.124998611126543,2.499972222530861
0,1,0,1,1,157500.0,1078200.0,31653.0,900000.0,0,1,4,1,1,0.018801,-4635.0,-4750,1,1,0,1,1,0,6,3.0,2,2,2,10,0,0,0,0,0,0,7,0.5440598230725491,0.7421816117614419,0.0,0.0,0.0,0.0,-1614.0,0,1,0,0,0,0,0,0,0,0,0,0,0,0,0,0,0,0,0,0,0.0,0.0,0.0,0.0,0.0,2.0,41,1,6.845670821137643,0.2009701525704598,6.845670821137643
0,0,0,1,0,45000.0,276277.5,12298.5,238500.0,6,7,4,1,1,0.020713,-2952.0,-4415,1,1,0,1,0,0,3,2.0,3,3,1,6,0,0,0,0,0,0,28,0.2661095931275952,0.2985949897873972,2.0,0.0,2.0,0.0,-1493.0,0,1,0,0,0,0,0,0,0,0,0,0,0,0,0,0,0,0,0,0,0.0,0.0,0.0,0.0,0.0,0.0,37,14,6.139363569698451,0.2732939268016266,6.139363569698451
0,1,1,1,0,67500.0,450000.0,22018.5,450000.0,6,7,4,1,1,0.015221,-8133.0,-4663,1,1,0,1,0,0,1,2.0,2,2,5,9,0,0,0,0,0,0,51,0.7550174478831341,0.3807996826489149,0.0,0.0,0.0,0.0,-2527.0,0,1,0,0,0,0,0,0,0,0,0,0,0,0,0,0,0,0,0,0,0.0,0.0,0.0,0.0,0.0,4.0,59,3,6.666567902697738,0.3261951674790003,6.666567902697738
0,1,1,1,0,180000.0,765000.0,25411.5,765000.0,6,7,4,1,1,0.028663,-8183.0,-4598,1,1,0,1,0,0,16,2.0,2,2,6,13,0,0,0,0,0,0,40,0.4718334875478598,0.5884877883422673,1.0,0.0,1.0,0.0,-1206.0,0,1,0,0,0,0,0,0,0,0,0,0,0,0,0,0,0,0,0,0,0.0,0.0,0.0,0.0,0.0,4.0,38,4,4.249976389020061,0.1411742156988016,4.249976389020061
1,0,0,1,0,90000.0,180000.0,9000.0,180000.0,6,7,4,0,1,0.02461,-3925.0,-4261,1,1,0,1,0,0,14,2.0,2,2,5,13,0,0,0,0,1,1,5,0.485655220230535,0.2707073872651806,0.0,0.0,0.0,0.0,-274.0,0,0,0,0,0,0,0,0,0,0,0,0,0,0,0,0,0,0,0,0,0.0,0.0,0.0,0.0,0.0,0.0,39,2,1.9999777780246888,0.0999988889012344,1.9999777780246888
0,1,0,1,0,112500.0,582804.0,29884.5,463500.0,6,1,4,1,1,0.020246,-6000.0,-4516,1,1,0,1,0,0,8,2.0,3,3,5,13,0,0,0,0,0,0,4,0.3144593241924455,0.5352762504724826,0.0,0.0,0.0,0.0,0.0,0,1,0,0,0,0,0,0,0,0,0,0,0,0,0,0,0,0,0,0,0.0,0.0,0.0,0.0,0.0,1.0,57,6,5.180433951698207,0.2656376387765442,5.180433951698207
0,0,0,0,0,225000.0,983299.5,39127.5,904500.0,1,7,1,1,1,0.025164,-56.0,-2221,1,1,0,1,0,1,0,2.0,2,2,4,12,0,0,0,0,0,0,9,0.6170662621919261,0.7850520263728172,0.0,0.0,0.0,0.0,0.0,0,1,0,0,0,0,0,0,0,0,0,0,0,0,0,0,0,0,0,0,0.0,0.0,0.0,1.0,0.0,2.0,32,2,4.370200576886325,0.1738992271145461,4.370200576886325
0,1,1,0,0,225000.0,573628.5,26712.0,463500.0,5,7,3,1,1,0.020246,-7963.0,-2017,1,1,0,1,0,0,4,2.0,3,3,0,12,0,0,0,0,1,1,5,0.1767013532563719,0.7850520263728172,2.0,2.0,2.0,2.0,-1359.0,0,1,0,0,0,0,0,0,0,0,0,0,0,0,0,0,0,0,0,0,0.0,0.0,0.0,0.0,0.0,1.0,51,8,2.549448669117026,0.1187194723579006,2.549448669117026
0,0,0,1,0,144000.0,364896.0,15588.0,315000.0,6,1,4,1,1,0.025164,-8795.0,-838,1,1,0,1,0,0,8,2.0,2,2,2,9,0,0,0,0,0,0,11,0.6781868079688055,0.3672910183026313,0.0,0.0,0.0,0.0,-112.0,0,1,0,0,0,0,0,0,0,0,0,0,0,0,0,0,0,0,0,0,0.0,0.0,0.0,0.0,1.0,1.0,51,22,2.53398240289998,0.1082492482691092,2.53398240289998
0,0,0,1,0,202500.0,1214100.0,67923.0,1125000.0,6,1,4,1,1,0.032561,-8659.0,-3710,1,1,0,1,1,0,18,2.0,1,1,0,12,0,0,0,0,0,0,4,0.6656544906221126,0.5154953751603267,1.0,0.0,1.0,0.0,-999.0,0,1,0,0,0,0,0,0,0,0,0,0,0,0,0,0,0,0,0,0,0.0,0.0,0.0,1.0,0.0,8.0,55,37,5.99552594802001,0.3354205658243663,5.99552594802001
0,1,1,1,0,135000.0,931401.0,39591.0,832500.0,6,7,4,1,1,0.0105,-6615.0,-5309,1,1,0,1,0,0,8,2.0,3,3,1,15,0,0,0,0,0,0,5,0.6671226582593858,0.3910549766342248,0.0,0.0,0.0,0.0,-1614.0,0,1,0,0,0,0,0,0,0,0,0,0,0,0,0,0,0,0,0,0,0.0,0.0,0.0,0.0,1.0,4.0,61,1,6.899215561366212,0.2932644943370789,6.899215561366212
0,0,0,1,0,72000.0,206280.0,9616.5,135000.0,6,7,1,3,1,0.0228,-8759.0,-615,1,1,1,1,1,0,18,1.0,2,2,4,11,0,0,0,0,0,0,56,0.6188267362218189,0.5352762504724826,0.0,0.0,0.0,0.0,-362.0,0,1,0,0,0,0,0,0,0,0,0,0,0,0,0,0,0,0,0,0,0.0,0.0,0.0,1.0,0.0,0.0,46,4,2.864960208885988,0.1335606449910417,2.864960208885988
0,0,0,1,0,121500.0,630000.0,18549.0,630000.0,6,3,4,0,1,0.015221,-4501.0,-4627,1,0,0,1,1,0,18,2.0,2,2,6,9,0,0,0,0,0,0,57,0.2705961919227702,0.5744466170995097,0.0,0.0,0.0,0.0,-1581.0,0,1,0,0,0,0,0,0,0,0,0,0,0,0,0,0,0,0,0,0,0.0,0.0,0.0,1.0,0.0,1.0,64,0,5.185142509115152,0.1526654101612332,5.185142509115152
1,0,0,1,0,157500.0,270000.0,13500.0,270000.0,6,7,1,0,1,0.0066709999999999,-10873.0,-3485,1,1,0,1,0,0,14,2.0,2,2,5,13,0,0,0,0,0,0,42,0.600516887217593,0.5352762504724826,1.0,0.0,1.0,0.0,-522.0,0,0,0,0,0,0,0,0,0,0,0,0,0,0,0,0,0,0,0,0,0.0,0.0,0.0,0.0,0.0,1.0,29,1,1.7142748300010793,0.0857137415000539,1.7142748300010793
0,1,0,1,0,112500.0,295168.5,16141.5,238500.0,1,7,4,3,1,0.030755,-162.0,-2870,1,1,0,1,0,1,8,1.0,2,2,6,13,0,0,0,0,1,1,42,0.520076458029427,0.5352762504724826,4.0,1.0,4.0,1.0,-1377.0,0,1,0,0,0,0,0,0,0,0,0,0,0,0,0,0,0,0,0,0,0.0,0.0,0.0,1.0,1.0,4.0,32,8,2.623696678251749,0.1434787246335588,2.623696678251749
0,0,0,1,0,171000.0,414229.5,15745.5,342000.0,6,1,4,1,2,0.0096569999999999,-4878.0,-4970,1,1,0,1,1,0,14,2.0,2,2,5,14,0,0,0,0,0,0,5,0.5535138512211221,0.4848514754962666,0.0,0.0,0.0,0.0,-124.0,0,1,0,0,0,0,0,0,0,0,0,0,0,0,0,0,0,0,0,0,0.0,0.0,0.0,0.0,0.0,2.0,38,8,2.4223805708738544,0.0920784088981935,2.4223805708738544
0,0,0,0,1,135000.0,314100.0,16164.0,225000.0,6,1,4,2,1,0.04622,-4998.0,-2252,1,1,0,1,0,0,8,2.0,1,1,4,16,0,0,0,1,1,0,5,0.2846494549495978,0.656158373001177,3.0,2.0,3.0,2.0,0.0,0,1,0,0,0,0,0,0,0,0,0,0,0,0,0,0,0,0,0,0,0.0,0.0,0.0,0.0,0.0,1.0,28,0,2.326649432226428,0.1197324464263227,2.326649432226428
